"","Region_from","Region_to","Commune_from","Commune_to","avg_contacts","avg_prob"
"1","Beni Mellal-Khenifra","Beni Mellal-Khenifra","Aguelmouss","Aguelmouss",7.65217391304348,0.0206639505999801
"2","Beni Mellal-Khenifra","Beni Mellal-Khenifra","Aguelmouss","Ait Saadelli",1,0.00332502078137988
"3","Beni Mellal-Khenifra","Beni Mellal-Khenifra","Aguelmouss","Bni Ayat",1,0.0126766417290108
"4","Beni Mellal-Khenifra","Beni Mellal-Khenifra","Aguelmouss","Bni Oukil",1.18181818181818,0.0134890047608252
"5","Beni Mellal-Khenifra","Beni Mellal-Khenifra","Aguelmouss","Bni Ykhlef",1,0.0174563591022444
"6","Beni Mellal-Khenifra","Beni Mellal-Khenifra","Aguelmouss","El Borj",1.76923076923077,0.0151544216382122
"7","Beni Mellal-Khenifra","Beni Mellal-Khenifra","Aguelmouss","El Hammam",1.55555555555556,0.0254918259905791
"8","Beni Mellal-Khenifra","Beni Mellal-Khenifra","Aguelmouss","Fkih Ben Salah",1,0.0224438902743142
"9","Beni Mellal-Khenifra","Beni Mellal-Khenifra","Aguelmouss","Had Bouhssoussen",1,0.0147547797173732
"10","Beni Mellal-Khenifra","Beni Mellal-Khenifra","Aguelmouss","Khmis Bni Chegdale",1.78260869565217,0.0163540424301565
"11","Beni Mellal-Khenifra","Beni Mellal-Khenifra","Aguelmouss","Krifate",1,0.0255610972568579
"12","Beni Mellal-Khenifra","Beni Mellal-Khenifra","Aguelmouss","Lagnadiz",1,0.00623441396508728
"13","Beni Mellal-Khenifra","Beni Mellal-Khenifra","Aguelmouss","Oulad Abdoune",1,0.0220282626766417
"14","Beni Mellal-Khenifra","Beni Mellal-Khenifra","Aguelmouss","Oulad Boughadi",1,0.00498753117206983
"15","Beni Mellal-Khenifra","Beni Mellal-Khenifra","Aguelmouss","Oulad Zmam",1.27777777777778,0.0177334441673594
"16","Beni Mellal-Khenifra","Beni Mellal-Khenifra","Aguelmouss","Oum Rabia",1,0.0118453865336658
"17","Beni Mellal-Khenifra","Beni Mellal-Khenifra","Aguelmouss","Sidi Hcine",1,0.0160016625103907
"18","Beni Mellal-Khenifra","Beni Mellal-Khenifra","Aguelmouss","Sidi Yacoub",2,0.00408700471044611
"19","Beni Mellal-Khenifra","Beni Mellal-Khenifra","Aguelmouss","Tanourdi",1,0.0164588528678304
"20","Beni Mellal-Khenifra","Beni Mellal-Khenifra","Aguelmouss","Tighassaline",1,0.0259767248545303
"21","Beni Mellal-Khenifra","Beni Mellal-Khenifra","Ait Saadelli","Aguelmouss",5,0.00698254364089776
"22","Beni Mellal-Khenifra","Beni Mellal-Khenifra","Ait Saadelli","Bni Oukil",4,0.0118453865336658
"23","Beni Mellal-Khenifra","Beni Mellal-Khenifra","Ait Saadelli","Bni Ykhlef",1,0.00249376558603491
"24","Beni Mellal-Khenifra","Beni Mellal-Khenifra","Ait Saadelli","El Borj",1,0.0174563591022444
"25","Beni Mellal-Khenifra","Beni Mellal-Khenifra","Ait Saadelli","El Hammam",2,0.00498753117206983
"26","Beni Mellal-Khenifra","Beni Mellal-Khenifra","Ait Saadelli","Krifate",1,0.00249376558603491
"27","Beni Mellal-Khenifra","Beni Mellal-Khenifra","Ait Saadelli","Lagnadiz",1,0.00249376558603491
"28","Beni Mellal-Khenifra","Beni Mellal-Khenifra","Ait Saadelli","Oulad Abdoune",1,0.00249376558603491
"29","Beni Mellal-Khenifra","Beni Mellal-Khenifra","Ait Saadelli","Oulad Boughadi",1,0.0199501246882793
"30","Beni Mellal-Khenifra","Beni Mellal-Khenifra","Ait Saadelli","Sidi Yacoub",3,0.0141313383208645
"31","Beni Mellal-Khenifra","Beni Mellal-Khenifra","Bni Ayat","Aguelmouss",6,0.0236907730673317
"32","Beni Mellal-Khenifra","Beni Mellal-Khenifra","Bni Ayat","El Borj",1,0.00249376558603491
"33","Beni Mellal-Khenifra","Beni Mellal-Khenifra","Bni Ayat","Khmis Bni Chegdale",3,0.00332502078137988
"34","Beni Mellal-Khenifra","Beni Mellal-Khenifra","Bni Ayat","Oum Rabia",1,0.00249376558603491
"35","Beni Mellal-Khenifra","Beni Mellal-Khenifra","Bni Ayat","Sidi Hcine",1,0.0174563591022444
"36","Beni Mellal-Khenifra","Beni Mellal-Khenifra","Bni Ayat","Tanourdi",1,0.0124688279301746
"37","Beni Mellal-Khenifra","Beni Mellal-Khenifra","Bni Ayat","Tighassaline",1,0.00498753117206983
"38","Beni Mellal-Khenifra","Beni Mellal-Khenifra","Bni Oukil","Aguelmouss",6.5,0.0144282151763449
"39","Beni Mellal-Khenifra","Beni Mellal-Khenifra","Bni Oukil","Ait Saadelli",1,0.013715710723192
"40","Beni Mellal-Khenifra","Beni Mellal-Khenifra","Bni Oukil","Bni Ayat",1,0.00249376558603491
"41","Beni Mellal-Khenifra","Beni Mellal-Khenifra","Bni Oukil","Bni Oukil",1.8,0.0468827930174564
"42","Beni Mellal-Khenifra","Beni Mellal-Khenifra","Bni Oukil","Bni Ykhlef",1,0.0224438902743142
"43","Beni Mellal-Khenifra","Beni Mellal-Khenifra","Bni Oukil","El Borj",1.25,0.00654613466334165
"44","Beni Mellal-Khenifra","Beni Mellal-Khenifra","Bni Oukil","El Hammam",1.5,0.0140274314214464
"45","Beni Mellal-Khenifra","Beni Mellal-Khenifra","Bni Oukil","Fkih Ben Salah",1,0.0324189526184539
"46","Beni Mellal-Khenifra","Beni Mellal-Khenifra","Bni Oukil","Had Bouhssoussen",1,0.00748129675810474
"47","Beni Mellal-Khenifra","Beni Mellal-Khenifra","Bni Oukil","Khmis Bni Chegdale",3,0.00415627597672485
"48","Beni Mellal-Khenifra","Beni Mellal-Khenifra","Bni Oukil","Krifate",1,0.0804239401496259
"49","Beni Mellal-Khenifra","Beni Mellal-Khenifra","Bni Oukil","Lagnadiz",1,0.00748129675810474
"50","Beni Mellal-Khenifra","Beni Mellal-Khenifra","Bni Oukil","Oulad Abdoune",1,0.0124688279301746
"51","Beni Mellal-Khenifra","Beni Mellal-Khenifra","Bni Oukil","Oulad Boughadi",1,0.0241064006650042
"52","Beni Mellal-Khenifra","Beni Mellal-Khenifra","Bni Oukil","Oulad M'Barek",1,0.0166251039068994
"53","Beni Mellal-Khenifra","Beni Mellal-Khenifra","Bni Oukil","Oulad Zmam",1,0.0249376558603491
"54","Beni Mellal-Khenifra","Beni Mellal-Khenifra","Bni Oukil","Sidi Amar",1,0.0149625935162095
"55","Beni Mellal-Khenifra","Beni Mellal-Khenifra","Bni Oukil","Sidi Yacoub",3.33333333333333,0.0104183984483236
"56","Beni Mellal-Khenifra","Beni Mellal-Khenifra","Bni Ykhlef","Aguelmouss",11,0.0160961233280435
"57","Beni Mellal-Khenifra","Beni Mellal-Khenifra","Bni Ykhlef","Bni Oukil",2,0.00997506234413965
"58","Beni Mellal-Khenifra","Beni Mellal-Khenifra","Bni Ykhlef","El Borj",2,0.00748129675810474
"59","Beni Mellal-Khenifra","Beni Mellal-Khenifra","Bni Ykhlef","El Hammam",2,0.0236907730673317
"60","Beni Mellal-Khenifra","Beni Mellal-Khenifra","Bni Ykhlef","Fkih Ben Salah",1,0.0249376558603491
"61","Beni Mellal-Khenifra","Beni Mellal-Khenifra","Bni Ykhlef","Had Bouhssoussen",1,0.00748129675810474
"62","Beni Mellal-Khenifra","Beni Mellal-Khenifra","Bni Ykhlef","Khmis Bni Chegdale",3,0.0058187863674148
"63","Beni Mellal-Khenifra","Beni Mellal-Khenifra","Bni Ykhlef","Krifate",1,0.0448877805486284
"64","Beni Mellal-Khenifra","Beni Mellal-Khenifra","Bni Ykhlef","Oulad Abdoune",1,0.027431421446384
"65","Beni Mellal-Khenifra","Beni Mellal-Khenifra","Bni Ykhlef","Oulad Zmam",1,0.0423940149625935
"66","Beni Mellal-Khenifra","Beni Mellal-Khenifra","Bni Ykhlef","Sidi Hcine",1,0.00249376558603491
"67","Beni Mellal-Khenifra","Beni Mellal-Khenifra","El Borj","Aguelmouss",7.33333333333333,0.0138080724115637
"68","Beni Mellal-Khenifra","Beni Mellal-Khenifra","El Borj","Ait Saadelli",1,0.027431421446384
"69","Beni Mellal-Khenifra","Beni Mellal-Khenifra","El Borj","Bni Ayat",1,0.0286783042394015
"70","Beni Mellal-Khenifra","Beni Mellal-Khenifra","El Borj","Bni Oukil",2,0.00748129675810474
"71","Beni Mellal-Khenifra","Beni Mellal-Khenifra","El Borj","Bni Ykhlef",1,0.00249376558603491
"72","Beni Mellal-Khenifra","Beni Mellal-Khenifra","El Borj","El Borj",1,0.0199501246882793
"73","Beni Mellal-Khenifra","Beni Mellal-Khenifra","El Borj","El Hammam",1,0.00374064837905237
"74","Beni Mellal-Khenifra","Beni Mellal-Khenifra","El Borj","Fkih Ben Salah",1,0.00249376558603491
"75","Beni Mellal-Khenifra","Beni Mellal-Khenifra","El Borj","Had Bouhssoussen",1,0.0199501246882793
"76","Beni Mellal-Khenifra","Beni Mellal-Khenifra","El Borj","Khmis Bni Chegdale",3,0.0257689110556941
"77","Beni Mellal-Khenifra","Beni Mellal-Khenifra","El Borj","Krifate",1,0.00249376558603491
"78","Beni Mellal-Khenifra","Beni Mellal-Khenifra","El Borj","Oulad Abdoune",1,0.00997506234413965
"79","Beni Mellal-Khenifra","Beni Mellal-Khenifra","El Borj","Oulad Boughadi",1,0.0249376558603491
"80","Beni Mellal-Khenifra","Beni Mellal-Khenifra","El Borj","Oulad Zmam",1,0.00249376558603491
"81","Beni Mellal-Khenifra","Beni Mellal-Khenifra","El Borj","Sidi Hcine",1,0.0211970074812968
"82","Beni Mellal-Khenifra","Beni Mellal-Khenifra","El Borj","Sidi Yacoub",3,0.0133000831255195
"83","Beni Mellal-Khenifra","Beni Mellal-Khenifra","El Borj","Tanourdi",1,0.0211970074812968
"84","Beni Mellal-Khenifra","Beni Mellal-Khenifra","El Hammam","Aguelmouss",7.75,0.0146225345726593
"85","Beni Mellal-Khenifra","Beni Mellal-Khenifra","El Hammam","Ait Saadelli",1,0.00249376558603491
"86","Beni Mellal-Khenifra","Beni Mellal-Khenifra","El Hammam","Bni Ayat",1,0.00623441396508728
"87","Beni Mellal-Khenifra","Beni Mellal-Khenifra","El Hammam","Bni Oukil",1.66666666666667,0.00665004156275977
"88","Beni Mellal-Khenifra","Beni Mellal-Khenifra","El Hammam","Bni Ykhlef",1,0.00623441396508728
"89","Beni Mellal-Khenifra","Beni Mellal-Khenifra","El Hammam","El Borj",1.5,0.0162094763092269
"90","Beni Mellal-Khenifra","Beni Mellal-Khenifra","El Hammam","El Hammam",1,0.0261845386533666
"91","Beni Mellal-Khenifra","Beni Mellal-Khenifra","El Hammam","Fkih Ben Salah",1,0.027431421446384
"92","Beni Mellal-Khenifra","Beni Mellal-Khenifra","El Hammam","Had Bouhssoussen",1,0.0224438902743142
"93","Beni Mellal-Khenifra","Beni Mellal-Khenifra","El Hammam","Khmis Bni Chegdale",2.33333333333333,0.0185646993627043
"94","Beni Mellal-Khenifra","Beni Mellal-Khenifra","El Hammam","Krifate",1,0.0336658354114713
"95","Beni Mellal-Khenifra","Beni Mellal-Khenifra","El Hammam","Lagnadiz",1,0.00249376558603491
"96","Beni Mellal-Khenifra","Beni Mellal-Khenifra","El Hammam","Oulad Abdoune",1,0.00872817955112219
"97","Beni Mellal-Khenifra","Beni Mellal-Khenifra","El Hammam","Oulad Boughadi",1,0.0124688279301746
"98","Beni Mellal-Khenifra","Beni Mellal-Khenifra","El Hammam","Oulad M'Barek",1,0.00249376558603491
"99","Beni Mellal-Khenifra","Beni Mellal-Khenifra","El Hammam","Oulad Zmam",1.33333333333333,0.0249376558603491
"100","Beni Mellal-Khenifra","Beni Mellal-Khenifra","El Hammam","Sidi Hcine",1,0.00498753117206983
"101","Beni Mellal-Khenifra","Beni Mellal-Khenifra","El Hammam","Sidi Yacoub",3,0.0112219451371571
"102","Beni Mellal-Khenifra","Beni Mellal-Khenifra","El Hammam","Tanourdi",1,0.00748129675810474
"103","Beni Mellal-Khenifra","Beni Mellal-Khenifra","El Hammam","Tighassaline",1,0.0199501246882793
"104","Beni Mellal-Khenifra","Beni Mellal-Khenifra","Fkih Ben Salah","Aguelmouss",12,0.015378221113882
"105","Beni Mellal-Khenifra","Beni Mellal-Khenifra","Fkih Ben Salah","Bni Ayat",1,0.00997506234413965
"106","Beni Mellal-Khenifra","Beni Mellal-Khenifra","Fkih Ben Salah","El Borj",2,0.0324189526184539
"107","Beni Mellal-Khenifra","Beni Mellal-Khenifra","Fkih Ben Salah","El Hammam",2,0.0199501246882793
"108","Beni Mellal-Khenifra","Beni Mellal-Khenifra","Fkih Ben Salah","Had Bouhssoussen",1,0.0399002493765586
"109","Beni Mellal-Khenifra","Beni Mellal-Khenifra","Fkih Ben Salah","Khmis Bni Chegdale",3,0.0241064006650042
"110","Beni Mellal-Khenifra","Beni Mellal-Khenifra","Fkih Ben Salah","Krifate",1,0.0174563591022444
"111","Beni Mellal-Khenifra","Beni Mellal-Khenifra","Fkih Ben Salah","Oulad Zmam",1,0.0224438902743142
"112","Beni Mellal-Khenifra","Beni Mellal-Khenifra","Fkih Ben Salah","Sidi Hcine",1,0.00249376558603491
"113","Beni Mellal-Khenifra","Beni Mellal-Khenifra","Fkih Ben Salah","Tanourdi",1,0.00748129675810474
"114","Beni Mellal-Khenifra","Beni Mellal-Khenifra","Had Bouhssoussen","Aguelmouss",8,0.0218204488778055
"115","Beni Mellal-Khenifra","Beni Mellal-Khenifra","Had Bouhssoussen","Bni Ayat",1,0.0149625935162095
"116","Beni Mellal-Khenifra","Beni Mellal-Khenifra","Had Bouhssoussen","El Borj",2,0.0286783042394015
"117","Beni Mellal-Khenifra","Beni Mellal-Khenifra","Had Bouhssoussen","El Hammam",1,0.00498753117206983
"118","Beni Mellal-Khenifra","Beni Mellal-Khenifra","Had Bouhssoussen","Fkih Ben Salah",1,0.00249376558603491
"119","Beni Mellal-Khenifra","Beni Mellal-Khenifra","Had Bouhssoussen","Khmis Bni Chegdale",3,0.0199501246882793
"120","Beni Mellal-Khenifra","Beni Mellal-Khenifra","Had Bouhssoussen","Krifate",1,0.00249376558603491
"121","Beni Mellal-Khenifra","Beni Mellal-Khenifra","Had Bouhssoussen","Oulad Zmam",1,0.00249376558603491
"122","Beni Mellal-Khenifra","Beni Mellal-Khenifra","Had Bouhssoussen","Oum Rabia",1,0.00249376558603491
"123","Beni Mellal-Khenifra","Beni Mellal-Khenifra","Had Bouhssoussen","Sidi Hcine",1,0.0149625935162095
"124","Beni Mellal-Khenifra","Beni Mellal-Khenifra","Had Bouhssoussen","Tanourdi",1,0.029925187032419
"125","Beni Mellal-Khenifra","Beni Mellal-Khenifra","Khmis Bni Chegdale","Aguelmouss",7,0.0166176819855124
"126","Beni Mellal-Khenifra","Beni Mellal-Khenifra","Khmis Bni Chegdale","Bni Ayat",1,0.029093931837074
"127","Beni Mellal-Khenifra","Beni Mellal-Khenifra","Khmis Bni Chegdale","Bni Oukil",1,0.0224438902743142
"128","Beni Mellal-Khenifra","Beni Mellal-Khenifra","Khmis Bni Chegdale","El Borj",1.75,0.00872817955112219
"129","Beni Mellal-Khenifra","Beni Mellal-Khenifra","Khmis Bni Chegdale","El Hammam",1,0.00748129675810474
"130","Beni Mellal-Khenifra","Beni Mellal-Khenifra","Khmis Bni Chegdale","Fkih Ben Salah",1,0.00498753117206983
"131","Beni Mellal-Khenifra","Beni Mellal-Khenifra","Khmis Bni Chegdale","Had Bouhssoussen",1,0.00997506234413965
"132","Beni Mellal-Khenifra","Beni Mellal-Khenifra","Khmis Bni Chegdale","Khmis Bni Chegdale",2,0.0211970074812968
"133","Beni Mellal-Khenifra","Beni Mellal-Khenifra","Khmis Bni Chegdale","Krifate",1,0.00249376558603491
"134","Beni Mellal-Khenifra","Beni Mellal-Khenifra","Khmis Bni Chegdale","Lagnadiz",1,0.0149625935162095
"135","Beni Mellal-Khenifra","Beni Mellal-Khenifra","Khmis Bni Chegdale","Oulad Zmam",1.25,0.00374064837905237
"136","Beni Mellal-Khenifra","Beni Mellal-Khenifra","Khmis Bni Chegdale","Oum Rabia",1,0.00249376558603491
"137","Beni Mellal-Khenifra","Beni Mellal-Khenifra","Khmis Bni Chegdale","Sidi Hcine",1,0.0207813798836243
"138","Beni Mellal-Khenifra","Beni Mellal-Khenifra","Khmis Bni Chegdale","Sidi Yacoub",4,0.00935162094763092
"139","Beni Mellal-Khenifra","Beni Mellal-Khenifra","Khmis Bni Chegdale","Tanourdi",1,0.029925187032419
"140","Beni Mellal-Khenifra","Beni Mellal-Khenifra","Khmis Bni Chegdale","Tighassaline",1,0.00374064837905237
"141","Beni Mellal-Khenifra","Beni Mellal-Khenifra","Krifate","Aguelmouss",11,0.0149625935162095
"142","Beni Mellal-Khenifra","Beni Mellal-Khenifra","Krifate","Bni Ayat",1,0.0149625935162095
"143","Beni Mellal-Khenifra","Beni Mellal-Khenifra","Krifate","Bni Oukil",1,0.00748129675810474
"144","Beni Mellal-Khenifra","Beni Mellal-Khenifra","Krifate","El Borj",2,0.0336658354114713
"145","Beni Mellal-Khenifra","Beni Mellal-Khenifra","Krifate","El Hammam",1,0.0324189526184539
"146","Beni Mellal-Khenifra","Beni Mellal-Khenifra","Krifate","Fkih Ben Salah",1,0.0324189526184539
"147","Beni Mellal-Khenifra","Beni Mellal-Khenifra","Krifate","Had Bouhssoussen",1,0.027431421446384
"148","Beni Mellal-Khenifra","Beni Mellal-Khenifra","Krifate","Khmis Bni Chegdale",3,0.0249376558603491
"149","Beni Mellal-Khenifra","Beni Mellal-Khenifra","Krifate","Oulad Zmam",1,0.0249376558603491
"150","Beni Mellal-Khenifra","Beni Mellal-Khenifra","Krifate","Sidi Hcine",1,0.00748129675810474
"151","Beni Mellal-Khenifra","Beni Mellal-Khenifra","Krifate","Tanourdi",1,0.00997506234413965
"152","Beni Mellal-Khenifra","Beni Mellal-Khenifra","Lagnadiz","Aguelmouss",2,0.00249376558603491
"153","Beni Mellal-Khenifra","Beni Mellal-Khenifra","Lagnadiz","Ait Saadelli",1,0.0174563591022444
"154","Beni Mellal-Khenifra","Beni Mellal-Khenifra","Lagnadiz","Bni Oukil",3,0.0116375727348296
"155","Beni Mellal-Khenifra","Beni Mellal-Khenifra","Lagnadiz","El Borj",1,0.0174563591022444
"156","Beni Mellal-Khenifra","Beni Mellal-Khenifra","Lagnadiz","El Hammam",1,0.0149625935162095
"157","Beni Mellal-Khenifra","Beni Mellal-Khenifra","Lagnadiz","Oulad Abdoune",1,0.00498753117206983
"158","Beni Mellal-Khenifra","Beni Mellal-Khenifra","Lagnadiz","Oulad Boughadi",1,0.00498753117206983
"159","Beni Mellal-Khenifra","Beni Mellal-Khenifra","Lagnadiz","Oulad Zmam",1,0.00498753117206983
"160","Beni Mellal-Khenifra","Beni Mellal-Khenifra","Lagnadiz","Sidi Yacoub",5,0.0129675810473815
"161","Beni Mellal-Khenifra","Beni Mellal-Khenifra","Oulad Abdoune","Aguelmouss",11,0.0163228292904103
"162","Beni Mellal-Khenifra","Beni Mellal-Khenifra","Oulad Abdoune","Bni Ayat",1,0.00249376558603491
"163","Beni Mellal-Khenifra","Beni Mellal-Khenifra","Oulad Abdoune","Bni Oukil",1,0.0249376558603491
"164","Beni Mellal-Khenifra","Beni Mellal-Khenifra","Oulad Abdoune","Bni Ykhlef",1,0.0324189526184539
"165","Beni Mellal-Khenifra","Beni Mellal-Khenifra","Oulad Abdoune","El Borj",2,0.00498753117206983
"166","Beni Mellal-Khenifra","Beni Mellal-Khenifra","Oulad Abdoune","El Hammam",2,0.0249376558603491
"167","Beni Mellal-Khenifra","Beni Mellal-Khenifra","Oulad Abdoune","Fkih Ben Salah",1,0.0349127182044888
"168","Beni Mellal-Khenifra","Beni Mellal-Khenifra","Oulad Abdoune","Had Bouhssoussen",1,0.00498753117206983
"169","Beni Mellal-Khenifra","Beni Mellal-Khenifra","Oulad Abdoune","Khmis Bni Chegdale",3,0.00748129675810474
"170","Beni Mellal-Khenifra","Beni Mellal-Khenifra","Oulad Abdoune","Krifate",1,0.0374064837905237
"171","Beni Mellal-Khenifra","Beni Mellal-Khenifra","Oulad Abdoune","Oulad Zmam",1,0.0374064837905237
"172","Beni Mellal-Khenifra","Beni Mellal-Khenifra","Oulad Boughadi","Aguelmouss",7,0.0167438546490916
"173","Beni Mellal-Khenifra","Beni Mellal-Khenifra","Oulad Boughadi","Bni Oukil",2,0.0174563591022444
"174","Beni Mellal-Khenifra","Beni Mellal-Khenifra","Oulad Boughadi","Bni Ykhlef",1,0.0149625935162095
"175","Beni Mellal-Khenifra","Beni Mellal-Khenifra","Oulad Boughadi","El Borj",1,0.00249376558603491
"176","Beni Mellal-Khenifra","Beni Mellal-Khenifra","Oulad Boughadi","El Hammam",2,0.00748129675810474
"177","Beni Mellal-Khenifra","Beni Mellal-Khenifra","Oulad Boughadi","Fkih Ben Salah",1,0.00249376558603491
"178","Beni Mellal-Khenifra","Beni Mellal-Khenifra","Oulad Boughadi","Khmis Bni Chegdale",1,0.00249376558603491
"179","Beni Mellal-Khenifra","Beni Mellal-Khenifra","Oulad Boughadi","Krifate",1,0.00748129675810474
"180","Beni Mellal-Khenifra","Beni Mellal-Khenifra","Oulad Boughadi","Oulad Abdoune",1,0.0174563591022444
"181","Beni Mellal-Khenifra","Beni Mellal-Khenifra","Oulad Boughadi","Oulad Zmam",1,0.0149625935162095
"182","Beni Mellal-Khenifra","Beni Mellal-Khenifra","Oulad Boughadi","Sidi Yacoub",1,0.00498753117206983
"183","Beni Mellal-Khenifra","Beni Mellal-Khenifra","Oulad M'Barek","Bni Oukil",2,0.160847880299252
"184","Beni Mellal-Khenifra","Beni Mellal-Khenifra","Oulad M'Barek","Krifate",1,0.0623441396508728
"185","Beni Mellal-Khenifra","Beni Mellal-Khenifra","Oulad M'Barek","Sidi Amar",1,0.029925187032419
"186","Beni Mellal-Khenifra","Beni Mellal-Khenifra","Oulad Zmam","Aguelmouss",10,0.0283760296229124
"187","Beni Mellal-Khenifra","Beni Mellal-Khenifra","Oulad Zmam","Ait Saadelli",1,0.027431421446384
"188","Beni Mellal-Khenifra","Beni Mellal-Khenifra","Oulad Zmam","Bni Ayat",1,0.0149625935162095
"189","Beni Mellal-Khenifra","Beni Mellal-Khenifra","Oulad Zmam","Bni Oukil",3,0.0108063175394846
"190","Beni Mellal-Khenifra","Beni Mellal-Khenifra","Oulad Zmam","Bni Ykhlef",1,0.00374064837905237
"191","Beni Mellal-Khenifra","Beni Mellal-Khenifra","Oulad Zmam","El Borj",1.5,0.0155860349127182
"192","Beni Mellal-Khenifra","Beni Mellal-Khenifra","Oulad Zmam","El Hammam",1.33333333333333,0.0315876974231089
"193","Beni Mellal-Khenifra","Beni Mellal-Khenifra","Oulad Zmam","Fkih Ben Salah",1,0.0324189526184539
"194","Beni Mellal-Khenifra","Beni Mellal-Khenifra","Oulad Zmam","Had Bouhssoussen",1,0.0349127182044888
"195","Beni Mellal-Khenifra","Beni Mellal-Khenifra","Oulad Zmam","Khmis Bni Chegdale",2,0.029093931837074
"196","Beni Mellal-Khenifra","Beni Mellal-Khenifra","Oulad Zmam","Krifate",1,0.0149625935162095
"197","Beni Mellal-Khenifra","Beni Mellal-Khenifra","Oulad Zmam","Lagnadiz",1,0.0162094763092269
"198","Beni Mellal-Khenifra","Beni Mellal-Khenifra","Oulad Zmam","Oulad Abdoune",1,0.00498753117206983
"199","Beni Mellal-Khenifra","Beni Mellal-Khenifra","Oulad Zmam","Oulad Boughadi",1,0.00249376558603491
"200","Beni Mellal-Khenifra","Beni Mellal-Khenifra","Oulad Zmam","Sidi Hcine",1,0.00249376558603491
"201","Beni Mellal-Khenifra","Beni Mellal-Khenifra","Oulad Zmam","Sidi Yacoub",3,0.00872817955112219
"202","Beni Mellal-Khenifra","Beni Mellal-Khenifra","Oulad Zmam","Tanourdi",1,0.00748129675810474
"203","Beni Mellal-Khenifra","Beni Mellal-Khenifra","Oulad Zmam","Tighassaline",1,0.0748129675810474
"204","Beni Mellal-Khenifra","Beni Mellal-Khenifra","Oum Rabia","Bni Oukil",2,0.00498753117206983
"205","Beni Mellal-Khenifra","Beni Mellal-Khenifra","Oum Rabia","Krifate",1,0.00249376558603491
"206","Beni Mellal-Khenifra","Beni Mellal-Khenifra","Oum Rabia","Oulad M'Barek",1,0.0174563591022444
"207","Beni Mellal-Khenifra","Beni Mellal-Khenifra","Oum Rabia","Sidi Amar",1,0.0448877805486284
"208","Beni Mellal-Khenifra","Beni Mellal-Khenifra","Oum Rabia","Tighassaline",1,0.119700748129676
"209","Beni Mellal-Khenifra","Beni Mellal-Khenifra","Sidi Amar","Bni Oukil",2,0.125935162094763
"210","Beni Mellal-Khenifra","Beni Mellal-Khenifra","Sidi Amar","Krifate",1,0.0399002493765586
"211","Beni Mellal-Khenifra","Beni Mellal-Khenifra","Sidi Amar","Oulad M'Barek",1,0.162094763092269
"212","Beni Mellal-Khenifra","Beni Mellal-Khenifra","Sidi Hcine","Aguelmouss",5,0.0259351620947631
"213","Beni Mellal-Khenifra","Beni Mellal-Khenifra","Sidi Hcine","Bni Ayat",1,0.0199501246882793
"214","Beni Mellal-Khenifra","Beni Mellal-Khenifra","Sidi Hcine","El Borj",1,0.00249376558603491
"215","Beni Mellal-Khenifra","Beni Mellal-Khenifra","Sidi Hcine","Khmis Bni Chegdale",1,0.00498753117206983
"216","Beni Mellal-Khenifra","Beni Mellal-Khenifra","Sidi Hcine","Oum Rabia",1,0.00498753117206983
"217","Beni Mellal-Khenifra","Beni Mellal-Khenifra","Sidi Hcine","Tanourdi",1,0.00997506234413965
"218","Beni Mellal-Khenifra","Beni Mellal-Khenifra","Sidi Hcine","Tighassaline",1,0.00997506234413965
"219","Beni Mellal-Khenifra","Beni Mellal-Khenifra","Sidi Yacoub","Aguelmouss",4.25,0.0100285001781261
"220","Beni Mellal-Khenifra","Beni Mellal-Khenifra","Sidi Yacoub","Ait Saadelli",1,0.0130922693266833
"221","Beni Mellal-Khenifra","Beni Mellal-Khenifra","Sidi Yacoub","Bni Oukil",3.2,0.0130091438071488
"222","Beni Mellal-Khenifra","Beni Mellal-Khenifra","Sidi Yacoub","Bni Ykhlef",1,0.00872817955112219
"223","Beni Mellal-Khenifra","Beni Mellal-Khenifra","Sidi Yacoub","El Borj",1,0.0134663341645885
"224","Beni Mellal-Khenifra","Beni Mellal-Khenifra","Sidi Yacoub","El Hammam",1,0.0129675810473815
"225","Beni Mellal-Khenifra","Beni Mellal-Khenifra","Sidi Yacoub","Had Bouhssoussen",1,0.00249376558603491
"226","Beni Mellal-Khenifra","Beni Mellal-Khenifra","Sidi Yacoub","Krifate",1,0.00498753117206983
"227","Beni Mellal-Khenifra","Beni Mellal-Khenifra","Sidi Yacoub","Lagnadiz",1,0.00997506234413965
"228","Beni Mellal-Khenifra","Beni Mellal-Khenifra","Sidi Yacoub","Oulad Abdoune",1,0.00685785536159601
"229","Beni Mellal-Khenifra","Beni Mellal-Khenifra","Sidi Yacoub","Oulad Boughadi",1,0.0164588528678304
"230","Beni Mellal-Khenifra","Beni Mellal-Khenifra","Sidi Yacoub","Oulad Zmam",1,0.00665004156275977
"231","Beni Mellal-Khenifra","Beni Mellal-Khenifra","Sidi Yacoub","Sidi Yacoub",3,0.0127182044887781
"232","Beni Mellal-Khenifra","Beni Mellal-Khenifra","Tanourdi","Aguelmouss",6,0.0187032418952618
"233","Beni Mellal-Khenifra","Beni Mellal-Khenifra","Tanourdi","Bni Ayat",1,0.0199501246882793
"234","Beni Mellal-Khenifra","Beni Mellal-Khenifra","Tanourdi","El Borj",1,0.00498753117206983
"235","Beni Mellal-Khenifra","Beni Mellal-Khenifra","Tanourdi","Khmis Bni Chegdale",3,0.00415627597672485
"236","Beni Mellal-Khenifra","Beni Mellal-Khenifra","Tanourdi","Oum Rabia",1,0.00249376558603491
"237","Beni Mellal-Khenifra","Beni Mellal-Khenifra","Tanourdi","Sidi Hcine",1,0.0249376558603491
"238","Beni Mellal-Khenifra","Beni Mellal-Khenifra","Tanourdi","Tighassaline",1,0.00997506234413965
"239","Beni Mellal-Khenifra","Beni Mellal-Khenifra","Tighassaline","Aguelmouss",8,0.0283665835411471
"240","Beni Mellal-Khenifra","Beni Mellal-Khenifra","Tighassaline","Bni Oukil",1,0.00623441396508728
"241","Beni Mellal-Khenifra","Beni Mellal-Khenifra","Tighassaline","El Hammam",2,0.0236907730673317
"242","Beni Mellal-Khenifra","Beni Mellal-Khenifra","Tighassaline","Khmis Bni Chegdale",1,0.0423940149625935
"243","Beni Mellal-Khenifra","Beni Mellal-Khenifra","Tighassaline","Krifate",1,0.00249376558603491
"244","Beni Mellal-Khenifra","Beni Mellal-Khenifra","Tighassaline","Lagnadiz",1,0.00498753117206983
"245","Beni Mellal-Khenifra","Beni Mellal-Khenifra","Tighassaline","Oulad M'Barek",1,0.0149625935162095
"246","Beni Mellal-Khenifra","Beni Mellal-Khenifra","Tighassaline","Oulad Zmam",2,0.00498753117206983
"247","Beni Mellal-Khenifra","Beni Mellal-Khenifra","Tighassaline","Oum Rabia",1,0.0972568578553616
"248","Beni Mellal-Khenifra","Beni Mellal-Khenifra","Tighassaline","Sidi Amar",1,0.0498753117206983
"249","Beni Mellal-Khenifra","Beni Mellal-Khenifra","Tighassaline","Sidi Yacoub",2,0.00498753117206983
"250","Beni Mellal-Khenifra","Casablanca-Settat","Aguelmouss","Bouznika",1,0.00623441396508728
"251","Beni Mellal-Khenifra","Casablanca-Settat","Aguelmouss","El Borouj",1,0.015211970074813
"252","Beni Mellal-Khenifra","Casablanca-Settat","Aguelmouss","Guisser",1,0.0160016625103907
"253","Beni Mellal-Khenifra","Casablanca-Settat","Aguelmouss","Had Soualem",1,0.00498753117206983
"254","Beni Mellal-Khenifra","Casablanca-Settat","Aguelmouss","Koudiat Bni Dghough",1,0.0283665835411471
"255","Beni Mellal-Khenifra","Casablanca-Settat","Aguelmouss","Laaounate",1,0.0187032418952618
"256","Beni Mellal-Khenifra","Casablanca-Settat","Aguelmouss","Lambarkiyine",1,0.0106875667972925
"257","Beni Mellal-Khenifra","Casablanca-Settat","Aguelmouss","Moualine El Oued",1,0.00748129675810474
"258","Beni Mellal-Khenifra","Casablanca-Settat","Aguelmouss","Oulad Yahya Louta",1,0.0043640897755611
"259","Beni Mellal-Khenifra","Casablanca-Settat","Aguelmouss","Sidi Bernoussi",1,0.0167082294264339
"260","Beni Mellal-Khenifra","Casablanca-Settat","Aguelmouss","Sidi Bettache",5.625,0.0285847880299252
"261","Beni Mellal-Khenifra","Casablanca-Settat","Aguelmouss","Sidi Hajjaj",1,0.00448877805486284
"262","Beni Mellal-Khenifra","Casablanca-Settat","Aguelmouss","Sidi Hajjaj Oued Hassar",1,0.0330423940149626
"263","Beni Mellal-Khenifra","Casablanca-Settat","Ait Saadelli","Bouznika",1,0.00249376558603491
"264","Beni Mellal-Khenifra","Casablanca-Settat","Ait Saadelli","Laaounate",1,0.00498753117206983
"265","Beni Mellal-Khenifra","Casablanca-Settat","Ait Saadelli","Moualine El Oued",1,0.0174563591022444
"266","Beni Mellal-Khenifra","Casablanca-Settat","Ait Saadelli","Sidi Hajjaj",1,0.00748129675810474
"267","Beni Mellal-Khenifra","Casablanca-Settat","Bni Ayat","El Borouj",1,0.00498753117206983
"268","Beni Mellal-Khenifra","Casablanca-Settat","Bni Ayat","Lambarkiyine",1,0.0174563591022444
"269","Beni Mellal-Khenifra","Casablanca-Settat","Bni Ayat","Sidi Bernoussi",1,0.0249376558603491
"270","Beni Mellal-Khenifra","Casablanca-Settat","Bni Oukil","Bouznika",1,0.00748129675810474
"271","Beni Mellal-Khenifra","Casablanca-Settat","Bni Oukil","El Borouj",1,0.00249376558603491
"272","Beni Mellal-Khenifra","Casablanca-Settat","Bni Oukil","Guisser",1,0.0174563591022444
"273","Beni Mellal-Khenifra","Casablanca-Settat","Bni Oukil","Laaounate",1,0.0155860349127182
"274","Beni Mellal-Khenifra","Casablanca-Settat","Bni Oukil","Moualine El Oued",1,0.0180798004987531
"275","Beni Mellal-Khenifra","Casablanca-Settat","Bni Oukil","Oulad Yahya Louta",1,0.00997506234413965
"276","Beni Mellal-Khenifra","Casablanca-Settat","Bni Oukil","Sidi Bettache",1,0.0224438902743142
"277","Beni Mellal-Khenifra","Casablanca-Settat","Bni Oukil","Sidi Hajjaj",1,0.0224438902743142
"278","Beni Mellal-Khenifra","Casablanca-Settat","Bni Ykhlef","El Borouj",1,0.00748129675810474
"279","Beni Mellal-Khenifra","Casablanca-Settat","Bni Ykhlef","Guisser",1,0.0224438902743142
"280","Beni Mellal-Khenifra","Casablanca-Settat","Bni Ykhlef","Laaounate",1,0.00498753117206983
"281","Beni Mellal-Khenifra","Casablanca-Settat","Bni Ykhlef","Moualine El Oued",1,0.00498753117206983
"282","Beni Mellal-Khenifra","Casablanca-Settat","El Borj","El Borouj",1,0.0236907730673317
"283","Beni Mellal-Khenifra","Casablanca-Settat","El Borj","Guisser",1,0.00872817955112219
"284","Beni Mellal-Khenifra","Casablanca-Settat","El Borj","Laaounate",1,0.00997506234413965
"285","Beni Mellal-Khenifra","Casablanca-Settat","El Borj","Lambarkiyine",1,0.00249376558603491
"286","Beni Mellal-Khenifra","Casablanca-Settat","El Borj","Moualine El Oued",1,0.0124688279301746
"287","Beni Mellal-Khenifra","Casablanca-Settat","El Borj","Oulad Yahya Louta",1,0.00748129675810474
"288","Beni Mellal-Khenifra","Casablanca-Settat","El Borj","Sidi Bernoussi",1,0.00374064837905237
"289","Beni Mellal-Khenifra","Casablanca-Settat","El Borj","Sidi Bettache",1,0.00249376558603491
"290","Beni Mellal-Khenifra","Casablanca-Settat","El Borj","Sidi Hajjaj",1,0.00997506234413965
"291","Beni Mellal-Khenifra","Casablanca-Settat","El Hammam","Bouznika",1,0.00498753117206983
"292","Beni Mellal-Khenifra","Casablanca-Settat","El Hammam","El Borouj",1,0.0149625935162095
"293","Beni Mellal-Khenifra","Casablanca-Settat","El Hammam","Guisser",1,0.0249376558603491
"294","Beni Mellal-Khenifra","Casablanca-Settat","El Hammam","Koudiat Bni Dghough",1,0.029925187032419
"295","Beni Mellal-Khenifra","Casablanca-Settat","El Hammam","Laaounate",1,0.00249376558603491
"296","Beni Mellal-Khenifra","Casablanca-Settat","El Hammam","Moualine El Oued",1,0.00748129675810474
"297","Beni Mellal-Khenifra","Casablanca-Settat","El Hammam","Oulad Yahya Louta",1,0.00374064837905237
"298","Beni Mellal-Khenifra","Casablanca-Settat","El Hammam","Sidi Bettache",3.5,0.0160016625103907
"299","Beni Mellal-Khenifra","Casablanca-Settat","El Hammam","Sidi Hajjaj",1,0.00623441396508728
"300","Beni Mellal-Khenifra","Casablanca-Settat","El Hammam","Sidi Hajjaj Oued Hassar",1,0.0374064837905237
"301","Beni Mellal-Khenifra","Casablanca-Settat","Fkih Ben Salah","El Borouj",1,0.0174563591022444
"302","Beni Mellal-Khenifra","Casablanca-Settat","Fkih Ben Salah","Guisser",1,0.0324189526184539
"303","Beni Mellal-Khenifra","Casablanca-Settat","Fkih Ben Salah","Sidi Bernoussi",1,0.00249376558603491
"304","Beni Mellal-Khenifra","Casablanca-Settat","Had Bouhssoussen","El Borouj",1,0.0324189526184539
"305","Beni Mellal-Khenifra","Casablanca-Settat","Had Bouhssoussen","Guisser",1,0.0149625935162095
"306","Beni Mellal-Khenifra","Casablanca-Settat","Had Bouhssoussen","Lambarkiyine",1,0.00997506234413965
"307","Beni Mellal-Khenifra","Casablanca-Settat","Had Bouhssoussen","Sidi Bernoussi",1,0.00498753117206983
"308","Beni Mellal-Khenifra","Casablanca-Settat","Khmis Bni Chegdale","Bouznika",1,0.00498753117206983
"309","Beni Mellal-Khenifra","Casablanca-Settat","Khmis Bni Chegdale","El Borouj",1,0.0182876142975894
"310","Beni Mellal-Khenifra","Casablanca-Settat","Khmis Bni Chegdale","Guisser",1,0.00498753117206983
"311","Beni Mellal-Khenifra","Casablanca-Settat","Khmis Bni Chegdale","Koudiat Bni Dghough",1,0.0199501246882793
"312","Beni Mellal-Khenifra","Casablanca-Settat","Khmis Bni Chegdale","Lambarkiyine",1,0.00249376558603491
"313","Beni Mellal-Khenifra","Casablanca-Settat","Khmis Bni Chegdale","Oulad Yahya Louta",1,0.00498753117206983
"314","Beni Mellal-Khenifra","Casablanca-Settat","Khmis Bni Chegdale","Sidi Bernoussi",1,0.0116375727348296
"315","Beni Mellal-Khenifra","Casablanca-Settat","Khmis Bni Chegdale","Sidi Bettache",5,0.0134663341645885
"316","Beni Mellal-Khenifra","Casablanca-Settat","Khmis Bni Chegdale","Sidi Hajjaj",1,0.00997506234413965
"317","Beni Mellal-Khenifra","Casablanca-Settat","Khmis Bni Chegdale","Sidi Hajjaj Oued Hassar",1,0.0124688279301746
"318","Beni Mellal-Khenifra","Casablanca-Settat","Krifate","El Borouj",1,0.0224438902743142
"319","Beni Mellal-Khenifra","Casablanca-Settat","Krifate","Guisser",1,0.0448877805486284
"320","Beni Mellal-Khenifra","Casablanca-Settat","Lagnadiz","Bouznika",1,0.00748129675810474
"321","Beni Mellal-Khenifra","Casablanca-Settat","Lagnadiz","Koudiat Bni Dghough",1,0.00249376558603491
"322","Beni Mellal-Khenifra","Casablanca-Settat","Lagnadiz","Laaounate",1,0.00249376558603491
"323","Beni Mellal-Khenifra","Casablanca-Settat","Lagnadiz","Moualine El Oued",1,0.00498753117206983
"324","Beni Mellal-Khenifra","Casablanca-Settat","Lagnadiz","Oulad Yahya Louta",1,0.0199501246882793
"325","Beni Mellal-Khenifra","Casablanca-Settat","Lagnadiz","Sidi Bettache",1,0.0124688279301746
"326","Beni Mellal-Khenifra","Casablanca-Settat","Lagnadiz","Sidi Hajjaj",1,0.00498753117206983
"327","Beni Mellal-Khenifra","Casablanca-Settat","Oulad Abdoune","El Borouj",1,0.00249376558603491
"328","Beni Mellal-Khenifra","Casablanca-Settat","Oulad Abdoune","Guisser",1,0.00997506234413965
"329","Beni Mellal-Khenifra","Casablanca-Settat","Oulad Abdoune","Moualine El Oued",1,0.00498753117206983
"330","Beni Mellal-Khenifra","Casablanca-Settat","Oulad Boughadi","Laaounate",1,0.029925187032419
"331","Beni Mellal-Khenifra","Casablanca-Settat","Oulad Boughadi","Moualine El Oued",1,0.0473815461346633
"332","Beni Mellal-Khenifra","Casablanca-Settat","Oulad Boughadi","Sidi Bettache",1,0.00249376558603491
"333","Beni Mellal-Khenifra","Casablanca-Settat","Oulad Zmam","Bouznika",1,0.013715710723192
"334","Beni Mellal-Khenifra","Casablanca-Settat","Oulad Zmam","El Borouj",1,0.0249376558603491
"335","Beni Mellal-Khenifra","Casablanca-Settat","Oulad Zmam","Guisser",1,0.0349127182044888
"336","Beni Mellal-Khenifra","Casablanca-Settat","Oulad Zmam","Had Soualem",1,0.00748129675810474
"337","Beni Mellal-Khenifra","Casablanca-Settat","Oulad Zmam","Koudiat Bni Dghough",1,0.0374064837905237
"338","Beni Mellal-Khenifra","Casablanca-Settat","Oulad Zmam","Laaounate",1,0.00249376558603491
"339","Beni Mellal-Khenifra","Casablanca-Settat","Oulad Zmam","Moualine El Oued",1,0.00498753117206983
"340","Beni Mellal-Khenifra","Casablanca-Settat","Oulad Zmam","Oulad Yahya Louta",1,0.027431421446384
"341","Beni Mellal-Khenifra","Casablanca-Settat","Oulad Zmam","Sidi Bettache",3,0.0259351620947631
"342","Beni Mellal-Khenifra","Casablanca-Settat","Oulad Zmam","Sidi Hajjaj",1,0.0124688279301746
"343","Beni Mellal-Khenifra","Casablanca-Settat","Oulad Zmam","Sidi Hajjaj Oued Hassar",1,0.0448877805486284
"344","Beni Mellal-Khenifra","Casablanca-Settat","Oum Rabia","Lambarkiyine",1,0.00997506234413965
"345","Beni Mellal-Khenifra","Casablanca-Settat","Sidi Hcine","Lambarkiyine",1,0.0124688279301746
"346","Beni Mellal-Khenifra","Casablanca-Settat","Sidi Hcine","Sidi Bernoussi",1,0.0124688279301746
"347","Beni Mellal-Khenifra","Casablanca-Settat","Sidi Yacoub","Bouznika",1,0.0174563591022444
"348","Beni Mellal-Khenifra","Casablanca-Settat","Sidi Yacoub","Laaounate",1,0.0144638403990025
"349","Beni Mellal-Khenifra","Casablanca-Settat","Sidi Yacoub","Moualine El Oued",1,0.0168329177057357
"350","Beni Mellal-Khenifra","Casablanca-Settat","Sidi Yacoub","Oulad Yahya Louta",1,0.0207813798836243
"351","Beni Mellal-Khenifra","Casablanca-Settat","Sidi Yacoub","Sidi Bettache",1.66666666666667,0.0124688279301746
"352","Beni Mellal-Khenifra","Casablanca-Settat","Sidi Yacoub","Sidi Hajjaj",1,0.0157938487115544
"353","Beni Mellal-Khenifra","Casablanca-Settat","Tanourdi","El Borouj",1,0.00498753117206983
"354","Beni Mellal-Khenifra","Casablanca-Settat","Tanourdi","Lambarkiyine",1,0.00997506234413965
"355","Beni Mellal-Khenifra","Casablanca-Settat","Tanourdi","Sidi Bernoussi",1,0.0374064837905237
"356","Beni Mellal-Khenifra","Casablanca-Settat","Tighassaline","Bouznika",1,0.00498753117206983
"357","Beni Mellal-Khenifra","Casablanca-Settat","Tighassaline","Had Soualem",1,0.00249376558603491
"358","Beni Mellal-Khenifra","Casablanca-Settat","Tighassaline","Koudiat Bni Dghough",1,0.0174563591022444
"359","Beni Mellal-Khenifra","Casablanca-Settat","Tighassaline","Lambarkiyine",1,0.0199501246882793
"360","Beni Mellal-Khenifra","Casablanca-Settat","Tighassaline","Oulad Yahya Louta",1,0.00249376558603491
"361","Beni Mellal-Khenifra","Casablanca-Settat","Tighassaline","Sidi Bettache",6,0.0303408146300914
"362","Beni Mellal-Khenifra","Casablanca-Settat","Tighassaline","Sidi Hajjaj",1,0.00249376558603491
"363","Beni Mellal-Khenifra","Casablanca-Settat","Tighassaline","Sidi Hajjaj Oued Hassar",1,0.0199501246882793
"364","Beni Mellal-Khenifra","Daraa-Tafilalet","Aguelmouss","Aghbalou",3.59090909090909,0.0197239585020134
"365","Beni Mellal-Khenifra","Daraa-Tafilalet","Aguelmouss","Sidi Yahya ou Youssef",1,0.0135078969243558
"366","Beni Mellal-Khenifra","Daraa-Tafilalet","Ait Saadelli","Aghbalou",2,0.00498753117206983
"367","Beni Mellal-Khenifra","Daraa-Tafilalet","Bni Ayat","Aghbalou",2,0.00623441396508728
"368","Beni Mellal-Khenifra","Daraa-Tafilalet","Bni Ayat","Sidi Yahya ou Youssef",1,0.00748129675810474
"369","Beni Mellal-Khenifra","Daraa-Tafilalet","Bni Oukil","Aghbalou",1.75,0.010286783042394
"370","Beni Mellal-Khenifra","Daraa-Tafilalet","Bni Oukil","Sidi Yahya ou Youssef",1,0.00498753117206983
"371","Beni Mellal-Khenifra","Daraa-Tafilalet","Bni Ykhlef","Aghbalou",3,0.0166251039068994
"372","Beni Mellal-Khenifra","Daraa-Tafilalet","El Borj","Aghbalou",2.33333333333333,0.0218897201440842
"373","Beni Mellal-Khenifra","Daraa-Tafilalet","El Borj","Sidi Yahya ou Youssef",1,0.0349127182044888
"374","Beni Mellal-Khenifra","Daraa-Tafilalet","El Hammam","Aghbalou",3,0.01714463840399
"375","Beni Mellal-Khenifra","Daraa-Tafilalet","El Hammam","Sidi Yahya ou Youssef",1,0.0149625935162095
"376","Beni Mellal-Khenifra","Daraa-Tafilalet","Fkih Ben Salah","Aghbalou",3,0.0182876142975894
"377","Beni Mellal-Khenifra","Daraa-Tafilalet","Fkih Ben Salah","Sidi Yahya ou Youssef",1,0.0124688279301746
"378","Beni Mellal-Khenifra","Daraa-Tafilalet","Had Bouhssoussen","Aghbalou",2,0.0386533665835411
"379","Beni Mellal-Khenifra","Daraa-Tafilalet","Had Bouhssoussen","Sidi Yahya ou Youssef",1,0.0149625935162095
"380","Beni Mellal-Khenifra","Daraa-Tafilalet","Khmis Bni Chegdale","Aghbalou",3.25,0.0232899893124332
"381","Beni Mellal-Khenifra","Daraa-Tafilalet","Khmis Bni Chegdale","Sidi Yahya ou Youssef",1,0.029093931837074
"382","Beni Mellal-Khenifra","Daraa-Tafilalet","Krifate","Aghbalou",3,0.0141313383208645
"383","Beni Mellal-Khenifra","Daraa-Tafilalet","Krifate","Sidi Yahya ou Youssef",1,0.0174563591022444
"384","Beni Mellal-Khenifra","Daraa-Tafilalet","Lagnadiz","Aghbalou",5,0.0084788029925187
"385","Beni Mellal-Khenifra","Daraa-Tafilalet","Oulad Abdoune","Aghbalou",3,0.0133000831255195
"386","Beni Mellal-Khenifra","Daraa-Tafilalet","Oulad Abdoune","Sidi Yahya ou Youssef",1,0.00249376558603491
"387","Beni Mellal-Khenifra","Daraa-Tafilalet","Oulad Boughadi","Aghbalou",3,0.00498753117206983
"388","Beni Mellal-Khenifra","Daraa-Tafilalet","Oulad Zmam","Aghbalou",4.33333333333333,0.0183667814590508
"389","Beni Mellal-Khenifra","Daraa-Tafilalet","Oulad Zmam","Sidi Yahya ou Youssef",1,0.00997506234413965
"390","Beni Mellal-Khenifra","Daraa-Tafilalet","Sidi Hcine","Aghbalou",2,0.00249376558603491
"391","Beni Mellal-Khenifra","Daraa-Tafilalet","Sidi Hcine","Sidi Yahya ou Youssef",1,0.00748129675810474
"392","Beni Mellal-Khenifra","Daraa-Tafilalet","Sidi Yacoub","Aghbalou",2.6,0.0106400665004156
"393","Beni Mellal-Khenifra","Daraa-Tafilalet","Sidi Yacoub","Sidi Yahya ou Youssef",1,0.00249376558603491
"394","Beni Mellal-Khenifra","Daraa-Tafilalet","Tanourdi","Aghbalou",2,0.0087281795511222
"395","Beni Mellal-Khenifra","Daraa-Tafilalet","Tanourdi","Sidi Yahya ou Youssef",1,0.0224438902743142
"396","Beni Mellal-Khenifra","Daraa-Tafilalet","Tighassaline","Aghbalou",7,0.017100106875668
"397","Beni Mellal-Khenifra","Fes-Meknes","Aguelmouss","Aghbalou Aqorar",1.5,0.0224438902743142
"398","Beni Mellal-Khenifra","Fes-Meknes","Aguelmouss","Ain Bida",1,0.00561097256857855
"399","Beni Mellal-Khenifra","Fes-Meknes","Aguelmouss","Ain Bou Ali",1,0.00399002493765586
"400","Beni Mellal-Khenifra","Fes-Meknes","Aguelmouss","Ain Chkef",1,0.0193266832917706
"401","Beni Mellal-Khenifra","Fes-Meknes","Aguelmouss","Ain Kansra",1,0.0208852867830424
"402","Beni Mellal-Khenifra","Fes-Meknes","Aguelmouss","Ain Karma- Oued Rommane",1,0.00374064837905237
"403","Beni Mellal-Khenifra","Fes-Meknes","Aguelmouss","Ain Leuh",2.125,0.0217165419783874
"404","Beni Mellal-Khenifra","Fes-Meknes","Aguelmouss","Ait Boubidmane",1,0.0112219451371571
"405","Beni Mellal-Khenifra","Fes-Meknes","Aguelmouss","Ait Naamane",2.5,0.0142352452202826
"406","Beni Mellal-Khenifra","Fes-Meknes","Aguelmouss","Ait Sebaa Lajrouf",1,0.00332502078137988
"407","Beni Mellal-Khenifra","Fes-Meknes","Aguelmouss","Almis Marmoucha",1,0.0189526184538653
"408","Beni Mellal-Khenifra","Fes-Meknes","Aguelmouss","Ben Smim",1.75,0.0187032418952618
"409","Beni Mellal-Khenifra","Fes-Meknes","Aguelmouss","Bni Snous",1,0.00676879230495191
"410","Beni Mellal-Khenifra","Fes-Meknes","Aguelmouss","Dayat Aoua",1,0.029925187032419
"411","Beni Mellal-Khenifra","Fes-Meknes","Aguelmouss","Enjil",1,0.0103906899418121
"412","Beni Mellal-Khenifra","Fes-Meknes","Aguelmouss","Fes Medina",1,0.0345564659779124
"413","Beni Mellal-Khenifra","Fes-Meknes","Aguelmouss","Kandar Sidi Khiar",1,0.0228595178719867
"414","Beni Mellal-Khenifra","Fes-Meknes","Aguelmouss","Laanoussar",2.28571428571429,0.00748129675810474
"415","Beni Mellal-Khenifra","Fes-Meknes","Aguelmouss","Louadaine",1.2,0.00349127182044888
"416","Beni Mellal-Khenifra","Fes-Meknes","Aguelmouss","Majjate",1,0.0191188694929343
"417","Beni Mellal-Khenifra","Fes-Meknes","Aguelmouss","Matmata",1,0.00249376558603491
"418","Beni Mellal-Khenifra","Fes-Meknes","Aguelmouss","Mezraoua",1,0.00831255195344971
"419","Beni Mellal-Khenifra","Fes-Meknes","Aguelmouss","Moulay Idriss Zarhoun",1,0.0324189526184539
"420","Beni Mellal-Khenifra","Fes-Meknes","Aguelmouss","Oued Jemaa",1,0.00249376558603491
"421","Beni Mellal-Khenifra","Fes-Meknes","Aguelmouss","Ouizeght",1,0.0163228292904103
"422","Beni Mellal-Khenifra","Fes-Meknes","Aguelmouss","Oulad Mimoun",1,0.020573566084788
"423","Beni Mellal-Khenifra","Fes-Meknes","Aguelmouss","Outat El Haj",1,0.0157299060042202
"424","Beni Mellal-Khenifra","Fes-Meknes","Aguelmouss","Rghioua",1,0.00249376558603491
"425","Beni Mellal-Khenifra","Fes-Meknes","Aguelmouss","Sebaa Rouadi",1,0.00498753117206983
"426","Beni Mellal-Khenifra","Fes-Meknes","Aguelmouss","Sidi Boutayeb",1,0.0105505467101477
"427","Beni Mellal-Khenifra","Fes-Meknes","Aguelmouss","Sidi El Makhfi",1.875,0.00659808811305071
"428","Beni Mellal-Khenifra","Fes-Meknes","Aguelmouss","Tigrigra",1,0.00249376558603491
"429","Beni Mellal-Khenifra","Fes-Meknes","Aguelmouss","Timahdite",7.125,0.0102441069944187
"430","Beni Mellal-Khenifra","Fes-Meknes","Aguelmouss","Zrarda",1,0.00448877805486284
"431","Beni Mellal-Khenifra","Fes-Meknes","Ait Saadelli","Aghbalou Aqorar",1,0.0224438902743142
"432","Beni Mellal-Khenifra","Fes-Meknes","Ait Saadelli","Ain Bida",1,0.00498753117206983
"433","Beni Mellal-Khenifra","Fes-Meknes","Ait Saadelli","Ain Bou Ali",1,0.00748129675810474
"434","Beni Mellal-Khenifra","Fes-Meknes","Ait Saadelli","Ain Karma- Oued Rommane",1,0.0224438902743142
"435","Beni Mellal-Khenifra","Fes-Meknes","Ait Saadelli","Ain Leuh",2,0.00249376558603491
"436","Beni Mellal-Khenifra","Fes-Meknes","Ait Saadelli","Ait Naamane",1,0.00498753117206983
"437","Beni Mellal-Khenifra","Fes-Meknes","Ait Saadelli","Ait Sebaa Lajrouf",2,0.0149625935162095
"438","Beni Mellal-Khenifra","Fes-Meknes","Ait Saadelli","Kandar Sidi Khiar",1,0.00249376558603491
"439","Beni Mellal-Khenifra","Fes-Meknes","Ait Saadelli","Laanoussar",3,0.0141313383208645
"440","Beni Mellal-Khenifra","Fes-Meknes","Ait Saadelli","Louadaine",3,0.00748129675810474
"441","Beni Mellal-Khenifra","Fes-Meknes","Ait Saadelli","Mezraoua",1,0.00249376558603491
"442","Beni Mellal-Khenifra","Fes-Meknes","Ait Saadelli","Oued Ifrane",1,0.0249376558603491
"443","Beni Mellal-Khenifra","Fes-Meknes","Ait Saadelli","Oued Jemaa",1,0.0249376558603491
"444","Beni Mellal-Khenifra","Fes-Meknes","Ait Saadelli","Rghioua",1,0.0324189526184539
"445","Beni Mellal-Khenifra","Fes-Meknes","Ait Saadelli","Sebaa Rouadi",1,0.00249376558603491
"446","Beni Mellal-Khenifra","Fes-Meknes","Ait Saadelli","Sidi El Makhfi",3,0.00748129675810474
"447","Beni Mellal-Khenifra","Fes-Meknes","Ait Saadelli","Tigrigra",1,0.0149625935162095
"448","Beni Mellal-Khenifra","Fes-Meknes","Ait Saadelli","Timahdite",2,0.00249376558603491
"449","Beni Mellal-Khenifra","Fes-Meknes","Bni Ayat","Aghbalou Aqorar",1,0.029925187032419
"450","Beni Mellal-Khenifra","Fes-Meknes","Bni Ayat","Enjil",1,0.00748129675810474
"451","Beni Mellal-Khenifra","Fes-Meknes","Bni Ayat","Ouizeght",1,0.00249376558603491
"452","Beni Mellal-Khenifra","Fes-Meknes","Bni Ayat","Outat El Haj",1,0.00249376558603491
"453","Beni Mellal-Khenifra","Fes-Meknes","Bni Ayat","Sidi Boutayeb",1,0.0124688279301746
"454","Beni Mellal-Khenifra","Fes-Meknes","Bni Ayat","Zrarda",1,0.00249376558603491
"455","Beni Mellal-Khenifra","Fes-Meknes","Bni Oukil","Aghbalou Aqorar",1,0.0199501246882793
"456","Beni Mellal-Khenifra","Fes-Meknes","Bni Oukil","Ain Bida",1,0.0174563591022444
"457","Beni Mellal-Khenifra","Fes-Meknes","Bni Oukil","Ain Bou Ali",1,0.0224438902743142
"458","Beni Mellal-Khenifra","Fes-Meknes","Bni Oukil","Ain Karma- Oued Rommane",1,0.0133000831255195
"459","Beni Mellal-Khenifra","Fes-Meknes","Bni Oukil","Ain Leuh",2,0.0211970074812968
"460","Beni Mellal-Khenifra","Fes-Meknes","Bni Oukil","Ait Boubidmane",1,0.00997506234413965
"461","Beni Mellal-Khenifra","Fes-Meknes","Bni Oukil","Ait Naamane",1.5,0.0118453865336658
"462","Beni Mellal-Khenifra","Fes-Meknes","Bni Oukil","Ait Sebaa Lajrouf",1.33333333333333,0.0261845386533666
"463","Beni Mellal-Khenifra","Fes-Meknes","Bni Oukil","Almis Marmoucha",1,0.0124688279301746
"464","Beni Mellal-Khenifra","Fes-Meknes","Bni Oukil","Bni Snous",1,0.00498753117206983
"465","Beni Mellal-Khenifra","Fes-Meknes","Bni Oukil","Kandar Sidi Khiar",1,0.0174563591022444
"466","Beni Mellal-Khenifra","Fes-Meknes","Bni Oukil","Laanoussar",2.5,0.0152743142144638
"467","Beni Mellal-Khenifra","Fes-Meknes","Bni Oukil","Louadaine",2,0.00609587143252979
"468","Beni Mellal-Khenifra","Fes-Meknes","Bni Oukil","Majjate",1,0.0112219451371571
"469","Beni Mellal-Khenifra","Fes-Meknes","Bni Oukil","Mezraoua",1,0.00997506234413965
"470","Beni Mellal-Khenifra","Fes-Meknes","Bni Oukil","Oued Ifrane",1,0.0124688279301746
"471","Beni Mellal-Khenifra","Fes-Meknes","Bni Oukil","Oued Jemaa",1,0.00914380714879468
"472","Beni Mellal-Khenifra","Fes-Meknes","Bni Oukil","Ouizeght",1,0.00748129675810474
"473","Beni Mellal-Khenifra","Fes-Meknes","Bni Oukil","Oulad Ayyad",1,0.209476309226933
"474","Beni Mellal-Khenifra","Fes-Meknes","Bni Oukil","Outat El Haj",1,0.00748129675810474
"475","Beni Mellal-Khenifra","Fes-Meknes","Bni Oukil","Rghioua",1,0.0124688279301746
"476","Beni Mellal-Khenifra","Fes-Meknes","Bni Oukil","Sebaa Rouadi",1,0.0224438902743142
"477","Beni Mellal-Khenifra","Fes-Meknes","Bni Oukil","Sidi Boutayeb",1.66666666666667,0.0340814630091438
"478","Beni Mellal-Khenifra","Fes-Meknes","Bni Oukil","Sidi El Makhfi",2,0.00914380714879468
"479","Beni Mellal-Khenifra","Fes-Meknes","Bni Oukil","Tigrigra",1,0.0149625935162095
"480","Beni Mellal-Khenifra","Fes-Meknes","Bni Oukil","Timahdite",3.5,0.00706566916043225
"481","Beni Mellal-Khenifra","Fes-Meknes","Bni Ykhlef","Ait Sebaa Lajrouf",1,0.00249376558603491
"482","Beni Mellal-Khenifra","Fes-Meknes","Bni Ykhlef","Almis Marmoucha",1,0.0124688279301746
"483","Beni Mellal-Khenifra","Fes-Meknes","Bni Ykhlef","Kandar Sidi Khiar",1,0.027431421446384
"484","Beni Mellal-Khenifra","Fes-Meknes","Bni Ykhlef","Laanoussar",3,0.00332502078137988
"485","Beni Mellal-Khenifra","Fes-Meknes","Bni Ykhlef","Majjate",1,0.0399002493765586
"486","Beni Mellal-Khenifra","Fes-Meknes","Bni Ykhlef","Ouizeght",1,0.00249376558603491
"487","Beni Mellal-Khenifra","Fes-Meknes","Bni Ykhlef","Outat El Haj",1,0.0199501246882793
"488","Beni Mellal-Khenifra","Fes-Meknes","El Borj","Aghbalou Aqorar",1,0.0124688279301746
"489","Beni Mellal-Khenifra","Fes-Meknes","El Borj","Ain Bida",1,0.00249376558603491
"490","Beni Mellal-Khenifra","Fes-Meknes","El Borj","Ain Bou Ali",1,0.00748129675810474
"491","Beni Mellal-Khenifra","Fes-Meknes","El Borj","Ain Karma- Oued Rommane",1,0.027431421446384
"492","Beni Mellal-Khenifra","Fes-Meknes","El Borj","Ait Naamane",1,0.00249376558603491
"493","Beni Mellal-Khenifra","Fes-Meknes","El Borj","Ait Sebaa Lajrouf",2,0.0187032418952618
"494","Beni Mellal-Khenifra","Fes-Meknes","El Borj","Almis Marmoucha",1,0.0187032418952618
"495","Beni Mellal-Khenifra","Fes-Meknes","El Borj","Kandar Sidi Khiar",1,0.00498753117206983
"496","Beni Mellal-Khenifra","Fes-Meknes","El Borj","Laanoussar",2,0.00997506234413965
"497","Beni Mellal-Khenifra","Fes-Meknes","El Borj","Louadaine",3,0.00748129675810474
"498","Beni Mellal-Khenifra","Fes-Meknes","El Borj","Majjate",1,0.00249376558603491
"499","Beni Mellal-Khenifra","Fes-Meknes","El Borj","Oued Ifrane",1,0.027431421446384
"500","Beni Mellal-Khenifra","Fes-Meknes","El Borj","Oued Jemaa",1,0.0199501246882793
"501","Beni Mellal-Khenifra","Fes-Meknes","El Borj","Ouizeght",1,0.0199501246882793
"502","Beni Mellal-Khenifra","Fes-Meknes","El Borj","Outat El Haj",1,0.0174563591022444
"503","Beni Mellal-Khenifra","Fes-Meknes","El Borj","Rghioua",1,0.0124688279301746
"504","Beni Mellal-Khenifra","Fes-Meknes","El Borj","Sidi Boutayeb",1,0.0211970074812968
"505","Beni Mellal-Khenifra","Fes-Meknes","El Borj","Sidi El Makhfi",2,0.0124688279301746
"506","Beni Mellal-Khenifra","Fes-Meknes","El Borj","Tigrigra",1,0.0249376558603491
"507","Beni Mellal-Khenifra","Fes-Meknes","El Borj","Timahdite",2,0.00498753117206983
"508","Beni Mellal-Khenifra","Fes-Meknes","El Hammam","Aghbalou Aqorar",2,0.00831255195344971
"509","Beni Mellal-Khenifra","Fes-Meknes","El Hammam","Ain Bida",1,0.00249376558603491
"510","Beni Mellal-Khenifra","Fes-Meknes","El Hammam","Ain Bou Ali",1,0.0124688279301746
"511","Beni Mellal-Khenifra","Fes-Meknes","El Hammam","Ain Chkef",1,0.0224438902743142
"512","Beni Mellal-Khenifra","Fes-Meknes","El Hammam","Ain Kansra",1,0.0249376558603491
"513","Beni Mellal-Khenifra","Fes-Meknes","El Hammam","Ain Karma- Oued Rommane",1,0.0224438902743142
"514","Beni Mellal-Khenifra","Fes-Meknes","El Hammam","Ain Leuh",2.5,0.0122610141313383
"515","Beni Mellal-Khenifra","Fes-Meknes","El Hammam","Ait Boubidmane",1,0.0174563591022444
"516","Beni Mellal-Khenifra","Fes-Meknes","El Hammam","Ait Naamane",2.5,0.00955943474646716
"517","Beni Mellal-Khenifra","Fes-Meknes","El Hammam","Ait Sebaa Lajrouf",2,0.00623441396508728
"518","Beni Mellal-Khenifra","Fes-Meknes","El Hammam","Almis Marmoucha",1,0.0249376558603491
"519","Beni Mellal-Khenifra","Fes-Meknes","El Hammam","Ben Smim",2,0.0162094763092269
"520","Beni Mellal-Khenifra","Fes-Meknes","El Hammam","Bni Snous",1,0.00748129675810474
"521","Beni Mellal-Khenifra","Fes-Meknes","El Hammam","Dayat Aoua",1,0.0149625935162095
"522","Beni Mellal-Khenifra","Fes-Meknes","El Hammam","Fes Medina",1,0.0199501246882793
"523","Beni Mellal-Khenifra","Fes-Meknes","El Hammam","Kandar Sidi Khiar",1,0.00997506234413965
"524","Beni Mellal-Khenifra","Fes-Meknes","El Hammam","Laanoussar",2,0.00665004156275977
"525","Beni Mellal-Khenifra","Fes-Meknes","El Hammam","Louadaine",2.5,0.00831255195344971
"526","Beni Mellal-Khenifra","Fes-Meknes","El Hammam","Majjate",1,0.0236907730673317
"527","Beni Mellal-Khenifra","Fes-Meknes","El Hammam","Mezraoua",1,0.00997506234413965
"528","Beni Mellal-Khenifra","Fes-Meknes","El Hammam","Moulay Idriss Zarhoun",1,0.029925187032419
"529","Beni Mellal-Khenifra","Fes-Meknes","El Hammam","Oued Ifrane",1,0.0124688279301746
"530","Beni Mellal-Khenifra","Fes-Meknes","El Hammam","Oued Jemaa",1,0.0174563591022444
"531","Beni Mellal-Khenifra","Fes-Meknes","El Hammam","Ouizeght",1,0.0236907730673317
"532","Beni Mellal-Khenifra","Fes-Meknes","El Hammam","Oulad Mimoun",1,0.0374064837905237
"533","Beni Mellal-Khenifra","Fes-Meknes","El Hammam","Outat El Haj",1,0.0187032418952618
"534","Beni Mellal-Khenifra","Fes-Meknes","El Hammam","Rghioua",1,0.0199501246882793
"535","Beni Mellal-Khenifra","Fes-Meknes","El Hammam","Sidi Boutayeb",1,0.00872817955112219
"536","Beni Mellal-Khenifra","Fes-Meknes","El Hammam","Sidi El Makhfi",2,0.0058187863674148
"537","Beni Mellal-Khenifra","Fes-Meknes","El Hammam","Tigrigra",1,0.0124688279301746
"538","Beni Mellal-Khenifra","Fes-Meknes","El Hammam","Timahdite",6.5,0.0088216957605985
"539","Beni Mellal-Khenifra","Fes-Meknes","Fkih Ben Salah","Aghbalou Aqorar",1,0.00498753117206983
"540","Beni Mellal-Khenifra","Fes-Meknes","Fkih Ben Salah","Almis Marmoucha",1,0.027431421446384
"541","Beni Mellal-Khenifra","Fes-Meknes","Fkih Ben Salah","Majjate",1,0.0473815461346633
"542","Beni Mellal-Khenifra","Fes-Meknes","Fkih Ben Salah","Ouizeght",1,0.0224438902743142
"543","Beni Mellal-Khenifra","Fes-Meknes","Fkih Ben Salah","Outat El Haj",1,0.027431421446384
"544","Beni Mellal-Khenifra","Fes-Meknes","Fkih Ben Salah","Sidi Boutayeb",1,0.029925187032419
"545","Beni Mellal-Khenifra","Fes-Meknes","Had Bouhssoussen","Aghbalou Aqorar",1,0.00249376558603491
"546","Beni Mellal-Khenifra","Fes-Meknes","Had Bouhssoussen","Almis Marmoucha",1,0.0149625935162095
"547","Beni Mellal-Khenifra","Fes-Meknes","Had Bouhssoussen","Majjate",1,0.00997506234413965
"548","Beni Mellal-Khenifra","Fes-Meknes","Had Bouhssoussen","Ouizeght",1,0.0124688279301746
"549","Beni Mellal-Khenifra","Fes-Meknes","Had Bouhssoussen","Outat El Haj",1,0.0249376558603491
"550","Beni Mellal-Khenifra","Fes-Meknes","Had Bouhssoussen","Sidi Boutayeb",1,0.0249376558603491
"551","Beni Mellal-Khenifra","Fes-Meknes","Khmis Bni Chegdale","Aghbalou Aqorar",1.25,0.0165211970074813
"552","Beni Mellal-Khenifra","Fes-Meknes","Khmis Bni Chegdale","Ain Bida",1,0.00249376558603491
"553","Beni Mellal-Khenifra","Fes-Meknes","Khmis Bni Chegdale","Ain Bou Ali",1,0.00748129675810474
"554","Beni Mellal-Khenifra","Fes-Meknes","Khmis Bni Chegdale","Ain Chkef",1,0.0324189526184539
"555","Beni Mellal-Khenifra","Fes-Meknes","Khmis Bni Chegdale","Ain Kansra",1,0.0324189526184539
"556","Beni Mellal-Khenifra","Fes-Meknes","Khmis Bni Chegdale","Ain Leuh",3,0.00665004156275977
"557","Beni Mellal-Khenifra","Fes-Meknes","Khmis Bni Chegdale","Ait Boubidmane",1,0.0174563591022444
"558","Beni Mellal-Khenifra","Fes-Meknes","Khmis Bni Chegdale","Ait Naamane",2,0.0162094763092269
"559","Beni Mellal-Khenifra","Fes-Meknes","Khmis Bni Chegdale","Ait Sebaa Lajrouf",1,0.00249376558603491
"560","Beni Mellal-Khenifra","Fes-Meknes","Khmis Bni Chegdale","Almis Marmoucha",1,0.00748129675810474
"561","Beni Mellal-Khenifra","Fes-Meknes","Khmis Bni Chegdale","Ben Smim",1,0.0249376558603491
"562","Beni Mellal-Khenifra","Fes-Meknes","Khmis Bni Chegdale","Bni Snous",1,0.0174563591022444
"563","Beni Mellal-Khenifra","Fes-Meknes","Khmis Bni Chegdale","Dayat Aoua",1,0.00498753117206983
"564","Beni Mellal-Khenifra","Fes-Meknes","Khmis Bni Chegdale","Enjil",1,0.00498753117206983
"565","Beni Mellal-Khenifra","Fes-Meknes","Khmis Bni Chegdale","Fes Medina",1,0.00748129675810474
"566","Beni Mellal-Khenifra","Fes-Meknes","Khmis Bni Chegdale","Louadaine",2,0.00623441396508728
"567","Beni Mellal-Khenifra","Fes-Meknes","Khmis Bni Chegdale","Majjate",1,0.00249376558603491
"568","Beni Mellal-Khenifra","Fes-Meknes","Khmis Bni Chegdale","Mezraoua",1,0.00498753117206983
"569","Beni Mellal-Khenifra","Fes-Meknes","Khmis Bni Chegdale","Moulay Idriss Zarhoun",1,0.00748129675810474
"570","Beni Mellal-Khenifra","Fes-Meknes","Khmis Bni Chegdale","Ouizeght",1,0.00997506234413965
"571","Beni Mellal-Khenifra","Fes-Meknes","Khmis Bni Chegdale","Oulad Mimoun",1,0.0224438902743142
"572","Beni Mellal-Khenifra","Fes-Meknes","Khmis Bni Chegdale","Outat El Haj",1,0.00914380714879468
"573","Beni Mellal-Khenifra","Fes-Meknes","Khmis Bni Chegdale","Sebaa Rouadi",1,0.0174563591022444
"574","Beni Mellal-Khenifra","Fes-Meknes","Khmis Bni Chegdale","Sidi Boutayeb",1,0.027431421446384
"575","Beni Mellal-Khenifra","Fes-Meknes","Khmis Bni Chegdale","Sidi El Makhfi",3,0.00332502078137988
"576","Beni Mellal-Khenifra","Fes-Meknes","Khmis Bni Chegdale","Timahdite",8,0.0180798004987531
"577","Beni Mellal-Khenifra","Fes-Meknes","Krifate","Almis Marmoucha",1,0.0498753117206983
"578","Beni Mellal-Khenifra","Fes-Meknes","Krifate","Majjate",1,0.0399002493765586
"579","Beni Mellal-Khenifra","Fes-Meknes","Krifate","Ouizeght",1,0.0324189526184539
"580","Beni Mellal-Khenifra","Fes-Meknes","Krifate","Oulad Ayyad",1,0.122194513715711
"581","Beni Mellal-Khenifra","Fes-Meknes","Krifate","Outat El Haj",1,0.0448877805486284
"582","Beni Mellal-Khenifra","Fes-Meknes","Krifate","Sidi Boutayeb",1,0.00748129675810474
"583","Beni Mellal-Khenifra","Fes-Meknes","Lagnadiz","Aghbalou Aqorar",2,0.00748129675810474
"584","Beni Mellal-Khenifra","Fes-Meknes","Lagnadiz","Ain Bida",1,0.0149625935162095
"585","Beni Mellal-Khenifra","Fes-Meknes","Lagnadiz","Ain Bou Ali",1,0.0324189526184539
"586","Beni Mellal-Khenifra","Fes-Meknes","Lagnadiz","Ain Karma- Oued Rommane",1,0.00249376558603491
"587","Beni Mellal-Khenifra","Fes-Meknes","Lagnadiz","Ain Leuh",2,0.0187032418952618
"588","Beni Mellal-Khenifra","Fes-Meknes","Lagnadiz","Ait Boubidmane",1,0.00249376558603491
"589","Beni Mellal-Khenifra","Fes-Meknes","Lagnadiz","Ait Naamane",2,0.0162094763092269
"590","Beni Mellal-Khenifra","Fes-Meknes","Lagnadiz","Ait Sebaa Lajrouf",1,0.029925187032419
"591","Beni Mellal-Khenifra","Fes-Meknes","Lagnadiz","Bni Snous",1,0.00997506234413965
"592","Beni Mellal-Khenifra","Fes-Meknes","Lagnadiz","Laanoussar",3,0.00415627597672485
"593","Beni Mellal-Khenifra","Fes-Meknes","Lagnadiz","Louadaine",3,0.0149625935162095
"594","Beni Mellal-Khenifra","Fes-Meknes","Lagnadiz","Mezraoua",1,0.00748129675810474
"595","Beni Mellal-Khenifra","Fes-Meknes","Lagnadiz","Oued Ifrane",1,0.0124688279301746
"596","Beni Mellal-Khenifra","Fes-Meknes","Lagnadiz","Oued Jemaa",1,0.00748129675810474
"597","Beni Mellal-Khenifra","Fes-Meknes","Lagnadiz","Rghioua",1,0.0174563591022444
"598","Beni Mellal-Khenifra","Fes-Meknes","Lagnadiz","Sebaa Rouadi",1,0.00249376558603491
"599","Beni Mellal-Khenifra","Fes-Meknes","Lagnadiz","Sidi El Makhfi",3,0.0157938487115544
"600","Beni Mellal-Khenifra","Fes-Meknes","Lagnadiz","Tigrigra",1,0.00748129675810474
"601","Beni Mellal-Khenifra","Fes-Meknes","Lagnadiz","Timahdite",6,0.00831255195344971
"602","Beni Mellal-Khenifra","Fes-Meknes","Lagnadiz","Zrarda",1,0.00249376558603491
"603","Beni Mellal-Khenifra","Fes-Meknes","Oulad Abdoune","Almis Marmoucha",1,0.00748129675810474
"604","Beni Mellal-Khenifra","Fes-Meknes","Oulad Abdoune","Kandar Sidi Khiar",1,0.029925187032419
"605","Beni Mellal-Khenifra","Fes-Meknes","Oulad Abdoune","Laanoussar",2,0.00374064837905237
"606","Beni Mellal-Khenifra","Fes-Meknes","Oulad Abdoune","Majjate",1,0.0174563591022444
"607","Beni Mellal-Khenifra","Fes-Meknes","Oulad Abdoune","Ouizeght",1,0.00498753117206983
"608","Beni Mellal-Khenifra","Fes-Meknes","Oulad Abdoune","Outat El Haj",1,0.00249376558603491
"609","Beni Mellal-Khenifra","Fes-Meknes","Oulad Abdoune","Sidi Boutayeb",1,0.00249376558603491
"610","Beni Mellal-Khenifra","Fes-Meknes","Oulad Boughadi","Aghbalou Aqorar",1,0.00498753117206983
"611","Beni Mellal-Khenifra","Fes-Meknes","Oulad Boughadi","Ain Karma- Oued Rommane",1,0.00498753117206983
"612","Beni Mellal-Khenifra","Fes-Meknes","Oulad Boughadi","Ain Leuh",1,0.00249376558603491
"613","Beni Mellal-Khenifra","Fes-Meknes","Oulad Boughadi","Ait Sebaa Lajrouf",1,0.0249376558603491
"614","Beni Mellal-Khenifra","Fes-Meknes","Oulad Boughadi","Kandar Sidi Khiar",1,0.027431421446384
"615","Beni Mellal-Khenifra","Fes-Meknes","Oulad Boughadi","Laanoussar",3,0.0374064837905237
"616","Beni Mellal-Khenifra","Fes-Meknes","Oulad Boughadi","Louadaine",2,0.00374064837905237
"617","Beni Mellal-Khenifra","Fes-Meknes","Oulad Boughadi","Majjate",1,0.00498753117206983
"618","Beni Mellal-Khenifra","Fes-Meknes","Oulad Boughadi","Oued Ifrane",1,0.00498753117206983
"619","Beni Mellal-Khenifra","Fes-Meknes","Oulad Boughadi","Oued Jemaa",1,0.00748129675810474
"620","Beni Mellal-Khenifra","Fes-Meknes","Oulad Boughadi","Ouizeght",1,0.00249376558603491
"621","Beni Mellal-Khenifra","Fes-Meknes","Oulad Boughadi","Rghioua",1,0.00748129675810474
"622","Beni Mellal-Khenifra","Fes-Meknes","Oulad Boughadi","Sidi El Makhfi",1,0.00249376558603491
"623","Beni Mellal-Khenifra","Fes-Meknes","Oulad Boughadi","Tigrigra",1,0.0124688279301746
"624","Beni Mellal-Khenifra","Fes-Meknes","Oulad Boughadi","Timahdite",1,0.00249376558603491
"625","Beni Mellal-Khenifra","Fes-Meknes","Oulad M'Barek","Oulad Ayyad",1,0.0822942643391521
"626","Beni Mellal-Khenifra","Fes-Meknes","Oulad M'Barek","Sidi Boutayeb",2,0.107231920199501
"627","Beni Mellal-Khenifra","Fes-Meknes","Oulad Zmam","Aghbalou Aqorar",2,0.0180798004987531
"628","Beni Mellal-Khenifra","Fes-Meknes","Oulad Zmam","Ain Bida",1,0.0324189526184539
"629","Beni Mellal-Khenifra","Fes-Meknes","Oulad Zmam","Ain Bou Ali",1,0.00997506234413965
"630","Beni Mellal-Khenifra","Fes-Meknes","Oulad Zmam","Ain Chkef",1,0.0174563591022444
"631","Beni Mellal-Khenifra","Fes-Meknes","Oulad Zmam","Ain Kansra",1,0.0174563591022444
"632","Beni Mellal-Khenifra","Fes-Meknes","Oulad Zmam","Ain Karma- Oued Rommane",1,0.00249376558603491
"633","Beni Mellal-Khenifra","Fes-Meknes","Oulad Zmam","Ain Leuh",1.5,0.0430174563591022
"634","Beni Mellal-Khenifra","Fes-Meknes","Oulad Zmam","Ait Boubidmane",1,0.00872817955112219
"635","Beni Mellal-Khenifra","Fes-Meknes","Oulad Zmam","Ait Naamane",1.5,0.0230673316708229
"636","Beni Mellal-Khenifra","Fes-Meknes","Oulad Zmam","Ait Sebaa Lajrouf",1,0.0399002493765586
"637","Beni Mellal-Khenifra","Fes-Meknes","Oulad Zmam","Almis Marmoucha",1,0.0149625935162095
"638","Beni Mellal-Khenifra","Fes-Meknes","Oulad Zmam","Ben Smim",2,0.013715710723192
"639","Beni Mellal-Khenifra","Fes-Meknes","Oulad Zmam","Bni Snous",1,0.00748129675810474
"640","Beni Mellal-Khenifra","Fes-Meknes","Oulad Zmam","Dayat Aoua",1,0.0773067331670823
"641","Beni Mellal-Khenifra","Fes-Meknes","Oulad Zmam","Fes Medina",1,0.0648379052369077
"642","Beni Mellal-Khenifra","Fes-Meknes","Oulad Zmam","Kandar Sidi Khiar",1,0.00498753117206983
"643","Beni Mellal-Khenifra","Fes-Meknes","Oulad Zmam","Laanoussar",1,0.00249376558603491
"644","Beni Mellal-Khenifra","Fes-Meknes","Oulad Zmam","Louadaine",3,0.0182876142975894
"645","Beni Mellal-Khenifra","Fes-Meknes","Oulad Zmam","Majjate",1,0.0399002493765586
"646","Beni Mellal-Khenifra","Fes-Meknes","Oulad Zmam","Mezraoua",1,0.00748129675810474
"647","Beni Mellal-Khenifra","Fes-Meknes","Oulad Zmam","Moulay Idriss Zarhoun",1,0.0548628428927681
"648","Beni Mellal-Khenifra","Fes-Meknes","Oulad Zmam","Oued Ifrane",1,0.0124688279301746
"649","Beni Mellal-Khenifra","Fes-Meknes","Oulad Zmam","Oued Jemaa",1,0.0149625935162095
"650","Beni Mellal-Khenifra","Fes-Meknes","Oulad Zmam","Ouizeght",1,0.0249376558603491
"651","Beni Mellal-Khenifra","Fes-Meknes","Oulad Zmam","Oulad Mimoun",1,0.0149625935162095
"652","Beni Mellal-Khenifra","Fes-Meknes","Oulad Zmam","Outat El Haj",1,0.0149625935162095
"653","Beni Mellal-Khenifra","Fes-Meknes","Oulad Zmam","Rghioua",1,0.00498753117206983
"654","Beni Mellal-Khenifra","Fes-Meknes","Oulad Zmam","Sebaa Rouadi",1,0.00997506234413965
"655","Beni Mellal-Khenifra","Fes-Meknes","Oulad Zmam","Sidi Boutayeb",1,0.0199501246882793
"656","Beni Mellal-Khenifra","Fes-Meknes","Oulad Zmam","Sidi El Makhfi",2,0.013715710723192
"657","Beni Mellal-Khenifra","Fes-Meknes","Oulad Zmam","Tigrigra",1,0.00498753117206983
"658","Beni Mellal-Khenifra","Fes-Meknes","Oulad Zmam","Timahdite",6.5,0.0095000593753711
"659","Beni Mellal-Khenifra","Fes-Meknes","Oum Rabia","Enjil",1,0.0997506234413965
"660","Beni Mellal-Khenifra","Fes-Meknes","Oum Rabia","Sidi Boutayeb",2,0.029925187032419
"661","Beni Mellal-Khenifra","Fes-Meknes","Oum Rabia","Zrarda",1,0.14713216957606
"662","Beni Mellal-Khenifra","Fes-Meknes","Sidi Amar","Oulad Ayyad",1,0.0448877805486284
"663","Beni Mellal-Khenifra","Fes-Meknes","Sidi Amar","Sidi Boutayeb",2,0.140897755610973
"664","Beni Mellal-Khenifra","Fes-Meknes","Sidi Hcine","Aghbalou Aqorar",1,0.0374064837905237
"665","Beni Mellal-Khenifra","Fes-Meknes","Sidi Hcine","Enjil",1,0.00249376558603491
"666","Beni Mellal-Khenifra","Fes-Meknes","Sidi Hcine","Outat El Haj",1,0.00249376558603491
"667","Beni Mellal-Khenifra","Fes-Meknes","Sidi Hcine","Sidi Boutayeb",1,0.0124688279301746
"668","Beni Mellal-Khenifra","Fes-Meknes","Sidi Hcine","Zrarda",1,0.00249376558603491
"669","Beni Mellal-Khenifra","Fes-Meknes","Sidi Yacoub","Aghbalou Aqorar",1,0.0134663341645885
"670","Beni Mellal-Khenifra","Fes-Meknes","Sidi Yacoub","Ain Bida",1,0.0124688279301746
"671","Beni Mellal-Khenifra","Fes-Meknes","Sidi Yacoub","Ain Bou Ali",1,0.0116375727348296
"672","Beni Mellal-Khenifra","Fes-Meknes","Sidi Yacoub","Ain Karma- Oued Rommane",1,0.0149625935162095
"673","Beni Mellal-Khenifra","Fes-Meknes","Sidi Yacoub","Ain Leuh",2,0.0149625935162095
"674","Beni Mellal-Khenifra","Fes-Meknes","Sidi Yacoub","Ait Boubidmane",1,0.00249376558603491
"675","Beni Mellal-Khenifra","Fes-Meknes","Sidi Yacoub","Ait Naamane",2,0.012884455527847
"676","Beni Mellal-Khenifra","Fes-Meknes","Sidi Yacoub","Ait Sebaa Lajrouf",1.8,0.0134663341645885
"677","Beni Mellal-Khenifra","Fes-Meknes","Sidi Yacoub","Bni Snous",1,0.00748129675810474
"678","Beni Mellal-Khenifra","Fes-Meknes","Sidi Yacoub","Kandar Sidi Khiar",1,0.00831255195344971
"679","Beni Mellal-Khenifra","Fes-Meknes","Sidi Yacoub","Laanoussar",2.8,0.0113881961762261
"680","Beni Mellal-Khenifra","Fes-Meknes","Sidi Yacoub","Louadaine",2.6,0.0118869492934331
"681","Beni Mellal-Khenifra","Fes-Meknes","Sidi Yacoub","Mezraoua",1,0.0116375727348296
"682","Beni Mellal-Khenifra","Fes-Meknes","Sidi Yacoub","Oued Ifrane",1,0.0154613466334165
"683","Beni Mellal-Khenifra","Fes-Meknes","Sidi Yacoub","Oued Jemaa",1,0.0139650872817955
"684","Beni Mellal-Khenifra","Fes-Meknes","Sidi Yacoub","Rghioua",1,0.0174563591022444
"685","Beni Mellal-Khenifra","Fes-Meknes","Sidi Yacoub","Sebaa Rouadi",1,0.0108063175394846
"686","Beni Mellal-Khenifra","Fes-Meknes","Sidi Yacoub","Sidi El Makhfi",2.75,0.0167290108063175
"687","Beni Mellal-Khenifra","Fes-Meknes","Sidi Yacoub","Tigrigra",1,0.0184538653366584
"688","Beni Mellal-Khenifra","Fes-Meknes","Sidi Yacoub","Timahdite",6,0.0111981949887187
"689","Beni Mellal-Khenifra","Fes-Meknes","Tanourdi","Aghbalou Aqorar",1,0.0149625935162095
"690","Beni Mellal-Khenifra","Fes-Meknes","Tanourdi","Almis Marmoucha",1,0.00249376558603491
"691","Beni Mellal-Khenifra","Fes-Meknes","Tanourdi","Enjil",1,0.00249376558603491
"692","Beni Mellal-Khenifra","Fes-Meknes","Tanourdi","Majjate",1,0.00249376558603491
"693","Beni Mellal-Khenifra","Fes-Meknes","Tanourdi","Outat El Haj",1,0.00249376558603491
"694","Beni Mellal-Khenifra","Fes-Meknes","Tanourdi","Sidi Boutayeb",1,0.00997506234413965
"695","Beni Mellal-Khenifra","Fes-Meknes","Tanourdi","Zrarda",1,0.00249376558603491
"696","Beni Mellal-Khenifra","Fes-Meknes","Tighassaline","Aghbalou Aqorar",2,0.043640897755611
"697","Beni Mellal-Khenifra","Fes-Meknes","Tighassaline","Ain Bida",1,0.00498753117206983
"698","Beni Mellal-Khenifra","Fes-Meknes","Tighassaline","Ain Chkef",1,0.0199501246882793
"699","Beni Mellal-Khenifra","Fes-Meknes","Tighassaline","Ain Kansra",1,0.0174563591022444
"700","Beni Mellal-Khenifra","Fes-Meknes","Tighassaline","Ain Leuh",3,0.0116375727348296
"701","Beni Mellal-Khenifra","Fes-Meknes","Tighassaline","Ait Boubidmane",1,0.0199501246882793
"702","Beni Mellal-Khenifra","Fes-Meknes","Tighassaline","Ait Naamane",3,0.0116375727348296
"703","Beni Mellal-Khenifra","Fes-Meknes","Tighassaline","Ben Smim",2,0.0249376558603491
"704","Beni Mellal-Khenifra","Fes-Meknes","Tighassaline","Bni Snous",1,0.00249376558603491
"705","Beni Mellal-Khenifra","Fes-Meknes","Tighassaline","Dayat Aoua",1,0.00748129675810474
"706","Beni Mellal-Khenifra","Fes-Meknes","Tighassaline","Enjil",1,0.119700748129676
"707","Beni Mellal-Khenifra","Fes-Meknes","Tighassaline","Fes Medina",1,0.0324189526184539
"708","Beni Mellal-Khenifra","Fes-Meknes","Tighassaline","Mezraoua",1,0.00498753117206983
"709","Beni Mellal-Khenifra","Fes-Meknes","Tighassaline","Moulay Idriss Zarhoun",1,0.0473815461346633
"710","Beni Mellal-Khenifra","Fes-Meknes","Tighassaline","Oulad Mimoun",1,0.027431421446384
"711","Beni Mellal-Khenifra","Fes-Meknes","Tighassaline","Sebaa Rouadi",1,0.00498753117206983
"712","Beni Mellal-Khenifra","Fes-Meknes","Tighassaline","Sidi Boutayeb",2,0.027431421446384
"713","Beni Mellal-Khenifra","Fes-Meknes","Tighassaline","Sidi El Makhfi",1,0.00498753117206983
"714","Beni Mellal-Khenifra","Fes-Meknes","Tighassaline","Timahdite",8,0.0127805486284289
"715","Beni Mellal-Khenifra","Fes-Meknes","Tighassaline","Zrarda",1,0.15211970074813
"716","Beni Mellal-Khenifra","Marrakech-Safi","Aguelmouss","Benguerir",1,0.0207813798836243
"717","Beni Mellal-Khenifra","Marrakech-Safi","Aguelmouss","Jaafra",1,0.0199501246882793
"718","Beni Mellal-Khenifra","Marrakech-Safi","Aguelmouss","Labrikiyne",1,0.0104738154613466
"719","Beni Mellal-Khenifra","Marrakech-Safi","Aguelmouss","Lamzoudia",1,0.00249376558603491
"720","Beni Mellal-Khenifra","Marrakech-Safi","Aguelmouss","M'Nabha",1,0.00748129675810474
"721","Beni Mellal-Khenifra","Marrakech-Safi","Aguelmouss","Oued L'Bour",1,0.00810473815461347
"722","Beni Mellal-Khenifra","Marrakech-Safi","Aguelmouss","Oulad Hassoune Hamri",1,0.0115096873201611
"723","Beni Mellal-Khenifra","Marrakech-Safi","Aguelmouss","Oulad Zarrad",1,0.00498753117206983
"724","Beni Mellal-Khenifra","Marrakech-Safi","Aguelmouss","Saidate",1,0.0364713216957606
"725","Beni Mellal-Khenifra","Marrakech-Safi","Aguelmouss","Taouloukoult",1.8,0.0178304239401496
"726","Beni Mellal-Khenifra","Marrakech-Safi","Ait Saadelli","Labrikiyne",1,0.00997506234413965
"727","Beni Mellal-Khenifra","Marrakech-Safi","Ait Saadelli","Lamzoudia",1,0.0374064837905237
"728","Beni Mellal-Khenifra","Marrakech-Safi","Ait Saadelli","Oued L'Bour",1,0.00249376558603491
"729","Beni Mellal-Khenifra","Marrakech-Safi","Ait Saadelli","Oulad Zarrad",1,0.00498753117206983
"730","Beni Mellal-Khenifra","Marrakech-Safi","Bni Ayat","Benguerir",1,0.027431421446384
"731","Beni Mellal-Khenifra","Marrakech-Safi","Bni Ayat","M'Nabha",1,0.00249376558603491
"732","Beni Mellal-Khenifra","Marrakech-Safi","Bni Ayat","Oulad Hassoune Hamri",1,0.00249376558603491
"733","Beni Mellal-Khenifra","Marrakech-Safi","Bni Ayat","Taouloukoult",2,0.0249376558603491
"734","Beni Mellal-Khenifra","Marrakech-Safi","Bni Oukil","Jaafra",1,0.0187032418952618
"735","Beni Mellal-Khenifra","Marrakech-Safi","Bni Oukil","Labrikiyne",1,0.013715710723192
"736","Beni Mellal-Khenifra","Marrakech-Safi","Bni Oukil","Lamzoudia",1,0.0108063175394846
"737","Beni Mellal-Khenifra","Marrakech-Safi","Bni Oukil","Oued L'Bour",1,0.00498753117206983
"738","Beni Mellal-Khenifra","Marrakech-Safi","Bni Oukil","Oulad Hassoune Hamri",1,0.00249376558603491
"739","Beni Mellal-Khenifra","Marrakech-Safi","Bni Oukil","Oulad Zarrad",1,0.0124688279301746
"740","Beni Mellal-Khenifra","Marrakech-Safi","Bni Oukil","Taouloukoult",1,0.00249376558603491
"741","Beni Mellal-Khenifra","Marrakech-Safi","Bni Ykhlef","Jaafra",1,0.0324189526184539
"742","Beni Mellal-Khenifra","Marrakech-Safi","Bni Ykhlef","Labrikiyne",1,0.00748129675810474
"743","Beni Mellal-Khenifra","Marrakech-Safi","Bni Ykhlef","Oulad Hassoune Hamri",1,0.00748129675810474
"744","Beni Mellal-Khenifra","Marrakech-Safi","El Borj","Benguerir",1,0.0174563591022444
"745","Beni Mellal-Khenifra","Marrakech-Safi","El Borj","Labrikiyne",1,0.0124688279301746
"746","Beni Mellal-Khenifra","Marrakech-Safi","El Borj","Lamzoudia",1,0.0249376558603491
"747","Beni Mellal-Khenifra","Marrakech-Safi","El Borj","Oulad Hassoune Hamri",1,0.0261845386533666
"748","Beni Mellal-Khenifra","Marrakech-Safi","El Borj","Oulad Zarrad",1,0.00748129675810474
"749","Beni Mellal-Khenifra","Marrakech-Safi","El Borj","Taouloukoult",1,0.00748129675810474
"750","Beni Mellal-Khenifra","Marrakech-Safi","El Hammam","Benguerir",1,0.00249376558603491
"751","Beni Mellal-Khenifra","Marrakech-Safi","El Hammam","Jaafra",1,0.029925187032419
"752","Beni Mellal-Khenifra","Marrakech-Safi","El Hammam","Labrikiyne",1,0.00498753117206983
"753","Beni Mellal-Khenifra","Marrakech-Safi","El Hammam","Lamzoudia",1,0.0149625935162095
"754","Beni Mellal-Khenifra","Marrakech-Safi","El Hammam","Oulad Hassoune Hamri",1,0.013715710723192
"755","Beni Mellal-Khenifra","Marrakech-Safi","El Hammam","Oulad Zarrad",1,0.0149625935162095
"756","Beni Mellal-Khenifra","Marrakech-Safi","El Hammam","Saidate",1,0.0324189526184539
"757","Beni Mellal-Khenifra","Marrakech-Safi","El Hammam","Taouloukoult",1,0.00249376558603491
"758","Beni Mellal-Khenifra","Marrakech-Safi","Fkih Ben Salah","Benguerir",1,0.00249376558603491
"759","Beni Mellal-Khenifra","Marrakech-Safi","Fkih Ben Salah","Jaafra",1,0.00997506234413965
"760","Beni Mellal-Khenifra","Marrakech-Safi","Fkih Ben Salah","Oulad Hassoune Hamri",1,0.00997506234413965
"761","Beni Mellal-Khenifra","Marrakech-Safi","Fkih Ben Salah","Taouloukoult",1,0.00249376558603491
"762","Beni Mellal-Khenifra","Marrakech-Safi","Had Bouhssoussen","Benguerir",1,0.0124688279301746
"763","Beni Mellal-Khenifra","Marrakech-Safi","Had Bouhssoussen","Oulad Hassoune Hamri",1,0.0374064837905237
"764","Beni Mellal-Khenifra","Marrakech-Safi","Had Bouhssoussen","Taouloukoult",2,0.00623441396508728
"765","Beni Mellal-Khenifra","Marrakech-Safi","Khmis Bni Chegdale","Benguerir",1,0.0199501246882793
"766","Beni Mellal-Khenifra","Marrakech-Safi","Khmis Bni Chegdale","Jaafra",1,0.00249376558603491
"767","Beni Mellal-Khenifra","Marrakech-Safi","Khmis Bni Chegdale","Oued L'Bour",1,0.0149625935162095
"768","Beni Mellal-Khenifra","Marrakech-Safi","Khmis Bni Chegdale","Oulad Hassoune Hamri",1,0.0241064006650042
"769","Beni Mellal-Khenifra","Marrakech-Safi","Khmis Bni Chegdale","Oulad Zarrad",1,0.00249376558603491
"770","Beni Mellal-Khenifra","Marrakech-Safi","Khmis Bni Chegdale","Saidate",1,0.00997506234413965
"771","Beni Mellal-Khenifra","Marrakech-Safi","Khmis Bni Chegdale","Taouloukoult",2,0.015378221113882
"772","Beni Mellal-Khenifra","Marrakech-Safi","Krifate","Benguerir",1,0.00498753117206983
"773","Beni Mellal-Khenifra","Marrakech-Safi","Krifate","Jaafra",1,0.0249376558603491
"774","Beni Mellal-Khenifra","Marrakech-Safi","Krifate","Oulad Hassoune Hamri",1,0.0224438902743142
"775","Beni Mellal-Khenifra","Marrakech-Safi","Krifate","Taouloukoult",2,0.00249376558603491
"776","Beni Mellal-Khenifra","Marrakech-Safi","Lagnadiz","Labrikiyne",1,0.00249376558603491
"777","Beni Mellal-Khenifra","Marrakech-Safi","Lagnadiz","Lamzoudia",1,0.00997506234413965
"778","Beni Mellal-Khenifra","Marrakech-Safi","Lagnadiz","Oued L'Bour",1,0.0124688279301746
"779","Beni Mellal-Khenifra","Marrakech-Safi","Lagnadiz","Oulad Zarrad",1,0.0174563591022444
"780","Beni Mellal-Khenifra","Marrakech-Safi","Oulad Abdoune","Jaafra",1,0.0349127182044888
"781","Beni Mellal-Khenifra","Marrakech-Safi","Oulad Abdoune","Labrikiyne",1,0.00997506234413965
"782","Beni Mellal-Khenifra","Marrakech-Safi","Oulad Boughadi","Jaafra",1,0.00249376558603491
"783","Beni Mellal-Khenifra","Marrakech-Safi","Oulad Boughadi","Labrikiyne",1,0.0174563591022444
"784","Beni Mellal-Khenifra","Marrakech-Safi","Oulad Boughadi","Lamzoudia",1,0.00748129675810474
"785","Beni Mellal-Khenifra","Marrakech-Safi","Oulad Zmam","Benguerir",1,0.00249376558603491
"786","Beni Mellal-Khenifra","Marrakech-Safi","Oulad Zmam","Jaafra",1,0.0448877805486284
"787","Beni Mellal-Khenifra","Marrakech-Safi","Oulad Zmam","Lamzoudia",1,0.0174563591022444
"788","Beni Mellal-Khenifra","Marrakech-Safi","Oulad Zmam","Oued L'Bour",1,0.00872817955112219
"789","Beni Mellal-Khenifra","Marrakech-Safi","Oulad Zmam","Oulad Hassoune Hamri",1,0.0349127182044888
"790","Beni Mellal-Khenifra","Marrakech-Safi","Oulad Zmam","Oulad Zarrad",1,0.0199501246882793
"791","Beni Mellal-Khenifra","Marrakech-Safi","Oulad Zmam","Saidate",1,0.0523690773067332
"792","Beni Mellal-Khenifra","Marrakech-Safi","Oulad Zmam","Taouloukoult",1,0.00249376558603491
"793","Beni Mellal-Khenifra","Marrakech-Safi","Oum Rabia","M'Nabha",1,0.149625935162095
"794","Beni Mellal-Khenifra","Marrakech-Safi","Oum Rabia","Taouloukoult",1,0.00249376558603491
"795","Beni Mellal-Khenifra","Marrakech-Safi","Sidi Amar","M'Nabha",1,0.00249376558603491
"796","Beni Mellal-Khenifra","Marrakech-Safi","Sidi Hcine","Benguerir",1,0.029925187032419
"797","Beni Mellal-Khenifra","Marrakech-Safi","Sidi Hcine","M'Nabha",1,0.00249376558603491
"798","Beni Mellal-Khenifra","Marrakech-Safi","Sidi Hcine","Oulad Hassoune Hamri",1,0.00249376558603491
"799","Beni Mellal-Khenifra","Marrakech-Safi","Sidi Hcine","Taouloukoult",2,0.027431421446384
"800","Beni Mellal-Khenifra","Marrakech-Safi","Sidi Yacoub","Labrikiyne",1,0.0149625935162095
"801","Beni Mellal-Khenifra","Marrakech-Safi","Sidi Yacoub","Lamzoudia",1,0.0159600997506234
"802","Beni Mellal-Khenifra","Marrakech-Safi","Sidi Yacoub","Oued L'Bour",1,0.0124688279301746
"803","Beni Mellal-Khenifra","Marrakech-Safi","Sidi Yacoub","Oulad Zarrad",1,0.0207813798836243
"804","Beni Mellal-Khenifra","Marrakech-Safi","Tanourdi","Benguerir",1,0.0324189526184539
"805","Beni Mellal-Khenifra","Marrakech-Safi","Tanourdi","Oulad Hassoune Hamri",1,0.00498753117206983
"806","Beni Mellal-Khenifra","Marrakech-Safi","Tanourdi","Taouloukoult",2,0.0236907730673317
"807","Beni Mellal-Khenifra","Marrakech-Safi","Tighassaline","Benguerir",1,0.00249376558603491
"808","Beni Mellal-Khenifra","Marrakech-Safi","Tighassaline","M'Nabha",1,0.13715710723192
"809","Beni Mellal-Khenifra","Marrakech-Safi","Tighassaline","Oued L'Bour",1,0.0149625935162095
"810","Beni Mellal-Khenifra","Marrakech-Safi","Tighassaline","Saidate",1,0.029925187032419
"811","Beni Mellal-Khenifra","Oriental","Aguelmouss","Aghbal",1.44444444444444,0.0241064006650042
"812","Beni Mellal-Khenifra","Oriental","Aguelmouss","Ahl Angad",1,0.0103313145707161
"813","Beni Mellal-Khenifra","Oriental","Aguelmouss","Ain Lehjer",1,0.0184154997122578
"814","Beni Mellal-Khenifra","Oriental","Aguelmouss","Ain Sfa",1,0.0174563591022444
"815","Beni Mellal-Khenifra","Oriental","Aguelmouss","Bni Khaled",2,0.0141313383208645
"816","Beni Mellal-Khenifra","Oriental","Aguelmouss","Bougriba",1,0.0095000593753711
"817","Beni Mellal-Khenifra","Oriental","Aguelmouss","Guenfouda",1.21428571428571,0.0146954043462772
"818","Beni Mellal-Khenifra","Oriental","Aguelmouss","Houara Oulad Raho",1.06666666666667,0.0113050706566916
"819","Beni Mellal-Khenifra","Oriental","Aguelmouss","Lamrija",1,0.0327306733167082
"820","Beni Mellal-Khenifra","Oriental","Aguelmouss","Madagh",1,0.0232751454696592
"821","Beni Mellal-Khenifra","Oriental","Aguelmouss","Oujda",1,0.00605628785179907
"822","Beni Mellal-Khenifra","Oriental","Aguelmouss","Sidi Boulenouar",1,0.0159600997506234
"823","Beni Mellal-Khenifra","Oriental","Aguelmouss","Sidi Moussa Lamhaya",1.19047619047619,0.0147844674029213
"824","Beni Mellal-Khenifra","Oriental","Aguelmouss","Zegzel",1,0.0181364769893448
"825","Beni Mellal-Khenifra","Oriental","Ait Saadelli","Ain Lehjer",1,0.00498753117206983
"826","Beni Mellal-Khenifra","Oriental","Ait Saadelli","Ain Sfa",1,0.00498753117206983
"827","Beni Mellal-Khenifra","Oriental","Ait Saadelli","Bni Khaled",2,0.00498753117206983
"828","Beni Mellal-Khenifra","Oriental","Ait Saadelli","Oujda",1,0.00249376558603491
"829","Beni Mellal-Khenifra","Oriental","Bni Ayat","Ahl Angad",1,0.00748129675810474
"830","Beni Mellal-Khenifra","Oriental","Bni Ayat","Bougriba",1,0.00498753117206983
"831","Beni Mellal-Khenifra","Oriental","Bni Ayat","Guenfouda",1,0.00748129675810474
"832","Beni Mellal-Khenifra","Oriental","Bni Ayat","Houara Oulad Raho",1,0.0399002493765586
"833","Beni Mellal-Khenifra","Oriental","Bni Ayat","Madagh",1,0.0149625935162095
"834","Beni Mellal-Khenifra","Oriental","Bni Ayat","Sidi Boulenouar",1,0.0249376558603491
"835","Beni Mellal-Khenifra","Oriental","Bni Ayat","Sidi Moussa Lamhaya",1,0.029925187032419
"836","Beni Mellal-Khenifra","Oriental","Bni Ayat","Zegzel",1,0.0174563591022444
"837","Beni Mellal-Khenifra","Oriental","Bni Oukil","Aghbal",1,0.0187032418952618
"838","Beni Mellal-Khenifra","Oriental","Bni Oukil","Ahl Angad",1,0.00249376558603491
"839","Beni Mellal-Khenifra","Oriental","Bni Oukil","Ain Lehjer",1,0.00997506234413965
"840","Beni Mellal-Khenifra","Oriental","Bni Oukil","Ain Sfa",1,0.0207813798836243
"841","Beni Mellal-Khenifra","Oriental","Bni Oukil","Bni Khaled",2,0.0174563591022444
"842","Beni Mellal-Khenifra","Oriental","Bni Oukil","Bougriba",1,0.00498753117206983
"843","Beni Mellal-Khenifra","Oriental","Bni Oukil","Guenfouda",1.33333333333333,0.0108063175394846
"844","Beni Mellal-Khenifra","Oriental","Bni Oukil","Houara Oulad Raho",1,0.00249376558603491
"845","Beni Mellal-Khenifra","Oriental","Bni Oukil","Oujda",1,0.00498753117206983
"846","Beni Mellal-Khenifra","Oriental","Bni Oukil","Sidi Moussa Lamhaya",1.16666666666667,0.029925187032419
"847","Beni Mellal-Khenifra","Oriental","Bni Ykhlef","Aghbal",1,0.0224438902743142
"848","Beni Mellal-Khenifra","Oriental","Bni Ykhlef","Ahl Angad",1,0.00249376558603491
"849","Beni Mellal-Khenifra","Oriental","Bni Ykhlef","Ain Lehjer",1,0.00249376558603491
"850","Beni Mellal-Khenifra","Oriental","Bni Ykhlef","Ain Sfa",1,0.0199501246882793
"851","Beni Mellal-Khenifra","Oriental","Bni Ykhlef","Bni Khaled",2,0.00623441396508728
"852","Beni Mellal-Khenifra","Oriental","Bni Ykhlef","Bougriba",1,0.0149625935162095
"853","Beni Mellal-Khenifra","Oriental","Bni Ykhlef","Guenfouda",2,0.00872817955112219
"854","Beni Mellal-Khenifra","Oriental","Bni Ykhlef","Sidi Boulenouar",1,0.00249376558603491
"855","Beni Mellal-Khenifra","Oriental","Bni Ykhlef","Sidi Moussa Lamhaya",1,0.0149625935162095
"856","Beni Mellal-Khenifra","Oriental","El Borj","Aghbal",1,0.00332502078137988
"857","Beni Mellal-Khenifra","Oriental","El Borj","Ahl Angad",1,0.0349127182044888
"858","Beni Mellal-Khenifra","Oriental","El Borj","Ain Lehjer",1,0.0108063175394846
"859","Beni Mellal-Khenifra","Oriental","El Borj","Ain Sfa",1,0.00498753117206983
"860","Beni Mellal-Khenifra","Oriental","El Borj","Bni Khaled",1,0.00748129675810474
"861","Beni Mellal-Khenifra","Oriental","El Borj","Bougriba",1,0.0261845386533666
"862","Beni Mellal-Khenifra","Oriental","El Borj","Guenfouda",1,0.029925187032419
"863","Beni Mellal-Khenifra","Oriental","El Borj","Houara Oulad Raho",1,0.013715710723192
"864","Beni Mellal-Khenifra","Oriental","El Borj","Madagh",1,0.00249376558603491
"865","Beni Mellal-Khenifra","Oriental","El Borj","Sidi Boulenouar",1,0.013715710723192
"866","Beni Mellal-Khenifra","Oriental","El Borj","Sidi Moussa Lamhaya",1,0.0133000831255195
"867","Beni Mellal-Khenifra","Oriental","El Borj","Zegzel",1,0.0149625935162095
"868","Beni Mellal-Khenifra","Oriental","El Hammam","Aghbal",1.33333333333333,0.0374064837905237
"869","Beni Mellal-Khenifra","Oriental","El Hammam","Ahl Angad",1,0.013715710723192
"870","Beni Mellal-Khenifra","Oriental","El Hammam","Ain Lehjer",1,0.0168329177057357
"871","Beni Mellal-Khenifra","Oriental","El Hammam","Ain Sfa",1,0.00249376558603491
"872","Beni Mellal-Khenifra","Oriental","El Hammam","Bni Khaled",2,0.00374064837905237
"873","Beni Mellal-Khenifra","Oriental","El Hammam","Bougriba",1,0.00935162094763092
"874","Beni Mellal-Khenifra","Oriental","El Hammam","Guenfouda",1,0.00748129675810474
"875","Beni Mellal-Khenifra","Oriental","El Hammam","Houara Oulad Raho",1,0.00498753117206983
"876","Beni Mellal-Khenifra","Oriental","El Hammam","Lamrija",1,0.0349127182044888
"877","Beni Mellal-Khenifra","Oriental","El Hammam","Madagh",1,0.00249376558603491
"878","Beni Mellal-Khenifra","Oriental","El Hammam","Oujda",1,0.00498753117206983
"879","Beni Mellal-Khenifra","Oriental","El Hammam","Sidi Boulenouar",1,0.00997506234413965
"880","Beni Mellal-Khenifra","Oriental","El Hammam","Sidi Moussa Lamhaya",1,0.00498753117206983
"881","Beni Mellal-Khenifra","Oriental","El Hammam","Zegzel",1,0.00249376558603491
"882","Beni Mellal-Khenifra","Oriental","Fkih Ben Salah","Aghbal",1,0.0473815461346633
"883","Beni Mellal-Khenifra","Oriental","Fkih Ben Salah","Ahl Angad",1,0.0149625935162095
"884","Beni Mellal-Khenifra","Oriental","Fkih Ben Salah","Ain Lehjer",1,0.0374064837905237
"885","Beni Mellal-Khenifra","Oriental","Fkih Ben Salah","Ain Sfa",1,0.00249376558603491
"886","Beni Mellal-Khenifra","Oriental","Fkih Ben Salah","Bougriba",1,0.029925187032419
"887","Beni Mellal-Khenifra","Oriental","Fkih Ben Salah","Guenfouda",1,0.0174563591022444
"888","Beni Mellal-Khenifra","Oriental","Fkih Ben Salah","Sidi Boulenouar",1,0.00997506234413965
"889","Beni Mellal-Khenifra","Oriental","Fkih Ben Salah","Sidi Moussa Lamhaya",2,0.00374064837905237
"890","Beni Mellal-Khenifra","Oriental","Had Bouhssoussen","Aghbal",1,0.00249376558603491
"891","Beni Mellal-Khenifra","Oriental","Had Bouhssoussen","Ahl Angad",1,0.0224438902743142
"892","Beni Mellal-Khenifra","Oriental","Had Bouhssoussen","Ain Lehjer",1,0.0124688279301746
"893","Beni Mellal-Khenifra","Oriental","Had Bouhssoussen","Bougriba",1,0.029925187032419
"894","Beni Mellal-Khenifra","Oriental","Had Bouhssoussen","Guenfouda",1,0.0349127182044888
"895","Beni Mellal-Khenifra","Oriental","Had Bouhssoussen","Houara Oulad Raho",1,0.0249376558603491
"896","Beni Mellal-Khenifra","Oriental","Had Bouhssoussen","Madagh",1,0.00249376558603491
"897","Beni Mellal-Khenifra","Oriental","Had Bouhssoussen","Sidi Boulenouar",1,0.0249376558603491
"898","Beni Mellal-Khenifra","Oriental","Had Bouhssoussen","Sidi Moussa Lamhaya",1,0.0174563591022444
"899","Beni Mellal-Khenifra","Oriental","Had Bouhssoussen","Zegzel",1,0.0174563591022444
"900","Beni Mellal-Khenifra","Oriental","Khmis Bni Chegdale","Aghbal",1.5,0.00498753117206983
"901","Beni Mellal-Khenifra","Oriental","Khmis Bni Chegdale","Ahl Angad",1,0.0157938487115544
"902","Beni Mellal-Khenifra","Oriental","Khmis Bni Chegdale","Ain Lehjer",1,0.00748129675810474
"903","Beni Mellal-Khenifra","Oriental","Khmis Bni Chegdale","Bougriba",1,0.0162094763092269
"904","Beni Mellal-Khenifra","Oriental","Khmis Bni Chegdale","Guenfouda",1,0.0216126350789692
"905","Beni Mellal-Khenifra","Oriental","Khmis Bni Chegdale","Houara Oulad Raho",1,0.0174563591022444
"906","Beni Mellal-Khenifra","Oriental","Khmis Bni Chegdale","Lamrija",1,0.00748129675810474
"907","Beni Mellal-Khenifra","Oriental","Khmis Bni Chegdale","Madagh",1,0.00623441396508728
"908","Beni Mellal-Khenifra","Oriental","Khmis Bni Chegdale","Oujda",1,0.00997506234413965
"909","Beni Mellal-Khenifra","Oriental","Khmis Bni Chegdale","Sidi Boulenouar",1,0.027431421446384
"910","Beni Mellal-Khenifra","Oriental","Khmis Bni Chegdale","Sidi Moussa Lamhaya",1,0.0255610972568579
"911","Beni Mellal-Khenifra","Oriental","Khmis Bni Chegdale","Zegzel",1,0.00914380714879468
"912","Beni Mellal-Khenifra","Oriental","Krifate","Aghbal",1,0.057356608478803
"913","Beni Mellal-Khenifra","Oriental","Krifate","Ahl Angad",1,0.0149625935162095
"914","Beni Mellal-Khenifra","Oriental","Krifate","Ain Lehjer",1,0.0399002493765586
"915","Beni Mellal-Khenifra","Oriental","Krifate","Bni Khaled",2,0.00249376558603491
"916","Beni Mellal-Khenifra","Oriental","Krifate","Bougriba",1,0.0224438902743142
"917","Beni Mellal-Khenifra","Oriental","Krifate","Guenfouda",1,0.0124688279301746
"918","Beni Mellal-Khenifra","Oriental","Krifate","Sidi Boulenouar",1,0.00997506234413965
"919","Beni Mellal-Khenifra","Oriental","Krifate","Sidi Moussa Lamhaya",1.5,0.219451371571072
"920","Beni Mellal-Khenifra","Oriental","Krifate","Zegzel",1,0.00249376558603491
"921","Beni Mellal-Khenifra","Oriental","Lagnadiz","Aghbal",1,0.00249376558603491
"922","Beni Mellal-Khenifra","Oriental","Lagnadiz","Ain Lehjer",1,0.0174563591022444
"923","Beni Mellal-Khenifra","Oriental","Lagnadiz","Bougriba",1,0.0124688279301746
"924","Beni Mellal-Khenifra","Oriental","Lagnadiz","Guenfouda",1,0.00249376558603491
"925","Beni Mellal-Khenifra","Oriental","Lagnadiz","Oujda",1,0.0124688279301746
"926","Beni Mellal-Khenifra","Oriental","Lagnadiz","Sidi Moussa Lamhaya",1,0.0174563591022444
"927","Beni Mellal-Khenifra","Oriental","Oulad Abdoune","Aghbal",1,0.0199501246882793
"928","Beni Mellal-Khenifra","Oriental","Oulad Abdoune","Ahl Angad",1,0.00249376558603491
"929","Beni Mellal-Khenifra","Oriental","Oulad Abdoune","Ain Lehjer",1,0.00748129675810474
"930","Beni Mellal-Khenifra","Oriental","Oulad Abdoune","Ain Sfa",1,0.00498753117206983
"931","Beni Mellal-Khenifra","Oriental","Oulad Abdoune","Bni Khaled",2,0.0124688279301746
"932","Beni Mellal-Khenifra","Oriental","Oulad Abdoune","Bougriba",1,0.00498753117206983
"933","Beni Mellal-Khenifra","Oriental","Oulad Abdoune","Guenfouda",2,0.00872817955112219
"934","Beni Mellal-Khenifra","Oriental","Oulad Abdoune","Sidi Boulenouar",1,0.00748129675810474
"935","Beni Mellal-Khenifra","Oriental","Oulad Abdoune","Sidi Moussa Lamhaya",2,0.0124688279301746
"936","Beni Mellal-Khenifra","Oriental","Oulad Abdoune","Zegzel",1,0.00249376558603491
"937","Beni Mellal-Khenifra","Oriental","Oulad Boughadi","Ain Lehjer",1,0.00498753117206983
"938","Beni Mellal-Khenifra","Oriental","Oulad Boughadi","Ain Sfa",1,0.0199501246882793
"939","Beni Mellal-Khenifra","Oriental","Oulad Boughadi","Bni Khaled",2,0.0249376558603491
"940","Beni Mellal-Khenifra","Oriental","Oulad Boughadi","Guenfouda",1,0.0199501246882793
"941","Beni Mellal-Khenifra","Oriental","Oulad Boughadi","Sidi Moussa Lamhaya",1,0.0174563591022444
"942","Beni Mellal-Khenifra","Oriental","Oulad M'Barek","Sidi Moussa Lamhaya",1,0.0199501246882793
"943","Beni Mellal-Khenifra","Oriental","Oulad Zmam","Aghbal",1.5,0.0392768079800499
"944","Beni Mellal-Khenifra","Oriental","Oulad Zmam","Ahl Angad",1,0.0149625935162095
"945","Beni Mellal-Khenifra","Oriental","Oulad Zmam","Ain Lehjer",1,0.0211970074812968
"946","Beni Mellal-Khenifra","Oriental","Oulad Zmam","Bni Khaled",2,0.00249376558603491
"947","Beni Mellal-Khenifra","Oriental","Oulad Zmam","Bougriba",1,0.0133000831255195
"948","Beni Mellal-Khenifra","Oriental","Oulad Zmam","Guenfouda",1.5,0.00311720698254364
"949","Beni Mellal-Khenifra","Oriental","Oulad Zmam","Houara Oulad Raho",1.5,0.00498753117206983
"950","Beni Mellal-Khenifra","Oriental","Oulad Zmam","Lamrija",1,0.029925187032419
"951","Beni Mellal-Khenifra","Oriental","Oulad Zmam","Madagh",1,0.00249376558603491
"952","Beni Mellal-Khenifra","Oriental","Oulad Zmam","Oujda",1,0.0174563591022444
"953","Beni Mellal-Khenifra","Oriental","Oulad Zmam","Sidi Boulenouar",1,0.00997506234413965
"954","Beni Mellal-Khenifra","Oriental","Oulad Zmam","Sidi Moussa Lamhaya",1,0.00665004156275977
"955","Beni Mellal-Khenifra","Oriental","Oulad Zmam","Zegzel",1,0.00249376558603491
"956","Beni Mellal-Khenifra","Oriental","Oum Rabia","Madagh",1,0.00498753117206983
"957","Beni Mellal-Khenifra","Oriental","Sidi Amar","Sidi Moussa Lamhaya",1,0.00748129675810474
"958","Beni Mellal-Khenifra","Oriental","Sidi Hcine","Ahl Angad",1,0.00498753117206983
"959","Beni Mellal-Khenifra","Oriental","Sidi Hcine","Bougriba",1,0.00249376558603491
"960","Beni Mellal-Khenifra","Oriental","Sidi Hcine","Guenfouda",1,0.00748129675810474
"961","Beni Mellal-Khenifra","Oriental","Sidi Hcine","Houara Oulad Raho",1,0.0249376558603491
"962","Beni Mellal-Khenifra","Oriental","Sidi Hcine","Madagh",1,0.027431421446384
"963","Beni Mellal-Khenifra","Oriental","Sidi Hcine","Sidi Boulenouar",1,0.0174563591022444
"964","Beni Mellal-Khenifra","Oriental","Sidi Hcine","Sidi Moussa Lamhaya",1,0.00997506234413965
"965","Beni Mellal-Khenifra","Oriental","Sidi Hcine","Zegzel",1,0.0174563591022444
"966","Beni Mellal-Khenifra","Oriental","Sidi Yacoub","Ahl Angad",1,0.00249376558603491
"967","Beni Mellal-Khenifra","Oriental","Sidi Yacoub","Ain Lehjer",1,0.0104738154613466
"968","Beni Mellal-Khenifra","Oriental","Sidi Yacoub","Ain Sfa",1,0.0124688279301746
"969","Beni Mellal-Khenifra","Oriental","Sidi Yacoub","Bni Khaled",1.4,0.00922693266832918
"970","Beni Mellal-Khenifra","Oriental","Sidi Yacoub","Bougriba",1,0.0211970074812968
"971","Beni Mellal-Khenifra","Oriental","Sidi Yacoub","Guenfouda",1,0.00872817955112219
"972","Beni Mellal-Khenifra","Oriental","Sidi Yacoub","Oujda",1,0.00914380714879468
"973","Beni Mellal-Khenifra","Oriental","Sidi Yacoub","Sidi Moussa Lamhaya",1.4,0.0109725685785536
"974","Beni Mellal-Khenifra","Oriental","Tanourdi","Ahl Angad",1,0.0124688279301746
"975","Beni Mellal-Khenifra","Oriental","Tanourdi","Bougriba",1,0.00498753117206983
"976","Beni Mellal-Khenifra","Oriental","Tanourdi","Guenfouda",1,0.00498753117206983
"977","Beni Mellal-Khenifra","Oriental","Tanourdi","Houara Oulad Raho",1,0.0324189526184539
"978","Beni Mellal-Khenifra","Oriental","Tanourdi","Madagh",1,0.00997506234413965
"979","Beni Mellal-Khenifra","Oriental","Tanourdi","Sidi Boulenouar",1,0.0249376558603491
"980","Beni Mellal-Khenifra","Oriental","Tanourdi","Sidi Moussa Lamhaya",1,0.0249376558603491
"981","Beni Mellal-Khenifra","Oriental","Tanourdi","Zegzel",1,0.0249376558603491
"982","Beni Mellal-Khenifra","Oriental","Tighassaline","Aghbal",2,0.0336658354114713
"983","Beni Mellal-Khenifra","Oriental","Tighassaline","Bougriba",1,0.00748129675810474
"984","Beni Mellal-Khenifra","Oriental","Tighassaline","Houara Oulad Raho",1,0.00498753117206983
"985","Beni Mellal-Khenifra","Oriental","Tighassaline","Lamrija",1,0.0374064837905237
"986","Beni Mellal-Khenifra","Oriental","Tighassaline","Madagh",1,0.00498753117206983
"987","Beni Mellal-Khenifra","Oriental","Tighassaline","Oujda",1,0.00249376558603491
"988","Beni Mellal-Khenifra","Oriental","Tighassaline","Sidi Moussa Lamhaya",1,0.00249376558603491
"989","Beni Mellal-Khenifra","Rabat-Sale-Kenitra","Aguelmouss","Ain Attig",1,0.0114000712504453
"990","Beni Mellal-Khenifra","Rabat-Sale-Kenitra","Aguelmouss","Ait Ikkou",1,0.0177057356608479
"991","Beni Mellal-Khenifra","Rabat-Sale-Kenitra","Aguelmouss","Arbaoua",1,0.00498753117206983
"992","Beni Mellal-Khenifra","Rabat-Sale-Kenitra","Aguelmouss","Boumaiz",1,0.0118453865336658
"993","Beni Mellal-Khenifra","Rabat-Sale-Kenitra","Aguelmouss","Brachoua",1,0.0211970074812968
"994","Beni Mellal-Khenifra","Rabat-Sale-Kenitra","Aguelmouss","El Kansera",1,0.00399002493765586
"995","Beni Mellal-Khenifra","Rabat-Sale-Kenitra","Aguelmouss","Lalla Mimouna",1,0.0237641191139798
"996","Beni Mellal-Khenifra","Rabat-Sale-Kenitra","Aguelmouss","Maaziz",1,0.00249376558603491
"997","Beni Mellal-Khenifra","Rabat-Sale-Kenitra","Aguelmouss","Sidi Mohamed Lahmar",1,0.0140557696667422
"998","Beni Mellal-Khenifra","Rabat-Sale-Kenitra","Aguelmouss","Sidi Yahya Zaer",1,0.0118038237738986
"999","Beni Mellal-Khenifra","Rabat-Sale-Kenitra","Aguelmouss","Zaggota",1,0.0159600997506234
"1000","Beni Mellal-Khenifra","Rabat-Sale-Kenitra","Ait Saadelli","Ain Attig",2,0.0124688279301746
"1001","Beni Mellal-Khenifra","Rabat-Sale-Kenitra","Ait Saadelli","El Kansera",1,0.00748129675810474
"1002","Beni Mellal-Khenifra","Rabat-Sale-Kenitra","Ait Saadelli","Sidi Yahya Zaer",1,0.00748129675810474
"1003","Beni Mellal-Khenifra","Rabat-Sale-Kenitra","Bni Ayat","Ait Ikkou",1,0.0249376558603491
"1004","Beni Mellal-Khenifra","Rabat-Sale-Kenitra","Bni Ayat","Arbaoua",1,0.00498753117206983
"1005","Beni Mellal-Khenifra","Rabat-Sale-Kenitra","Bni Ayat","Boumaiz",1,0.0224438902743142
"1006","Beni Mellal-Khenifra","Rabat-Sale-Kenitra","Bni Ayat","Lalla Mimouna",1,0.0249376558603491
"1007","Beni Mellal-Khenifra","Rabat-Sale-Kenitra","Bni Ayat","Sidi Mohamed Lahmar",1,0.029925187032419
"1008","Beni Mellal-Khenifra","Rabat-Sale-Kenitra","Bni Ayat","Sidi Yahya Zaer",1,0.027431421446384
"1009","Beni Mellal-Khenifra","Rabat-Sale-Kenitra","Bni Ayat","Zaggota",1,0.0324189526184539
"1010","Beni Mellal-Khenifra","Rabat-Sale-Kenitra","Bni Oukil","Agdal Riyad",1,0.0124688279301746
"1011","Beni Mellal-Khenifra","Rabat-Sale-Kenitra","Bni Oukil","Ain Attig",1.75,0.0130922693266833
"1012","Beni Mellal-Khenifra","Rabat-Sale-Kenitra","Bni Oukil","Boumaiz",1,0.00249376558603491
"1013","Beni Mellal-Khenifra","Rabat-Sale-Kenitra","Bni Oukil","Brachoua",1,0.0174563591022444
"1014","Beni Mellal-Khenifra","Rabat-Sale-Kenitra","Bni Oukil","El Kansera",1,0.0174563591022444
"1015","Beni Mellal-Khenifra","Rabat-Sale-Kenitra","Bni Oukil","Sidi Yahya Zaer",1,0.0112219451371571
"1016","Beni Mellal-Khenifra","Rabat-Sale-Kenitra","Bni Ykhlef","Ain Attig",1,0.00498753117206983
"1017","Beni Mellal-Khenifra","Rabat-Sale-Kenitra","Bni Ykhlef","Brachoua",1,0.0224438902743142
"1018","Beni Mellal-Khenifra","Rabat-Sale-Kenitra","Bni Ykhlef","Sidi Mohamed Lahmar",1,0.00249376558603491
"1019","Beni Mellal-Khenifra","Rabat-Sale-Kenitra","El Borj","Ain Attig",2,0.00997506234413965
"1020","Beni Mellal-Khenifra","Rabat-Sale-Kenitra","El Borj","Ait Ikkou",1,0.00872817955112219
"1021","Beni Mellal-Khenifra","Rabat-Sale-Kenitra","El Borj","Boumaiz",1,0.0236907730673317
"1022","Beni Mellal-Khenifra","Rabat-Sale-Kenitra","El Borj","El Kansera",1,0.00748129675810474
"1023","Beni Mellal-Khenifra","Rabat-Sale-Kenitra","El Borj","Lalla Mimouna",1,0.0187032418952618
"1024","Beni Mellal-Khenifra","Rabat-Sale-Kenitra","El Borj","Sidi Mohamed Lahmar",1,0.0187032418952618
"1025","Beni Mellal-Khenifra","Rabat-Sale-Kenitra","El Borj","Sidi Yahya Zaer",1,0.0249376558603491
"1026","Beni Mellal-Khenifra","Rabat-Sale-Kenitra","El Borj","Zaggota",1,0.00997506234413965
"1027","Beni Mellal-Khenifra","Rabat-Sale-Kenitra","El Hammam","Ain Attig",1,0.0124688279301746
"1028","Beni Mellal-Khenifra","Rabat-Sale-Kenitra","El Hammam","Boumaiz",1,0.00498753117206983
"1029","Beni Mellal-Khenifra","Rabat-Sale-Kenitra","El Hammam","Brachoua",1,0.0249376558603491
"1030","Beni Mellal-Khenifra","Rabat-Sale-Kenitra","El Hammam","El Kansera",1,0.00997506234413965
"1031","Beni Mellal-Khenifra","Rabat-Sale-Kenitra","El Hammam","Lalla Mimouna",1,0.0141313383208645
"1032","Beni Mellal-Khenifra","Rabat-Sale-Kenitra","El Hammam","Sidi Mohamed Lahmar",1,0.00997506234413965
"1033","Beni Mellal-Khenifra","Rabat-Sale-Kenitra","El Hammam","Sidi Yahya Zaer",1,0.00665004156275977
"1034","Beni Mellal-Khenifra","Rabat-Sale-Kenitra","El Hammam","Zaggota",1,0.00498753117206983
"1035","Beni Mellal-Khenifra","Rabat-Sale-Kenitra","Fkih Ben Salah","Ait Ikkou",1,0.00249376558603491
"1036","Beni Mellal-Khenifra","Rabat-Sale-Kenitra","Fkih Ben Salah","Boumaiz",1,0.00748129675810474
"1037","Beni Mellal-Khenifra","Rabat-Sale-Kenitra","Fkih Ben Salah","Brachoua",1,0.0174563591022444
"1038","Beni Mellal-Khenifra","Rabat-Sale-Kenitra","Fkih Ben Salah","Sidi Mohamed Lahmar",1,0.0124688279301746
"1039","Beni Mellal-Khenifra","Rabat-Sale-Kenitra","Fkih Ben Salah","Sidi Yahya Zaer",1,0.00997506234413965
"1040","Beni Mellal-Khenifra","Rabat-Sale-Kenitra","Had Bouhssoussen","Ait Ikkou",1,0.00249376558603491
"1041","Beni Mellal-Khenifra","Rabat-Sale-Kenitra","Had Bouhssoussen","Boumaiz",1,0.0199501246882793
"1042","Beni Mellal-Khenifra","Rabat-Sale-Kenitra","Had Bouhssoussen","Brachoua",1,0.00249376558603491
"1043","Beni Mellal-Khenifra","Rabat-Sale-Kenitra","Had Bouhssoussen","Lalla Mimouna",1,0.0124688279301746
"1044","Beni Mellal-Khenifra","Rabat-Sale-Kenitra","Had Bouhssoussen","Sidi Mohamed Lahmar",1,0.00498753117206983
"1045","Beni Mellal-Khenifra","Rabat-Sale-Kenitra","Had Bouhssoussen","Sidi Yahya Zaer",1,0.0199501246882793
"1046","Beni Mellal-Khenifra","Rabat-Sale-Kenitra","Had Bouhssoussen","Zaggota",1,0.00748129675810474
"1047","Beni Mellal-Khenifra","Rabat-Sale-Kenitra","Khmis Bni Chegdale","Ait Ikkou",1,0.0166251039068994
"1048","Beni Mellal-Khenifra","Rabat-Sale-Kenitra","Khmis Bni Chegdale","Boumaiz",1,0.027431421446384
"1049","Beni Mellal-Khenifra","Rabat-Sale-Kenitra","Khmis Bni Chegdale","Brachoua",1,0.00249376558603491
"1050","Beni Mellal-Khenifra","Rabat-Sale-Kenitra","Khmis Bni Chegdale","Lalla Mimouna",1,0.0218204488778055
"1051","Beni Mellal-Khenifra","Rabat-Sale-Kenitra","Khmis Bni Chegdale","Sidi Mohamed Lahmar",1,0.0199501246882793
"1052","Beni Mellal-Khenifra","Rabat-Sale-Kenitra","Khmis Bni Chegdale","Sidi Yahya Zaer",1,0.0241064006650042
"1053","Beni Mellal-Khenifra","Rabat-Sale-Kenitra","Khmis Bni Chegdale","Zaggota",1,0.0141313383208645
"1054","Beni Mellal-Khenifra","Rabat-Sale-Kenitra","Krifate","Ait Ikkou",1,0.00498753117206983
"1055","Beni Mellal-Khenifra","Rabat-Sale-Kenitra","Krifate","Boumaiz",1,0.00748129675810474
"1056","Beni Mellal-Khenifra","Rabat-Sale-Kenitra","Krifate","Brachoua",1,0.0124688279301746
"1057","Beni Mellal-Khenifra","Rabat-Sale-Kenitra","Krifate","Lalla Mimouna",1,0.00249376558603491
"1058","Beni Mellal-Khenifra","Rabat-Sale-Kenitra","Krifate","Sidi Mohamed Lahmar",1,0.00748129675810474
"1059","Beni Mellal-Khenifra","Rabat-Sale-Kenitra","Krifate","Zaggota",1,0.00249376558603491
"1060","Beni Mellal-Khenifra","Rabat-Sale-Kenitra","Lagnadiz","Ain Attig",1,0.0124688279301746
"1061","Beni Mellal-Khenifra","Rabat-Sale-Kenitra","Lagnadiz","El Kansera",1,0.0174563591022444
"1062","Beni Mellal-Khenifra","Rabat-Sale-Kenitra","Lagnadiz","Sidi Yahya Zaer",1,0.0249376558603491
"1063","Beni Mellal-Khenifra","Rabat-Sale-Kenitra","Oulad Abdoune","Ain Attig",1,0.00997506234413965
"1064","Beni Mellal-Khenifra","Rabat-Sale-Kenitra","Oulad Abdoune","Brachoua",1,0.0473815461346633
"1065","Beni Mellal-Khenifra","Rabat-Sale-Kenitra","Oulad Boughadi","Ain Attig",2,0.0211970074812968
"1066","Beni Mellal-Khenifra","Rabat-Sale-Kenitra","Oulad Boughadi","Ait Ikkou",1,0.00249376558603491
"1067","Beni Mellal-Khenifra","Rabat-Sale-Kenitra","Oulad Boughadi","Brachoua",1,0.00249376558603491
"1068","Beni Mellal-Khenifra","Rabat-Sale-Kenitra","Oulad M'Barek","Agdal Riyad",1,0.0498753117206983
"1069","Beni Mellal-Khenifra","Rabat-Sale-Kenitra","Oulad M'Barek","Maaziz",1,0.00498753117206983
"1070","Beni Mellal-Khenifra","Rabat-Sale-Kenitra","Oulad Zmam","Ain Attig",1,0.00748129675810474
"1071","Beni Mellal-Khenifra","Rabat-Sale-Kenitra","Oulad Zmam","Ait Ikkou",1,0.00249376558603491
"1072","Beni Mellal-Khenifra","Rabat-Sale-Kenitra","Oulad Zmam","Boumaiz",1,0.00997506234413965
"1073","Beni Mellal-Khenifra","Rabat-Sale-Kenitra","Oulad Zmam","Brachoua",1,0.0224438902743142
"1074","Beni Mellal-Khenifra","Rabat-Sale-Kenitra","Oulad Zmam","El Kansera",1,0.0112219451371571
"1075","Beni Mellal-Khenifra","Rabat-Sale-Kenitra","Oulad Zmam","Lalla Mimouna",1,0.0224438902743142
"1076","Beni Mellal-Khenifra","Rabat-Sale-Kenitra","Oulad Zmam","Sidi Yahya Zaer",1,0.0124688279301746
"1077","Beni Mellal-Khenifra","Rabat-Sale-Kenitra","Oulad Zmam","Zaggota",1,0.00249376558603491
"1078","Beni Mellal-Khenifra","Rabat-Sale-Kenitra","Oum Rabia","Agdal Riyad",1,0.0698254364089776
"1079","Beni Mellal-Khenifra","Rabat-Sale-Kenitra","Oum Rabia","Arbaoua",1,0.13715710723192
"1080","Beni Mellal-Khenifra","Rabat-Sale-Kenitra","Oum Rabia","Maaziz",1,0.0822942643391521
"1081","Beni Mellal-Khenifra","Rabat-Sale-Kenitra","Sidi Amar","Agdal Riyad",1,0.117206982543641
"1082","Beni Mellal-Khenifra","Rabat-Sale-Kenitra","Sidi Amar","Arbaoua",1,0.00498753117206983
"1083","Beni Mellal-Khenifra","Rabat-Sale-Kenitra","Sidi Amar","Maaziz",1,0.0149625935162095
"1084","Beni Mellal-Khenifra","Rabat-Sale-Kenitra","Sidi Hcine","Ait Ikkou",1,0.0448877805486284
"1085","Beni Mellal-Khenifra","Rabat-Sale-Kenitra","Sidi Hcine","Boumaiz",1,0.0124688279301746
"1086","Beni Mellal-Khenifra","Rabat-Sale-Kenitra","Sidi Hcine","Lalla Mimouna",1,0.0324189526184539
"1087","Beni Mellal-Khenifra","Rabat-Sale-Kenitra","Sidi Hcine","Maaziz",1,0.00249376558603491
"1088","Beni Mellal-Khenifra","Rabat-Sale-Kenitra","Sidi Hcine","Sidi Mohamed Lahmar",1,0.0324189526184539
"1089","Beni Mellal-Khenifra","Rabat-Sale-Kenitra","Sidi Hcine","Sidi Yahya Zaer",1,0.0199501246882793
"1090","Beni Mellal-Khenifra","Rabat-Sale-Kenitra","Sidi Hcine","Zaggota",1,0.0199501246882793
"1091","Beni Mellal-Khenifra","Rabat-Sale-Kenitra","Sidi Yacoub","Ain Attig",1.4,0.0164588528678304
"1092","Beni Mellal-Khenifra","Rabat-Sale-Kenitra","Sidi Yacoub","Brachoua",1,0.00249376558603491
"1093","Beni Mellal-Khenifra","Rabat-Sale-Kenitra","Sidi Yacoub","El Kansera",1,0.0130922693266833
"1094","Beni Mellal-Khenifra","Rabat-Sale-Kenitra","Sidi Yacoub","Sidi Yahya Zaer",1,0.0139650872817955
"1095","Beni Mellal-Khenifra","Rabat-Sale-Kenitra","Tanourdi","Ait Ikkou",1,0.0249376558603491
"1096","Beni Mellal-Khenifra","Rabat-Sale-Kenitra","Tanourdi","Boumaiz",1,0.029925187032419
"1097","Beni Mellal-Khenifra","Rabat-Sale-Kenitra","Tanourdi","Lalla Mimouna",1,0.0224438902743142
"1098","Beni Mellal-Khenifra","Rabat-Sale-Kenitra","Tanourdi","Sidi Mohamed Lahmar",1,0.029925187032419
"1099","Beni Mellal-Khenifra","Rabat-Sale-Kenitra","Tanourdi","Sidi Yahya Zaer",1,0.0174563591022444
"1100","Beni Mellal-Khenifra","Rabat-Sale-Kenitra","Tanourdi","Zaggota",1,0.0374064837905237
"1101","Beni Mellal-Khenifra","Rabat-Sale-Kenitra","Tighassaline","Agdal Riyad",1,0.029925187032419
"1102","Beni Mellal-Khenifra","Rabat-Sale-Kenitra","Tighassaline","Arbaoua",1,0.107231920199501
"1103","Beni Mellal-Khenifra","Rabat-Sale-Kenitra","Tighassaline","El Kansera",1,0.00498753117206983
"1104","Beni Mellal-Khenifra","Rabat-Sale-Kenitra","Tighassaline","Lalla Mimouna",1,0.0399002493765586
"1105","Beni Mellal-Khenifra","Rabat-Sale-Kenitra","Tighassaline","Maaziz",1,0.0822942643391521
"1106","Beni Mellal-Khenifra","Souss-Massa","Aguelmouss","Arazene",1,0.0199501246882793
"1107","Beni Mellal-Khenifra","Souss-Massa","Aguelmouss","Igoudar Mnabha",1,0.00332502078137988
"1108","Beni Mellal-Khenifra","Souss-Massa","Aguelmouss","Ouad Essafa",1,0.0195344970906068
"1109","Beni Mellal-Khenifra","Souss-Massa","Aguelmouss","Ouled Teima",1,0.00623441396508728
"1110","Beni Mellal-Khenifra","Souss-Massa","Aguelmouss","Sidi Bibi",1,0.0211970074812968
"1111","Beni Mellal-Khenifra","Souss-Massa","Ait Saadelli","Arazene",1,0.00249376558603491
"1112","Beni Mellal-Khenifra","Souss-Massa","Ait Saadelli","Igoudar Mnabha",1,0.00748129675810474
"1113","Beni Mellal-Khenifra","Souss-Massa","Ait Saadelli","Ouad Essafa",1,0.00498753117206983
"1114","Beni Mellal-Khenifra","Souss-Massa","Ait Saadelli","Ouled Teima",1,0.0124688279301746
"1115","Beni Mellal-Khenifra","Souss-Massa","Bni Oukil","Arazene",1,0.0108063175394846
"1116","Beni Mellal-Khenifra","Souss-Massa","Bni Oukil","Igoudar Mnabha",1,0.00748129675810474
"1117","Beni Mellal-Khenifra","Souss-Massa","Bni Oukil","Ouad Essafa",1,0.0199501246882793
"1118","Beni Mellal-Khenifra","Souss-Massa","Bni Oukil","Ouled Teima",1,0.0199501246882793
"1119","Beni Mellal-Khenifra","Souss-Massa","Bni Oukil","Sidi Bibi",1,0.0249376558603491
"1120","Beni Mellal-Khenifra","Souss-Massa","Bni Ykhlef","Arazene",1,0.0249376558603491
"1121","Beni Mellal-Khenifra","Souss-Massa","Bni Ykhlef","Ouad Essafa",1,0.0174563591022444
"1122","Beni Mellal-Khenifra","Souss-Massa","Bni Ykhlef","Sidi Bibi",1,0.0199501246882793
"1123","Beni Mellal-Khenifra","Souss-Massa","El Borj","Arazene",1,0.00249376558603491
"1124","Beni Mellal-Khenifra","Souss-Massa","El Borj","Igoudar Mnabha",1,0.00498753117206983
"1125","Beni Mellal-Khenifra","Souss-Massa","El Borj","Ouled Teima",1,0.00249376558603491
"1126","Beni Mellal-Khenifra","Souss-Massa","El Borj","Sidi Bibi",1,0.00249376558603491
"1127","Beni Mellal-Khenifra","Souss-Massa","El Hammam","Arazene",1,0.0162094763092269
"1128","Beni Mellal-Khenifra","Souss-Massa","El Hammam","Igoudar Mnabha",1,0.00498753117206983
"1129","Beni Mellal-Khenifra","Souss-Massa","El Hammam","Ouad Essafa",1,0.00498753117206983
"1130","Beni Mellal-Khenifra","Souss-Massa","El Hammam","Ouled Teima",1,0.0112219451371571
"1131","Beni Mellal-Khenifra","Souss-Massa","El Hammam","Sidi Bibi",1,0.00498753117206983
"1132","Beni Mellal-Khenifra","Souss-Massa","Fkih Ben Salah","Arazene",1,0.0399002493765586
"1133","Beni Mellal-Khenifra","Souss-Massa","Had Bouhssoussen","Arazene",1,0.00498753117206983
"1134","Beni Mellal-Khenifra","Souss-Massa","Khmis Bni Chegdale","Arazene",1,0.00249376558603491
"1135","Beni Mellal-Khenifra","Souss-Massa","Khmis Bni Chegdale","Igoudar Mnabha",1,0.00748129675810474
"1136","Beni Mellal-Khenifra","Souss-Massa","Krifate","Arazene",1,0.0349127182044888
"1137","Beni Mellal-Khenifra","Souss-Massa","Lagnadiz","Igoudar Mnabha",1,0.00997506234413965
"1138","Beni Mellal-Khenifra","Souss-Massa","Lagnadiz","Ouad Essafa",1,0.00249376558603491
"1139","Beni Mellal-Khenifra","Souss-Massa","Lagnadiz","Ouled Teima",1,0.0124688279301746
"1140","Beni Mellal-Khenifra","Souss-Massa","Lagnadiz","Sidi Bibi",1,0.00249376558603491
"1141","Beni Mellal-Khenifra","Souss-Massa","Oulad Abdoune","Arazene",1,0.027431421446384
"1142","Beni Mellal-Khenifra","Souss-Massa","Oulad Abdoune","Ouad Essafa",1,0.029925187032419
"1143","Beni Mellal-Khenifra","Souss-Massa","Oulad Abdoune","Sidi Bibi",1,0.0124688279301746
"1144","Beni Mellal-Khenifra","Souss-Massa","Oulad Boughadi","Arazene",1,0.00249376558603491
"1145","Beni Mellal-Khenifra","Souss-Massa","Oulad Boughadi","Ouad Essafa",1,0.0199501246882793
"1146","Beni Mellal-Khenifra","Souss-Massa","Oulad Boughadi","Sidi Bibi",1,0.0199501246882793
"1147","Beni Mellal-Khenifra","Souss-Massa","Oulad Zmam","Arazene",1,0.0174563591022444
"1148","Beni Mellal-Khenifra","Souss-Massa","Oulad Zmam","Igoudar Mnabha",1,0.0174563591022444
"1149","Beni Mellal-Khenifra","Souss-Massa","Oulad Zmam","Ouad Essafa",1,0.00249376558603491
"1150","Beni Mellal-Khenifra","Souss-Massa","Oulad Zmam","Ouled Teima",1,0.0199501246882793
"1151","Beni Mellal-Khenifra","Souss-Massa","Sidi Yacoub","Arazene",1,0.00374064837905237
"1152","Beni Mellal-Khenifra","Souss-Massa","Sidi Yacoub","Igoudar Mnabha",1,0.0124688279301746
"1153","Beni Mellal-Khenifra","Souss-Massa","Sidi Yacoub","Ouad Essafa",1,0.00561097256857855
"1154","Beni Mellal-Khenifra","Souss-Massa","Sidi Yacoub","Ouled Teima",1,0.0149625935162095
"1155","Beni Mellal-Khenifra","Souss-Massa","Sidi Yacoub","Sidi Bibi",1,0.013715710723192
"1156","Beni Mellal-Khenifra","Souss-Massa","Tighassaline","Igoudar Mnabha",1,0.00249376558603491
"1157","Beni Mellal-Khenifra","Souss-Massa","Tighassaline","Ouad Essafa",1,0.00249376558603491
"1158","Beni Mellal-Khenifra","Tanger-Tetouan-Al Hoceima","Aguelmouss","Beni Boufrah",1,0.012825080156751
"1159","Beni Mellal-Khenifra","Tanger-Tetouan-Al Hoceima","Aguelmouss","Bni Faghloum",1,0.00819380121125757
"1160","Beni Mellal-Khenifra","Tanger-Tetouan-Al Hoceima","Aguelmouss","Chefchaouen",1,0.0124688279301746
"1161","Beni Mellal-Khenifra","Tanger-Tetouan-Al Hoceima","Aguelmouss","Issaguen",3.72727272727273,0.0170596236681025
"1162","Beni Mellal-Khenifra","Tanger-Tetouan-Al Hoceima","Aguelmouss","Lamjaara",1,0.0151892994785763
"1163","Beni Mellal-Khenifra","Tanger-Tetouan-Al Hoceima","Aguelmouss","Sidi Boutmim",1,0.00926255789098682
"1164","Beni Mellal-Khenifra","Tanger-Tetouan-Al Hoceima","Aguelmouss","Souk L'Qolla",1.65,0.0094139650872818
"1165","Beni Mellal-Khenifra","Tanger-Tetouan-Al Hoceima","Aguelmouss","Tetouan",1,0.00748129675810474
"1166","Beni Mellal-Khenifra","Tanger-Tetouan-Al Hoceima","Aguelmouss","Zouada",1,0.0258728179551122
"1167","Beni Mellal-Khenifra","Tanger-Tetouan-Al Hoceima","Ait Saadelli","Beni Boufrah",1,0.0249376558603491
"1168","Beni Mellal-Khenifra","Tanger-Tetouan-Al Hoceima","Ait Saadelli","Bni Faghloum",1,0.00249376558603491
"1169","Beni Mellal-Khenifra","Tanger-Tetouan-Al Hoceima","Ait Saadelli","Souk L'Qolla",5,0.0119700748129676
"1170","Beni Mellal-Khenifra","Tanger-Tetouan-Al Hoceima","Ait Saadelli","Tetouan",1,0.00249376558603491
"1171","Beni Mellal-Khenifra","Tanger-Tetouan-Al Hoceima","Ait Saadelli","Zouada",1,0.00249376558603491
"1172","Beni Mellal-Khenifra","Tanger-Tetouan-Al Hoceima","Bni Ayat","Issaguen",1,0.00249376558603491
"1173","Beni Mellal-Khenifra","Tanger-Tetouan-Al Hoceima","Bni Ayat","Lamjaara",1,0.0224438902743142
"1174","Beni Mellal-Khenifra","Tanger-Tetouan-Al Hoceima","Bni Ayat","Souk L'Qolla",1,0.027431421446384
"1175","Beni Mellal-Khenifra","Tanger-Tetouan-Al Hoceima","Bni Oukil","Beni Boufrah",1.33333333333333,0.00831255195344971
"1176","Beni Mellal-Khenifra","Tanger-Tetouan-Al Hoceima","Bni Oukil","Bni Faghloum",1,0.00249376558603491
"1177","Beni Mellal-Khenifra","Tanger-Tetouan-Al Hoceima","Bni Oukil","Chefchaouen",1,0.00249376558603491
"1178","Beni Mellal-Khenifra","Tanger-Tetouan-Al Hoceima","Bni Oukil","Issaguen",2.5,0.0112219451371571
"1179","Beni Mellal-Khenifra","Tanger-Tetouan-Al Hoceima","Bni Oukil","Souk L'Qolla",2.5,0.0151184538653367
"1180","Beni Mellal-Khenifra","Tanger-Tetouan-Al Hoceima","Bni Oukil","Tetouan",1,0.00249376558603491
"1181","Beni Mellal-Khenifra","Tanger-Tetouan-Al Hoceima","Bni Oukil","Zouada",1,0.0141313383208645
"1182","Beni Mellal-Khenifra","Tanger-Tetouan-Al Hoceima","Bni Ykhlef","Issaguen",4,0.0180798004987531
"1183","Beni Mellal-Khenifra","Tanger-Tetouan-Al Hoceima","Bni Ykhlef","Souk L'Qolla",1,0.00249376558603491
"1184","Beni Mellal-Khenifra","Tanger-Tetouan-Al Hoceima","Bni Ykhlef","Zouada",1,0.0473815461346633
"1185","Beni Mellal-Khenifra","Tanger-Tetouan-Al Hoceima","El Borj","Beni Boufrah",1,0.0249376558603491
"1186","Beni Mellal-Khenifra","Tanger-Tetouan-Al Hoceima","El Borj","Issaguen",2.5,0.00768911055694098
"1187","Beni Mellal-Khenifra","Tanger-Tetouan-Al Hoceima","El Borj","Lamjaara",1,0.0149625935162095
"1188","Beni Mellal-Khenifra","Tanger-Tetouan-Al Hoceima","El Borj","Souk L'Qolla",2,0.0168329177057357
"1189","Beni Mellal-Khenifra","Tanger-Tetouan-Al Hoceima","El Borj","Zouada",1,0.00249376558603491
"1190","Beni Mellal-Khenifra","Tanger-Tetouan-Al Hoceima","El Hammam","Beni Boufrah",1,0.0199501246882793
"1191","Beni Mellal-Khenifra","Tanger-Tetouan-Al Hoceima","El Hammam","Bni Faghloum",1,0.0124688279301746
"1192","Beni Mellal-Khenifra","Tanger-Tetouan-Al Hoceima","El Hammam","Chefchaouen",1,0.00748129675810474
"1193","Beni Mellal-Khenifra","Tanger-Tetouan-Al Hoceima","El Hammam","Issaguen",4,0.036783042394015
"1194","Beni Mellal-Khenifra","Tanger-Tetouan-Al Hoceima","El Hammam","Lamjaara",1,0.00498753117206983
"1195","Beni Mellal-Khenifra","Tanger-Tetouan-Al Hoceima","El Hammam","Sidi Boutmim",1,0.0124688279301746
"1196","Beni Mellal-Khenifra","Tanger-Tetouan-Al Hoceima","El Hammam","Souk L'Qolla",3,0.00681629260182876
"1197","Beni Mellal-Khenifra","Tanger-Tetouan-Al Hoceima","El Hammam","Tetouan",1,0.00249376558603491
"1198","Beni Mellal-Khenifra","Tanger-Tetouan-Al Hoceima","El Hammam","Zouada",1,0.0224438902743142
"1199","Beni Mellal-Khenifra","Tanger-Tetouan-Al Hoceima","Fkih Ben Salah","Issaguen",4,0.0330423940149626
"1200","Beni Mellal-Khenifra","Tanger-Tetouan-Al Hoceima","Fkih Ben Salah","Lamjaara",1,0.00249376558603491
"1201","Beni Mellal-Khenifra","Tanger-Tetouan-Al Hoceima","Fkih Ben Salah","Souk L'Qolla",1,0.00748129675810474
"1202","Beni Mellal-Khenifra","Tanger-Tetouan-Al Hoceima","Fkih Ben Salah","Zouada",1,0.00997506234413965
"1203","Beni Mellal-Khenifra","Tanger-Tetouan-Al Hoceima","Had Bouhssoussen","Issaguen",2,0.0087281795511222
"1204","Beni Mellal-Khenifra","Tanger-Tetouan-Al Hoceima","Had Bouhssoussen","Lamjaara",1,0.0174563591022444
"1205","Beni Mellal-Khenifra","Tanger-Tetouan-Al Hoceima","Had Bouhssoussen","Souk L'Qolla",1,0.0149625935162095
"1206","Beni Mellal-Khenifra","Tanger-Tetouan-Al Hoceima","Khmis Bni Chegdale","Beni Boufrah",1,0.0249376558603491
"1207","Beni Mellal-Khenifra","Tanger-Tetouan-Al Hoceima","Khmis Bni Chegdale","Bni Faghloum",1,0.0224438902743142
"1208","Beni Mellal-Khenifra","Tanger-Tetouan-Al Hoceima","Khmis Bni Chegdale","Chefchaouen",1,0.0523690773067332
"1209","Beni Mellal-Khenifra","Tanger-Tetouan-Al Hoceima","Khmis Bni Chegdale","Issaguen",2.33333333333333,0.00387919091160986
"1210","Beni Mellal-Khenifra","Tanger-Tetouan-Al Hoceima","Khmis Bni Chegdale","Lamjaara",1,0.0174563591022444
"1211","Beni Mellal-Khenifra","Tanger-Tetouan-Al Hoceima","Khmis Bni Chegdale","Souk L'Qolla",1.5,0.0209891936824605
"1212","Beni Mellal-Khenifra","Tanger-Tetouan-Al Hoceima","Khmis Bni Chegdale","Tetouan",1,0.00498753117206983
"1213","Beni Mellal-Khenifra","Tanger-Tetouan-Al Hoceima","Krifate","Issaguen",4,0.0349127182044888
"1214","Beni Mellal-Khenifra","Tanger-Tetouan-Al Hoceima","Krifate","Souk L'Qolla",1,0.00498753117206983
"1215","Beni Mellal-Khenifra","Tanger-Tetouan-Al Hoceima","Krifate","Zouada",1,0.00498753117206983
"1216","Beni Mellal-Khenifra","Tanger-Tetouan-Al Hoceima","Lagnadiz","Beni Boufrah",2,0.00748129675810474
"1217","Beni Mellal-Khenifra","Tanger-Tetouan-Al Hoceima","Lagnadiz","Bni Faghloum",1,0.00249376558603491
"1218","Beni Mellal-Khenifra","Tanger-Tetouan-Al Hoceima","Lagnadiz","Chefchaouen",1,0.00249376558603491
"1219","Beni Mellal-Khenifra","Tanger-Tetouan-Al Hoceima","Lagnadiz","Souk L'Qolla",5,0.00947630922693267
"1220","Beni Mellal-Khenifra","Tanger-Tetouan-Al Hoceima","Lagnadiz","Tetouan",1,0.00498753117206983
"1221","Beni Mellal-Khenifra","Tanger-Tetouan-Al Hoceima","Oulad Abdoune","Issaguen",4,0.020573566084788
"1222","Beni Mellal-Khenifra","Tanger-Tetouan-Al Hoceima","Oulad Abdoune","Lamjaara",1,0.00249376558603491
"1223","Beni Mellal-Khenifra","Tanger-Tetouan-Al Hoceima","Oulad Abdoune","Souk L'Qolla",1,0.00249376558603491
"1224","Beni Mellal-Khenifra","Tanger-Tetouan-Al Hoceima","Oulad Abdoune","Zouada",1,0.0548628428927681
"1225","Beni Mellal-Khenifra","Tanger-Tetouan-Al Hoceima","Oulad Boughadi","Beni Boufrah",1,0.00748129675810474
"1226","Beni Mellal-Khenifra","Tanger-Tetouan-Al Hoceima","Oulad Boughadi","Issaguen",2,0.00374064837905237
"1227","Beni Mellal-Khenifra","Tanger-Tetouan-Al Hoceima","Oulad Boughadi","Souk L'Qolla",2,0.0224438902743142
"1228","Beni Mellal-Khenifra","Tanger-Tetouan-Al Hoceima","Oulad Boughadi","Zouada",1,0.00997506234413965
"1229","Beni Mellal-Khenifra","Tanger-Tetouan-Al Hoceima","Oulad Zmam","Beni Boufrah",1.5,0.00498753117206983
"1230","Beni Mellal-Khenifra","Tanger-Tetouan-Al Hoceima","Oulad Zmam","Bni Faghloum",1,0.00498753117206983
"1231","Beni Mellal-Khenifra","Tanger-Tetouan-Al Hoceima","Oulad Zmam","Chefchaouen",1,0.00748129675810474
"1232","Beni Mellal-Khenifra","Tanger-Tetouan-Al Hoceima","Oulad Zmam","Issaguen",4,0.0349127182044888
"1233","Beni Mellal-Khenifra","Tanger-Tetouan-Al Hoceima","Oulad Zmam","Sidi Boutmim",1,0.0199501246882793
"1234","Beni Mellal-Khenifra","Tanger-Tetouan-Al Hoceima","Oulad Zmam","Souk L'Qolla",2.33333333333333,0.00931005818786367
"1235","Beni Mellal-Khenifra","Tanger-Tetouan-Al Hoceima","Oulad Zmam","Tetouan",1,0.013715710723192
"1236","Beni Mellal-Khenifra","Tanger-Tetouan-Al Hoceima","Oulad Zmam","Zouada",1,0.00748129675810474
"1237","Beni Mellal-Khenifra","Tanger-Tetouan-Al Hoceima","Sidi Hcine","Lamjaara",1,0.0199501246882793
"1238","Beni Mellal-Khenifra","Tanger-Tetouan-Al Hoceima","Sidi Hcine","Souk L'Qolla",1,0.027431421446384
"1239","Beni Mellal-Khenifra","Tanger-Tetouan-Al Hoceima","Sidi Yacoub","Beni Boufrah",1.2,0.0124688279301746
"1240","Beni Mellal-Khenifra","Tanger-Tetouan-Al Hoceima","Sidi Yacoub","Bni Faghloum",1,0.00374064837905237
"1241","Beni Mellal-Khenifra","Tanger-Tetouan-Al Hoceima","Sidi Yacoub","Issaguen",1,0.00249376558603491
"1242","Beni Mellal-Khenifra","Tanger-Tetouan-Al Hoceima","Sidi Yacoub","Souk L'Qolla",3.8,0.0159600997506234
"1243","Beni Mellal-Khenifra","Tanger-Tetouan-Al Hoceima","Sidi Yacoub","Tetouan",1,0.00498753117206983
"1244","Beni Mellal-Khenifra","Tanger-Tetouan-Al Hoceima","Sidi Yacoub","Zouada",1,0.00374064837905237
"1245","Beni Mellal-Khenifra","Tanger-Tetouan-Al Hoceima","Tanourdi","Lamjaara",1,0.029925187032419
"1246","Beni Mellal-Khenifra","Tanger-Tetouan-Al Hoceima","Tanourdi","Souk L'Qolla",1,0.0199501246882793
"1247","Beni Mellal-Khenifra","Tanger-Tetouan-Al Hoceima","Tighassaline","Beni Boufrah",1,0.027431421446384
"1248","Beni Mellal-Khenifra","Tanger-Tetouan-Al Hoceima","Tighassaline","Bni Faghloum",1,0.0124688279301746
"1249","Beni Mellal-Khenifra","Tanger-Tetouan-Al Hoceima","Tighassaline","Chefchaouen",1,0.0149625935162095
"1250","Beni Mellal-Khenifra","Tanger-Tetouan-Al Hoceima","Tighassaline","Sidi Boutmim",1,0.00249376558603491
"1251","Beni Mellal-Khenifra","Tanger-Tetouan-Al Hoceima","Tighassaline","Souk L'Qolla",1,0.00249376558603491
"1252","Beni Mellal-Khenifra","Tanger-Tetouan-Al Hoceima","Tighassaline","Tetouan",1,0.00498753117206983
"1253","Casablanca-Settat","Beni Mellal-Khenifra","Bouznika","Aguelmouss",2,0.00249376558603491
"1254","Casablanca-Settat","Beni Mellal-Khenifra","Bouznika","Ait Saadelli",1,0.0149625935162095
"1255","Casablanca-Settat","Beni Mellal-Khenifra","Bouznika","Bni Oukil",3,0.0116375727348296
"1256","Casablanca-Settat","Beni Mellal-Khenifra","Bouznika","El Borj",1,0.0349127182044888
"1257","Casablanca-Settat","Beni Mellal-Khenifra","Bouznika","El Hammam",1,0.0124688279301746
"1258","Casablanca-Settat","Beni Mellal-Khenifra","Bouznika","Lagnadiz",1,0.00748129675810474
"1259","Casablanca-Settat","Beni Mellal-Khenifra","Bouznika","Oulad Boughadi",1,0.00748129675810474
"1260","Casablanca-Settat","Beni Mellal-Khenifra","Bouznika","Oulad Zmam",1,0.00997506234413965
"1261","Casablanca-Settat","Beni Mellal-Khenifra","Bouznika","Sidi Yacoub",5,0.0164588528678304
"1262","Casablanca-Settat","Beni Mellal-Khenifra","El Borouj","Aguelmouss",7,0.021375133594585
"1263","Casablanca-Settat","Beni Mellal-Khenifra","El Borouj","Bni Ayat",1,0.0374064837905237
"1264","Casablanca-Settat","Beni Mellal-Khenifra","El Borouj","El Borj",2,0.00498753117206983
"1265","Casablanca-Settat","Beni Mellal-Khenifra","El Borouj","El Hammam",1,0.00249376558603491
"1266","Casablanca-Settat","Beni Mellal-Khenifra","El Borouj","Had Bouhssoussen",1,0.00748129675810474
"1267","Casablanca-Settat","Beni Mellal-Khenifra","El Borouj","Khmis Bni Chegdale",3,0.0174563591022444
"1268","Casablanca-Settat","Beni Mellal-Khenifra","El Borouj","Sidi Hcine",1,0.0224438902743142
"1269","Casablanca-Settat","Beni Mellal-Khenifra","El Borouj","Tanourdi",1,0.0498753117206983
"1270","Casablanca-Settat","Beni Mellal-Khenifra","Guisser","Aguelmouss",9,0.0188417844278193
"1271","Casablanca-Settat","Beni Mellal-Khenifra","Guisser","Bni Ayat",1,0.0324189526184539
"1272","Casablanca-Settat","Beni Mellal-Khenifra","Guisser","El Borj",2,0.0324189526184539
"1273","Casablanca-Settat","Beni Mellal-Khenifra","Guisser","El Hammam",2,0.00748129675810474
"1274","Casablanca-Settat","Beni Mellal-Khenifra","Guisser","Fkih Ben Salah",1,0.00748129675810474
"1275","Casablanca-Settat","Beni Mellal-Khenifra","Guisser","Had Bouhssoussen",1,0.0324189526184539
"1276","Casablanca-Settat","Beni Mellal-Khenifra","Guisser","Khmis Bni Chegdale",3,0.0324189526184539
"1277","Casablanca-Settat","Beni Mellal-Khenifra","Guisser","Krifate",1,0.00249376558603491
"1278","Casablanca-Settat","Beni Mellal-Khenifra","Guisser","Oulad Zmam",1,0.00249376558603491
"1279","Casablanca-Settat","Beni Mellal-Khenifra","Guisser","Sidi Hcine",1,0.0149625935162095
"1280","Casablanca-Settat","Beni Mellal-Khenifra","Guisser","Tanourdi",1,0.00748129675810474
"1281","Casablanca-Settat","Beni Mellal-Khenifra","Had Soualem","Aguelmouss",8,0.0617206982543641
"1282","Casablanca-Settat","Beni Mellal-Khenifra","Had Soualem","El Hammam",1,0.0473815461346633
"1283","Casablanca-Settat","Beni Mellal-Khenifra","Had Soualem","Khmis Bni Chegdale",1,0.00997506234413965
"1284","Casablanca-Settat","Beni Mellal-Khenifra","Had Soualem","Oulad Zmam",2,0.0486284289276808
"1285","Casablanca-Settat","Beni Mellal-Khenifra","Had Soualem","Sidi Yacoub",1,0.00249376558603491
"1286","Casablanca-Settat","Beni Mellal-Khenifra","Had Soualem","Tighassaline",1,0.0423940149625935
"1287","Casablanca-Settat","Beni Mellal-Khenifra","Koudiat Bni Dghough","Aguelmouss",7,0.00748129675810474
"1288","Casablanca-Settat","Beni Mellal-Khenifra","Koudiat Bni Dghough","Ait Saadelli",1,0.00748129675810474
"1289","Casablanca-Settat","Beni Mellal-Khenifra","Koudiat Bni Dghough","Bni Oukil",1,0.00997506234413965
"1290","Casablanca-Settat","Beni Mellal-Khenifra","Koudiat Bni Dghough","El Borj",1,0.00249376558603491
"1291","Casablanca-Settat","Beni Mellal-Khenifra","Koudiat Bni Dghough","El Hammam",2,0.00374064837905237
"1292","Casablanca-Settat","Beni Mellal-Khenifra","Koudiat Bni Dghough","Khmis Bni Chegdale",1,0.0199501246882793
"1293","Casablanca-Settat","Beni Mellal-Khenifra","Koudiat Bni Dghough","Lagnadiz",1,0.0149625935162095
"1294","Casablanca-Settat","Beni Mellal-Khenifra","Koudiat Bni Dghough","Oulad Zmam",1,0.00997506234413965
"1295","Casablanca-Settat","Beni Mellal-Khenifra","Koudiat Bni Dghough","Sidi Yacoub",5,0.00548628428927681
"1296","Casablanca-Settat","Beni Mellal-Khenifra","Koudiat Bni Dghough","Tighassaline",1,0.00249376558603491
"1297","Casablanca-Settat","Beni Mellal-Khenifra","Laaounate","Aguelmouss",10,0.0256857855361596
"1298","Casablanca-Settat","Beni Mellal-Khenifra","Laaounate","Bni Ayat",1,0.00249376558603491
"1299","Casablanca-Settat","Beni Mellal-Khenifra","Laaounate","Bni Oukil",1,0.0224438902743142
"1300","Casablanca-Settat","Beni Mellal-Khenifra","Laaounate","Bni Ykhlef",1,0.027431421446384
"1301","Casablanca-Settat","Beni Mellal-Khenifra","Laaounate","El Borj",1,0.00498753117206983
"1302","Casablanca-Settat","Beni Mellal-Khenifra","Laaounate","El Hammam",2,0.0174563591022444
"1303","Casablanca-Settat","Beni Mellal-Khenifra","Laaounate","Fkih Ben Salah",1,0.00997506234413965
"1304","Casablanca-Settat","Beni Mellal-Khenifra","Laaounate","Had Bouhssoussen",1,0.00997506234413965
"1305","Casablanca-Settat","Beni Mellal-Khenifra","Laaounate","Khmis Bni Chegdale",2,0.00249376558603491
"1306","Casablanca-Settat","Beni Mellal-Khenifra","Laaounate","Krifate",1,0.0124688279301746
"1307","Casablanca-Settat","Beni Mellal-Khenifra","Laaounate","Oulad Abdoune",1,0.0349127182044888
"1308","Casablanca-Settat","Beni Mellal-Khenifra","Laaounate","Oulad Zmam",1,0.00748129675810474
"1309","Casablanca-Settat","Beni Mellal-Khenifra","Laaounate","Sidi Yacoub",1,0.00249376558603491
"1310","Casablanca-Settat","Beni Mellal-Khenifra","Laaounate","Tanourdi",1,0.00249376558603491
"1311","Casablanca-Settat","Beni Mellal-Khenifra","Lambarkiyine","Bni Oukil",1,0.00997506234413965
"1312","Casablanca-Settat","Beni Mellal-Khenifra","Lambarkiyine","Oulad M'Barek",1,0.00498753117206983
"1313","Casablanca-Settat","Beni Mellal-Khenifra","Lambarkiyine","Oum Rabia",1,0.134663341645885
"1314","Casablanca-Settat","Beni Mellal-Khenifra","Lambarkiyine","Sidi Amar",1,0.0124688279301746
"1315","Casablanca-Settat","Beni Mellal-Khenifra","Lambarkiyine","Tighassaline",1,0.15211970074813
"1316","Casablanca-Settat","Beni Mellal-Khenifra","Moualine El Oued","Aguelmouss",8,0.024002493765586
"1317","Casablanca-Settat","Beni Mellal-Khenifra","Moualine El Oued","Bni Oukil",2,0.00997506234413965
"1318","Casablanca-Settat","Beni Mellal-Khenifra","Moualine El Oued","Bni Ykhlef",1,0.0374064837905237
"1319","Casablanca-Settat","Beni Mellal-Khenifra","Moualine El Oued","El Borj",2,0.00374064837905237
"1320","Casablanca-Settat","Beni Mellal-Khenifra","Moualine El Oued","El Hammam",1,0.00748129675810474
"1321","Casablanca-Settat","Beni Mellal-Khenifra","Moualine El Oued","Fkih Ben Salah",1,0.00997506234413965
"1322","Casablanca-Settat","Beni Mellal-Khenifra","Moualine El Oued","Had Bouhssoussen",1,0.00498753117206983
"1323","Casablanca-Settat","Beni Mellal-Khenifra","Moualine El Oued","Khmis Bni Chegdale",1,0.00249376558603491
"1324","Casablanca-Settat","Beni Mellal-Khenifra","Moualine El Oued","Krifate",1,0.00997506234413965
"1325","Casablanca-Settat","Beni Mellal-Khenifra","Moualine El Oued","Oulad Abdoune",1,0.0423940149625935
"1326","Casablanca-Settat","Beni Mellal-Khenifra","Moualine El Oued","Oulad Zmam",1,0.00748129675810474
"1327","Casablanca-Settat","Beni Mellal-Khenifra","Moualine El Oued","Sidi Yacoub",2,0.00249376558603491
"1328","Casablanca-Settat","Beni Mellal-Khenifra","Oulad Yahya Louta","Aguelmouss",4,0.00311720698254364
"1329","Casablanca-Settat","Beni Mellal-Khenifra","Oulad Yahya Louta","Ait Saadelli",1,0.027431421446384
"1330","Casablanca-Settat","Beni Mellal-Khenifra","Oulad Yahya Louta","Bni Oukil",4,0.00810473815461347
"1331","Casablanca-Settat","Beni Mellal-Khenifra","Oulad Yahya Louta","El Borj",1,0.00748129675810474
"1332","Casablanca-Settat","Beni Mellal-Khenifra","Oulad Yahya Louta","El Hammam",1,0.0249376558603491
"1333","Casablanca-Settat","Beni Mellal-Khenifra","Oulad Yahya Louta","Lagnadiz",1,0.0224438902743142
"1334","Casablanca-Settat","Beni Mellal-Khenifra","Oulad Yahya Louta","Oulad Abdoune",1,0.00249376558603491
"1335","Casablanca-Settat","Beni Mellal-Khenifra","Oulad Yahya Louta","Oulad Boughadi",1,0.00997506234413965
"1336","Casablanca-Settat","Beni Mellal-Khenifra","Oulad Yahya Louta","Oulad Zmam",1,0.00748129675810474
"1337","Casablanca-Settat","Beni Mellal-Khenifra","Oulad Yahya Louta","Sidi Yacoub",5,0.0119700748129676
"1338","Casablanca-Settat","Beni Mellal-Khenifra","Sahel Oulad H'Riz","Aguelmouss",8,0.0321072319201995
"1339","Casablanca-Settat","Beni Mellal-Khenifra","Sahel Oulad H'Riz","El Hammam",1,0.0124688279301746
"1340","Casablanca-Settat","Beni Mellal-Khenifra","Sahel Oulad H'Riz","Khmis Bni Chegdale",1,0.00249376558603491
"1341","Casablanca-Settat","Beni Mellal-Khenifra","Sahel Oulad H'Riz","Oulad Zmam",1,0.0598503740648379
"1342","Casablanca-Settat","Beni Mellal-Khenifra","Sahel Oulad H'Riz","Tighassaline",1,0.0249376558603491
"1343","Casablanca-Settat","Beni Mellal-Khenifra","Sidi Bernoussi","Aguelmouss",2,0.00374064837905237
"1344","Casablanca-Settat","Beni Mellal-Khenifra","Sidi Bernoussi","Oum Rabia",1,0.0374064837905237
"1345","Casablanca-Settat","Beni Mellal-Khenifra","Sidi Bernoussi","Tighassaline",1,0.0324189526184539
"1346","Casablanca-Settat","Beni Mellal-Khenifra","Sidi Bettache","Aguelmouss",5.28571428571429,0.00868364802280014
"1347","Casablanca-Settat","Beni Mellal-Khenifra","Sidi Bettache","Ait Saadelli",1,0.00698254364089776
"1348","Casablanca-Settat","Beni Mellal-Khenifra","Sidi Bettache","Bni Oukil",1.8,0.0118869492934331
"1349","Casablanca-Settat","Beni Mellal-Khenifra","Sidi Bettache","Bni Ykhlef",1,0.00498753117206983
"1350","Casablanca-Settat","Beni Mellal-Khenifra","Sidi Bettache","El Borj",1,0.00810473815461347
"1351","Casablanca-Settat","Beni Mellal-Khenifra","Sidi Bettache","El Hammam",1.4,0.0189526184538653
"1352","Casablanca-Settat","Beni Mellal-Khenifra","Sidi Bettache","Khmis Bni Chegdale",1,0.0209476309226933
"1353","Casablanca-Settat","Beni Mellal-Khenifra","Sidi Bettache","Lagnadiz",1,0.00798004987531172
"1354","Casablanca-Settat","Beni Mellal-Khenifra","Sidi Bettache","Oulad Abdoune",1,0.00249376558603491
"1355","Casablanca-Settat","Beni Mellal-Khenifra","Sidi Bettache","Oulad Boughadi",1,0.0058187863674148
"1356","Casablanca-Settat","Beni Mellal-Khenifra","Sidi Bettache","Oulad Zmam",1.42857142857143,0.00801567509796936
"1357","Casablanca-Settat","Beni Mellal-Khenifra","Sidi Bettache","Oum Rabia",1,0.00249376558603491
"1358","Casablanca-Settat","Beni Mellal-Khenifra","Sidi Bettache","Sidi Yacoub",3.57142857142857,0.00660847880299252
"1359","Casablanca-Settat","Beni Mellal-Khenifra","Sidi Bettache","Tighassaline",1,0.0119700748129676
"1360","Casablanca-Settat","Beni Mellal-Khenifra","Sidi Hajjaj","Aguelmouss",1,0.00249376558603491
"1361","Casablanca-Settat","Beni Mellal-Khenifra","Sidi Hajjaj","Ait Saadelli",1,0.0249376558603491
"1362","Casablanca-Settat","Beni Mellal-Khenifra","Sidi Hajjaj","Bni Oukil",3,0.0182876142975894
"1363","Casablanca-Settat","Beni Mellal-Khenifra","Sidi Hajjaj","El Borj",1,0.00997506234413965
"1364","Casablanca-Settat","Beni Mellal-Khenifra","Sidi Hajjaj","El Hammam",1,0.00997506234413965
"1365","Casablanca-Settat","Beni Mellal-Khenifra","Sidi Hajjaj","Lagnadiz",1,0.0224438902743142
"1366","Casablanca-Settat","Beni Mellal-Khenifra","Sidi Hajjaj","Oulad Boughadi",1,0.00997506234413965
"1367","Casablanca-Settat","Beni Mellal-Khenifra","Sidi Hajjaj","Oulad Zmam",1,0.00997506234413965
"1368","Casablanca-Settat","Beni Mellal-Khenifra","Sidi Hajjaj","Sidi Yacoub",5,0.0124688279301746
"1369","Casablanca-Settat","Beni Mellal-Khenifra","Sidi Hajjaj Oued Hassar","Aguelmouss",8,0.0127805486284289
"1370","Casablanca-Settat","Beni Mellal-Khenifra","Sidi Hajjaj Oued Hassar","Ait Saadelli",1,0.00249376558603491
"1371","Casablanca-Settat","Beni Mellal-Khenifra","Sidi Hajjaj Oued Hassar","Bni Oukil",1,0.00498753117206983
"1372","Casablanca-Settat","Beni Mellal-Khenifra","Sidi Hajjaj Oued Hassar","El Borj",1,0.00249376558603491
"1373","Casablanca-Settat","Beni Mellal-Khenifra","Sidi Hajjaj Oued Hassar","El Hammam",2,0.00498753117206983
"1374","Casablanca-Settat","Beni Mellal-Khenifra","Sidi Hajjaj Oued Hassar","Khmis Bni Chegdale",1,0.027431421446384
"1375","Casablanca-Settat","Beni Mellal-Khenifra","Sidi Hajjaj Oued Hassar","Lagnadiz",1,0.00748129675810474
"1376","Casablanca-Settat","Beni Mellal-Khenifra","Sidi Hajjaj Oued Hassar","Oulad Zmam",2,0.0162094763092269
"1377","Casablanca-Settat","Beni Mellal-Khenifra","Sidi Hajjaj Oued Hassar","Sidi Yacoub",3,0.00997506234413965
"1378","Casablanca-Settat","Beni Mellal-Khenifra","Sidi Hajjaj Oued Hassar","Tighassaline",1,0.00997506234413965
"1379","Casablanca-Settat","Casablanca-Settat","Bouznika","Laaounate",1,0.00249376558603491
"1380","Casablanca-Settat","Casablanca-Settat","Bouznika","Oulad Yahya Louta",1,0.00748129675810474
"1381","Casablanca-Settat","Casablanca-Settat","Bouznika","Sidi Bettache",2,0.0112219451371571
"1382","Casablanca-Settat","Casablanca-Settat","Bouznika","Sidi Hajjaj",1,0.0124688279301746
"1383","Casablanca-Settat","Casablanca-Settat","El Borouj","Guisser",1,0.00498753117206983
"1384","Casablanca-Settat","Casablanca-Settat","El Borouj","Lambarkiyine",1,0.00249376558603491
"1385","Casablanca-Settat","Casablanca-Settat","El Borouj","Sidi Bernoussi",1,0.0174563591022444
"1386","Casablanca-Settat","Casablanca-Settat","Guisser","El Borouj",1,0.027431421446384
"1387","Casablanca-Settat","Casablanca-Settat","Guisser","Lambarkiyine",1,0.00249376558603491
"1388","Casablanca-Settat","Casablanca-Settat","Guisser","Sidi Bernoussi",1,0.00498753117206983
"1389","Casablanca-Settat","Casablanca-Settat","Had Soualem","Koudiat Bni Dghough",1,0.00997506234413965
"1390","Casablanca-Settat","Casablanca-Settat","Had Soualem","Sahel Oulad H'Riz",1,0.0448877805486284
"1391","Casablanca-Settat","Casablanca-Settat","Had Soualem","Sidi Bettache",5,0.0184538653366584
"1392","Casablanca-Settat","Casablanca-Settat","Had Soualem","Sidi Hajjaj Oued Hassar",1,0.029925187032419
"1393","Casablanca-Settat","Casablanca-Settat","Koudiat Bni Dghough","Bouznika",1,0.00748129675810474
"1394","Casablanca-Settat","Casablanca-Settat","Koudiat Bni Dghough","Oulad Yahya Louta",1,0.00249376558603491
"1395","Casablanca-Settat","Casablanca-Settat","Koudiat Bni Dghough","Sidi Bettache",6,0.0149625935162095
"1396","Casablanca-Settat","Casablanca-Settat","Koudiat Bni Dghough","Sidi Hajjaj",1,0.00249376558603491
"1397","Casablanca-Settat","Casablanca-Settat","Koudiat Bni Dghough","Sidi Hajjaj Oued Hassar",1,0.00498753117206983
"1398","Casablanca-Settat","Casablanca-Settat","Laaounate","Guisser",1,0.00997506234413965
"1399","Casablanca-Settat","Casablanca-Settat","Laaounate","Moualine El Oued",1,0.00748129675810474
"1400","Casablanca-Settat","Casablanca-Settat","Lambarkiyine","Sidi Bernoussi",1,0.00249376558603491
"1401","Casablanca-Settat","Casablanca-Settat","Moualine El Oued","El Borouj",1,0.00249376558603491
"1402","Casablanca-Settat","Casablanca-Settat","Moualine El Oued","Guisser",1,0.00498753117206983
"1403","Casablanca-Settat","Casablanca-Settat","Moualine El Oued","Laaounate",1,0.0224438902743142
"1404","Casablanca-Settat","Casablanca-Settat","Oulad Yahya Louta","Bouznika",1,0.00249376558603491
"1405","Casablanca-Settat","Casablanca-Settat","Oulad Yahya Louta","Moualine El Oued",1,0.00997506234413965
"1406","Casablanca-Settat","Casablanca-Settat","Oulad Yahya Louta","Sidi Bettache",1,0.00498753117206983
"1407","Casablanca-Settat","Casablanca-Settat","Oulad Yahya Louta","Sidi Hajjaj",1,0.00498753117206983
"1408","Casablanca-Settat","Casablanca-Settat","Sahel Oulad H'Riz","Had Soualem",1,0.189526184538653
"1409","Casablanca-Settat","Casablanca-Settat","Sahel Oulad H'Riz","Koudiat Bni Dghough",1,0.00997506234413965
"1410","Casablanca-Settat","Casablanca-Settat","Sahel Oulad H'Riz","Sidi Bettache",5,0.0109725685785536
"1411","Casablanca-Settat","Casablanca-Settat","Sahel Oulad H'Riz","Sidi Hajjaj Oued Hassar",1,0.00997506234413965
"1412","Casablanca-Settat","Casablanca-Settat","Sidi Bernoussi","Lambarkiyine",1,0.0798004987531172
"1413","Casablanca-Settat","Casablanca-Settat","Sidi Bettache","Bouznika",1,0.00748129675810474
"1414","Casablanca-Settat","Casablanca-Settat","Sidi Bettache","El Borouj",1,0.00249376558603491
"1415","Casablanca-Settat","Casablanca-Settat","Sidi Bettache","Guisser",1,0.00249376558603491
"1416","Casablanca-Settat","Casablanca-Settat","Sidi Bettache","Had Soualem",1,0.00748129675810474
"1417","Casablanca-Settat","Casablanca-Settat","Sidi Bettache","Koudiat Bni Dghough",1,0.0228595178719867
"1418","Casablanca-Settat","Casablanca-Settat","Sidi Bettache","Laaounate",1,0.00249376558603491
"1419","Casablanca-Settat","Casablanca-Settat","Sidi Bettache","Moualine El Oued",1,0.00498753117206983
"1420","Casablanca-Settat","Casablanca-Settat","Sidi Bettache","Oulad Yahya Louta",1,0.00789692435577722
"1421","Casablanca-Settat","Casablanca-Settat","Sidi Bettache","Sahel Oulad H'Riz",1,0.00997506234413965
"1422","Casablanca-Settat","Casablanca-Settat","Sidi Bettache","Sidi Bettache",4.8,0.0176309226932668
"1423","Casablanca-Settat","Casablanca-Settat","Sidi Bettache","Sidi Hajjaj",1,0.0108063175394846
"1424","Casablanca-Settat","Casablanca-Settat","Sidi Bettache","Sidi Hajjaj Oued Hassar",1,0.0174563591022444
"1425","Casablanca-Settat","Casablanca-Settat","Sidi Hajjaj","Bouznika",1,0.0174563591022444
"1426","Casablanca-Settat","Casablanca-Settat","Sidi Hajjaj","Laaounate",1,0.00249376558603491
"1427","Casablanca-Settat","Casablanca-Settat","Sidi Hajjaj","Moualine El Oued",1,0.00748129675810474
"1428","Casablanca-Settat","Casablanca-Settat","Sidi Hajjaj","Oulad Yahya Louta",1,0.0174563591022444
"1429","Casablanca-Settat","Casablanca-Settat","Sidi Hajjaj","Sidi Bettache",1,0.0224438902743142
"1430","Casablanca-Settat","Casablanca-Settat","Sidi Hajjaj Oued Hassar","Bouznika",1,0.00498753117206983
"1431","Casablanca-Settat","Casablanca-Settat","Sidi Hajjaj Oued Hassar","Koudiat Bni Dghough",1,0.0249376558603491
"1432","Casablanca-Settat","Casablanca-Settat","Sidi Hajjaj Oued Hassar","Sidi Bettache",6,0.0199501246882793
"1433","Casablanca-Settat","Casablanca-Settat","Sidi Hajjaj Oued Hassar","Sidi Hajjaj",1,0.00997506234413965
"1434","Casablanca-Settat","Daraa-Tafilalet","Bouznika","Aghbalou",4,0.00561097256857855
"1435","Casablanca-Settat","Daraa-Tafilalet","El Borouj","Aghbalou",2,0.027431421446384
"1436","Casablanca-Settat","Daraa-Tafilalet","El Borouj","Sidi Yahya ou Youssef",1,0.0473815461346633
"1437","Casablanca-Settat","Daraa-Tafilalet","Guisser","Aghbalou",3,0.0232751454696592
"1438","Casablanca-Settat","Daraa-Tafilalet","Guisser","Sidi Yahya ou Youssef",1,0.00748129675810474
"1439","Casablanca-Settat","Daraa-Tafilalet","Had Soualem","Aghbalou",4,0.0199501246882793
"1440","Casablanca-Settat","Daraa-Tafilalet","Koudiat Bni Dghough","Aghbalou",6,0.0157938487115544
"1441","Casablanca-Settat","Daraa-Tafilalet","Laaounate","Aghbalou",2,0.0112219451371571
"1442","Casablanca-Settat","Daraa-Tafilalet","Moualine El Oued","Aghbalou",1,0.0149625935162095
"1443","Casablanca-Settat","Daraa-Tafilalet","Oulad Yahya Louta","Aghbalou",2,0.013715710723192
"1444","Casablanca-Settat","Daraa-Tafilalet","Sahel Oulad H'Riz","Aghbalou",4,0.0130922693266833
"1445","Casablanca-Settat","Daraa-Tafilalet","Sidi Bernoussi","Aghbalou",1,0.00249376558603491
"1446","Casablanca-Settat","Daraa-Tafilalet","Sidi Bernoussi","Sidi Yahya ou Youssef",1,0.00249376558603491
"1447","Casablanca-Settat","Daraa-Tafilalet","Sidi Bettache","Aghbalou",6.16666666666667,0.0152050429481851
"1448","Casablanca-Settat","Daraa-Tafilalet","Sidi Hajjaj","Aghbalou",3,0.00914380714879468
"1449","Casablanca-Settat","Daraa-Tafilalet","Sidi Hajjaj Oued Hassar","Aghbalou",7,0.0195938724617029
"1450","Casablanca-Settat","Fes-Meknes","Bouznika","Aghbalou Aqorar",1,0.00997506234413965
"1451","Casablanca-Settat","Fes-Meknes","Bouznika","Ain Bida",1,0.00249376558603491
"1452","Casablanca-Settat","Fes-Meknes","Bouznika","Ain Bou Ali",1,0.00997506234413965
"1453","Casablanca-Settat","Fes-Meknes","Bouznika","Ain Chkef",1,0.00498753117206983
"1454","Casablanca-Settat","Fes-Meknes","Bouznika","Ain Karma- Oued Rommane",1,0.0149625935162095
"1455","Casablanca-Settat","Fes-Meknes","Bouznika","Ain Leuh",2,0.00997506234413965
"1456","Casablanca-Settat","Fes-Meknes","Bouznika","Ait Naamane",2,0.00997506234413965
"1457","Casablanca-Settat","Fes-Meknes","Bouznika","Ait Sebaa Lajrouf",2,0.0162094763092269
"1458","Casablanca-Settat","Fes-Meknes","Bouznika","Bni Snous",1,0.00498753117206983
"1459","Casablanca-Settat","Fes-Meknes","Bouznika","Laanoussar",2,0.00374064837905237
"1460","Casablanca-Settat","Fes-Meknes","Bouznika","Louadaine",3,0.0191188694929343
"1461","Casablanca-Settat","Fes-Meknes","Bouznika","Mezraoua",1,0.00997506234413965
"1462","Casablanca-Settat","Fes-Meknes","Bouznika","Oued Ifrane",1,0.00498753117206983
"1463","Casablanca-Settat","Fes-Meknes","Bouznika","Oued Jemaa",1,0.00748129675810474
"1464","Casablanca-Settat","Fes-Meknes","Bouznika","Rghioua",1,0.00498753117206983
"1465","Casablanca-Settat","Fes-Meknes","Bouznika","Sebaa Rouadi",1,0.00997506234413965
"1466","Casablanca-Settat","Fes-Meknes","Bouznika","Sidi El Makhfi",3,0.0174563591022444
"1467","Casablanca-Settat","Fes-Meknes","Bouznika","Tigrigra",1,0.0149625935162095
"1468","Casablanca-Settat","Fes-Meknes","Bouznika","Timahdite",6,0.0103906899418121
"1469","Casablanca-Settat","Fes-Meknes","El Borouj","Aghbalou Aqorar",1,0.0174563591022444
"1470","Casablanca-Settat","Fes-Meknes","El Borouj","Almis Marmoucha",1,0.00498753117206983
"1471","Casablanca-Settat","Fes-Meknes","El Borouj","Enjil",1,0.00249376558603491
"1472","Casablanca-Settat","Fes-Meknes","El Borouj","Ouizeght",1,0.00997506234413965
"1473","Casablanca-Settat","Fes-Meknes","El Borouj","Outat El Haj",1,0.0124688279301746
"1474","Casablanca-Settat","Fes-Meknes","El Borouj","Sidi Boutayeb",2,0.0174563591022444
"1475","Casablanca-Settat","Fes-Meknes","Guisser","Aghbalou Aqorar",1,0.00249376558603491
"1476","Casablanca-Settat","Fes-Meknes","Guisser","Almis Marmoucha",1,0.0374064837905237
"1477","Casablanca-Settat","Fes-Meknes","Guisser","Majjate",1,0.00748129675810474
"1478","Casablanca-Settat","Fes-Meknes","Guisser","Ouizeght",1,0.0324189526184539
"1479","Casablanca-Settat","Fes-Meknes","Guisser","Outat El Haj",1,0.0324189526184539
"1480","Casablanca-Settat","Fes-Meknes","Guisser","Sidi Boutayeb",1,0.029925187032419
"1481","Casablanca-Settat","Fes-Meknes","Had Soualem","Aghbalou Aqorar",2,0.0187032418952618
"1482","Casablanca-Settat","Fes-Meknes","Had Soualem","Ain Chkef",1,0.00498753117206983
"1483","Casablanca-Settat","Fes-Meknes","Had Soualem","Ain Kansra",2,0.00249376558603491
"1484","Casablanca-Settat","Fes-Meknes","Had Soualem","Ain Leuh",1,0.027431421446384
"1485","Casablanca-Settat","Fes-Meknes","Had Soualem","Ait Naamane",1,0.0124688279301746
"1486","Casablanca-Settat","Fes-Meknes","Had Soualem","Ben Smim",2,0.0635910224438903
"1487","Casablanca-Settat","Fes-Meknes","Had Soualem","Dayat Aoua",1,0.0548628428927681
"1488","Casablanca-Settat","Fes-Meknes","Had Soualem","Fes Medina",1,0.0648379052369077
"1489","Casablanca-Settat","Fes-Meknes","Had Soualem","Matmata",1,0.0374064837905237
"1490","Casablanca-Settat","Fes-Meknes","Had Soualem","Moulay Idriss Zarhoun",1,0.0224438902743142
"1491","Casablanca-Settat","Fes-Meknes","Had Soualem","Oulad Mimoun",1,0.00249376558603491
"1492","Casablanca-Settat","Fes-Meknes","Had Soualem","Sidi El Makhfi",2,0.0635910224438903
"1493","Casablanca-Settat","Fes-Meknes","Had Soualem","Timahdite",4,0.00249376558603491
"1494","Casablanca-Settat","Fes-Meknes","Koudiat Bni Dghough","Aghbalou Aqorar",2,0.0174563591022444
"1495","Casablanca-Settat","Fes-Meknes","Koudiat Bni Dghough","Ain Bida",1,0.00498753117206983
"1496","Casablanca-Settat","Fes-Meknes","Koudiat Bni Dghough","Ain Bou Ali",1,0.00249376558603491
"1497","Casablanca-Settat","Fes-Meknes","Koudiat Bni Dghough","Ain Chkef",1,0.0399002493765586
"1498","Casablanca-Settat","Fes-Meknes","Koudiat Bni Dghough","Ain Kansra",1,0.0349127182044888
"1499","Casablanca-Settat","Fes-Meknes","Koudiat Bni Dghough","Ain Leuh",3,0.00914380714879468
"1500","Casablanca-Settat","Fes-Meknes","Koudiat Bni Dghough","Ait Boubidmane",1,0.027431421446384
"1501","Casablanca-Settat","Fes-Meknes","Koudiat Bni Dghough","Ait Naamane",3,0.0124688279301746
"1502","Casablanca-Settat","Fes-Meknes","Koudiat Bni Dghough","Ait Sebaa Lajrouf",1,0.00249376558603491
"1503","Casablanca-Settat","Fes-Meknes","Koudiat Bni Dghough","Ben Smim",1,0.0174563591022444
"1504","Casablanca-Settat","Fes-Meknes","Koudiat Bni Dghough","Bni Snous",1,0.00498753117206983
"1505","Casablanca-Settat","Fes-Meknes","Koudiat Bni Dghough","Dayat Aoua",1,0.00748129675810474
"1506","Casablanca-Settat","Fes-Meknes","Koudiat Bni Dghough","Fes Medina",1,0.00498753117206983
"1507","Casablanca-Settat","Fes-Meknes","Koudiat Bni Dghough","Louadaine",2,0.00374064837905237
"1508","Casablanca-Settat","Fes-Meknes","Koudiat Bni Dghough","Mezraoua",1,0.0124688279301746
"1509","Casablanca-Settat","Fes-Meknes","Koudiat Bni Dghough","Moulay Idriss Zarhoun",1,0.0199501246882793
"1510","Casablanca-Settat","Fes-Meknes","Koudiat Bni Dghough","Oulad Mimoun",1,0.0324189526184539
"1511","Casablanca-Settat","Fes-Meknes","Koudiat Bni Dghough","Sebaa Rouadi",1,0.00997506234413965
"1512","Casablanca-Settat","Fes-Meknes","Koudiat Bni Dghough","Sidi El Makhfi",1,0.00249376558603491
"1513","Casablanca-Settat","Fes-Meknes","Koudiat Bni Dghough","Timahdite",8,0.0165211970074813
"1514","Casablanca-Settat","Fes-Meknes","Laaounate","Aghbalou Aqorar",1,0.00249376558603491
"1515","Casablanca-Settat","Fes-Meknes","Laaounate","Ait Sebaa Lajrouf",1,0.0124688279301746
"1516","Casablanca-Settat","Fes-Meknes","Laaounate","Kandar Sidi Khiar",1,0.0349127182044888
"1517","Casablanca-Settat","Fes-Meknes","Laaounate","Laanoussar",3,0.0249376558603491
"1518","Casablanca-Settat","Fes-Meknes","Laaounate","Majjate",1,0.0124688279301746
"1519","Casablanca-Settat","Fes-Meknes","Laaounate","Oued Jemaa",1,0.00249376558603491
"1520","Casablanca-Settat","Fes-Meknes","Laaounate","Outat El Haj",1,0.00748129675810474
"1521","Casablanca-Settat","Fes-Meknes","Lambarkiyine","Enjil",1,0.164588528678304
"1522","Casablanca-Settat","Fes-Meknes","Lambarkiyine","Sidi Boutayeb",1,0.00748129675810474
"1523","Casablanca-Settat","Fes-Meknes","Lambarkiyine","Zrarda",1,0.084788029925187
"1524","Casablanca-Settat","Fes-Meknes","Moualine El Oued","Ait Sebaa Lajrouf",1,0.0124688279301746
"1525","Casablanca-Settat","Fes-Meknes","Moualine El Oued","Kandar Sidi Khiar",1,0.0324189526184539
"1526","Casablanca-Settat","Fes-Meknes","Moualine El Oued","Laanoussar",3,0.0324189526184539
"1527","Casablanca-Settat","Fes-Meknes","Moualine El Oued","Majjate",1,0.0124688279301746
"1528","Casablanca-Settat","Fes-Meknes","Moualine El Oued","Oued Jemaa",1,0.00498753117206983
"1529","Casablanca-Settat","Fes-Meknes","Moualine El Oued","Outat El Haj",1,0.00249376558603491
"1530","Casablanca-Settat","Fes-Meknes","Oulad Yahya Louta","Aghbalou Aqorar",1,0.0199501246882793
"1531","Casablanca-Settat","Fes-Meknes","Oulad Yahya Louta","Ain Bida",1,0.00249376558603491
"1532","Casablanca-Settat","Fes-Meknes","Oulad Yahya Louta","Ain Bou Ali",1,0.0124688279301746
"1533","Casablanca-Settat","Fes-Meknes","Oulad Yahya Louta","Ain Karma- Oued Rommane",1,0.0124688279301746
"1534","Casablanca-Settat","Fes-Meknes","Oulad Yahya Louta","Ain Leuh",2,0.0149625935162095
"1535","Casablanca-Settat","Fes-Meknes","Oulad Yahya Louta","Ait Boubidmane",1,0.00498753117206983
"1536","Casablanca-Settat","Fes-Meknes","Oulad Yahya Louta","Ait Naamane",2,0.00997506234413965
"1537","Casablanca-Settat","Fes-Meknes","Oulad Yahya Louta","Ait Sebaa Lajrouf",2,0.0187032418952618
"1538","Casablanca-Settat","Fes-Meknes","Oulad Yahya Louta","Bni Snous",1,0.00997506234413965
"1539","Casablanca-Settat","Fes-Meknes","Oulad Yahya Louta","Laanoussar",3,0.00249376558603491
"1540","Casablanca-Settat","Fes-Meknes","Oulad Yahya Louta","Louadaine",3,0.0249376558603491
"1541","Casablanca-Settat","Fes-Meknes","Oulad Yahya Louta","Mezraoua",1,0.00748129675810474
"1542","Casablanca-Settat","Fes-Meknes","Oulad Yahya Louta","Oued Ifrane",1,0.00997506234413965
"1543","Casablanca-Settat","Fes-Meknes","Oulad Yahya Louta","Oued Jemaa",1,0.0199501246882793
"1544","Casablanca-Settat","Fes-Meknes","Oulad Yahya Louta","Rghioua",1,0.00997506234413965
"1545","Casablanca-Settat","Fes-Meknes","Oulad Yahya Louta","Sebaa Rouadi",1,0.00498753117206983
"1546","Casablanca-Settat","Fes-Meknes","Oulad Yahya Louta","Sidi El Makhfi",3,0.0157938487115544
"1547","Casablanca-Settat","Fes-Meknes","Oulad Yahya Louta","Tigrigra",1,0.00498753117206983
"1548","Casablanca-Settat","Fes-Meknes","Oulad Yahya Louta","Timahdite",3,0.0133000831255195
"1549","Casablanca-Settat","Fes-Meknes","Sahel Oulad H'Riz","Aghbalou Aqorar",2,0.00748129675810474
"1550","Casablanca-Settat","Fes-Meknes","Sahel Oulad H'Riz","Ain Chkef",1,0.00249376558603491
"1551","Casablanca-Settat","Fes-Meknes","Sahel Oulad H'Riz","Ain Kansra",1,0.00249376558603491
"1552","Casablanca-Settat","Fes-Meknes","Sahel Oulad H'Riz","Ben Smim",2,0.0623441396508728
"1553","Casablanca-Settat","Fes-Meknes","Sahel Oulad H'Riz","Dayat Aoua",1,0.0498753117206983
"1554","Casablanca-Settat","Fes-Meknes","Sahel Oulad H'Riz","Fes Medina",1,0.0374064837905237
"1555","Casablanca-Settat","Fes-Meknes","Sahel Oulad H'Riz","Matmata",1,0.194513715710723
"1556","Casablanca-Settat","Fes-Meknes","Sahel Oulad H'Riz","Moulay Idriss Zarhoun",1,0.00748129675810474
"1557","Casablanca-Settat","Fes-Meknes","Sahel Oulad H'Riz","Oulad Mimoun",1,0.00249376558603491
"1558","Casablanca-Settat","Fes-Meknes","Sahel Oulad H'Riz","Sidi El Makhfi",1,0.162094763092269
"1559","Casablanca-Settat","Fes-Meknes","Sahel Oulad H'Riz","Timahdite",2,0.00249376558603491
"1560","Casablanca-Settat","Fes-Meknes","Sidi Bernoussi","Aghbalou Aqorar",1,0.0199501246882793
"1561","Casablanca-Settat","Fes-Meknes","Sidi Bernoussi","Enjil",1,0.0324189526184539
"1562","Casablanca-Settat","Fes-Meknes","Sidi Bernoussi","Zrarda",1,0.0423940149625935
"1563","Casablanca-Settat","Fes-Meknes","Sidi Bettache","Aghbalou Aqorar",1.83333333333333,0.0187032418952618
"1564","Casablanca-Settat","Fes-Meknes","Sidi Bettache","Ain Bida",1,0.00831255195344971
"1565","Casablanca-Settat","Fes-Meknes","Sidi Bettache","Ain Bou Ali",1,0.00748129675810474
"1566","Casablanca-Settat","Fes-Meknes","Sidi Bettache","Ain Chkef",1,0.0259351620947631
"1567","Casablanca-Settat","Fes-Meknes","Sidi Bettache","Ain Kansra",1.16666666666667,0.0708645054031588
"1568","Casablanca-Settat","Fes-Meknes","Sidi Bettache","Ain Karma- Oued Rommane",1,0.0124688279301746
"1569","Casablanca-Settat","Fes-Meknes","Sidi Bettache","Ain Leuh",2.83333333333333,0.0109448600720421
"1570","Casablanca-Settat","Fes-Meknes","Sidi Bettache","Ait Boubidmane",1,0.0214463840399002
"1571","Casablanca-Settat","Fes-Meknes","Sidi Bettache","Ait Naamane",2.66666666666667,0.0143391521197007
"1572","Casablanca-Settat","Fes-Meknes","Sidi Bettache","Ait Sebaa Lajrouf",1.25,0.00623441396508728
"1573","Casablanca-Settat","Fes-Meknes","Sidi Bettache","Ben Smim",1.2,0.0231920199501247
"1574","Casablanca-Settat","Fes-Meknes","Sidi Bettache","Bni Snous",1,0.00997506234413965
"1575","Casablanca-Settat","Fes-Meknes","Sidi Bettache","Dayat Aoua",1,0.00831255195344971
"1576","Casablanca-Settat","Fes-Meknes","Sidi Bettache","Fes Medina",1,0.00897755610972569
"1577","Casablanca-Settat","Fes-Meknes","Sidi Bettache","Kandar Sidi Khiar",1,0.00498753117206983
"1578","Casablanca-Settat","Fes-Meknes","Sidi Bettache","Laanoussar",2,0.00249376558603491
"1579","Casablanca-Settat","Fes-Meknes","Sidi Bettache","Louadaine",2.4,0.00723192019950125
"1580","Casablanca-Settat","Fes-Meknes","Sidi Bettache","Matmata",1,0.0124688279301746
"1581","Casablanca-Settat","Fes-Meknes","Sidi Bettache","Mezraoua",1,0.00955943474646717
"1582","Casablanca-Settat","Fes-Meknes","Sidi Bettache","Moulay Idriss Zarhoun",1,0.0159600997506234
"1583","Casablanca-Settat","Fes-Meknes","Sidi Bettache","Oued Ifrane",1,0.00997506234413965
"1584","Casablanca-Settat","Fes-Meknes","Sidi Bettache","Oued Jemaa",1,0.00872817955112219
"1585","Casablanca-Settat","Fes-Meknes","Sidi Bettache","Ouislane",1,0.433915211970075
"1586","Casablanca-Settat","Fes-Meknes","Sidi Bettache","Oulad Mimoun",1,0.0244389027431421
"1587","Casablanca-Settat","Fes-Meknes","Sidi Bettache","Rghioua",1,0.0058187863674148
"1588","Casablanca-Settat","Fes-Meknes","Sidi Bettache","Sebaa Rouadi",1,0.00623441396508728
"1589","Casablanca-Settat","Fes-Meknes","Sidi Bettache","Sidi Boutayeb",1,0.00249376558603491
"1590","Casablanca-Settat","Fes-Meknes","Sidi Bettache","Sidi El Makhfi",2.33333333333333,0.00692712662787476
"1591","Casablanca-Settat","Fes-Meknes","Sidi Bettache","Tigrigra",1,0.00249376558603491
"1592","Casablanca-Settat","Fes-Meknes","Sidi Bettache","Timahdite",7,0.0145900130625816
"1593","Casablanca-Settat","Fes-Meknes","Sidi Hajjaj","Aghbalou Aqorar",2,0.00623441396508728
"1594","Casablanca-Settat","Fes-Meknes","Sidi Hajjaj","Ain Bida",1,0.0174563591022444
"1595","Casablanca-Settat","Fes-Meknes","Sidi Hajjaj","Ain Bou Ali",1,0.0224438902743142
"1596","Casablanca-Settat","Fes-Meknes","Sidi Hajjaj","Ain Karma- Oued Rommane",1,0.00748129675810474
"1597","Casablanca-Settat","Fes-Meknes","Sidi Hajjaj","Ain Leuh",2,0.0162094763092269
"1598","Casablanca-Settat","Fes-Meknes","Sidi Hajjaj","Ait Boubidmane",1,0.00249376558603491
"1599","Casablanca-Settat","Fes-Meknes","Sidi Hajjaj","Ait Naamane",2,0.0112219451371571
"1600","Casablanca-Settat","Fes-Meknes","Sidi Hajjaj","Ait Sebaa Lajrouf",2,0.0112219451371571
"1601","Casablanca-Settat","Fes-Meknes","Sidi Hajjaj","Bni Snous",1,0.00498753117206983
"1602","Casablanca-Settat","Fes-Meknes","Sidi Hajjaj","Laanoussar",3,0.00249376558603491
"1603","Casablanca-Settat","Fes-Meknes","Sidi Hajjaj","Louadaine",3,0.0166251039068994
"1604","Casablanca-Settat","Fes-Meknes","Sidi Hajjaj","Mezraoua",1,0.00249376558603491
"1605","Casablanca-Settat","Fes-Meknes","Sidi Hajjaj","Oued Ifrane",1,0.00748129675810474
"1606","Casablanca-Settat","Fes-Meknes","Sidi Hajjaj","Oued Jemaa",1,0.00249376558603491
"1607","Casablanca-Settat","Fes-Meknes","Sidi Hajjaj","Rghioua",1,0.00498753117206983
"1608","Casablanca-Settat","Fes-Meknes","Sidi Hajjaj","Sebaa Rouadi",1,0.0149625935162095
"1609","Casablanca-Settat","Fes-Meknes","Sidi Hajjaj","Sidi El Makhfi",3,0.0224438902743142
"1610","Casablanca-Settat","Fes-Meknes","Sidi Hajjaj","Tigrigra",1,0.0124688279301746
"1611","Casablanca-Settat","Fes-Meknes","Sidi Hajjaj","Timahdite",6,0.0141313383208645
"1612","Casablanca-Settat","Fes-Meknes","Sidi Hajjaj Oued Hassar","Aghbalou Aqorar",2,0.0187032418952618
"1613","Casablanca-Settat","Fes-Meknes","Sidi Hajjaj Oued Hassar","Ain Bida",1,0.00748129675810474
"1614","Casablanca-Settat","Fes-Meknes","Sidi Hajjaj Oued Hassar","Ain Bou Ali",1,0.00249376558603491
"1615","Casablanca-Settat","Fes-Meknes","Sidi Hajjaj Oued Hassar","Ain Chkef",1,0.027431421446384
"1616","Casablanca-Settat","Fes-Meknes","Sidi Hajjaj Oued Hassar","Ain Kansra",1,0.0199501246882793
"1617","Casablanca-Settat","Fes-Meknes","Sidi Hajjaj Oued Hassar","Ain Leuh",3,0.00831255195344971
"1618","Casablanca-Settat","Fes-Meknes","Sidi Hajjaj Oued Hassar","Ait Boubidmane",1,0.0224438902743142
"1619","Casablanca-Settat","Fes-Meknes","Sidi Hajjaj Oued Hassar","Ait Naamane",3,0.0133000831255195
"1620","Casablanca-Settat","Fes-Meknes","Sidi Hajjaj Oued Hassar","Ben Smim",1,0.0324189526184539
"1621","Casablanca-Settat","Fes-Meknes","Sidi Hajjaj Oued Hassar","Bni Snous",1,0.00748129675810474
"1622","Casablanca-Settat","Fes-Meknes","Sidi Hajjaj Oued Hassar","Dayat Aoua",1,0.00997506234413965
"1623","Casablanca-Settat","Fes-Meknes","Sidi Hajjaj Oued Hassar","Fes Medina",1,0.00997506234413965
"1624","Casablanca-Settat","Fes-Meknes","Sidi Hajjaj Oued Hassar","Mezraoua",1,0.00748129675810474
"1625","Casablanca-Settat","Fes-Meknes","Sidi Hajjaj Oued Hassar","Moulay Idriss Zarhoun",1,0.0224438902743142
"1626","Casablanca-Settat","Fes-Meknes","Sidi Hajjaj Oued Hassar","Oulad Mimoun",1,0.0174563591022444
"1627","Casablanca-Settat","Fes-Meknes","Sidi Hajjaj Oued Hassar","Rghioua",1,0.00249376558603491
"1628","Casablanca-Settat","Fes-Meknes","Sidi Hajjaj Oued Hassar","Sebaa Rouadi",1,0.00498753117206983
"1629","Casablanca-Settat","Fes-Meknes","Sidi Hajjaj Oued Hassar","Sidi El Makhfi",3,0.00498753117206983
"1630","Casablanca-Settat","Fes-Meknes","Sidi Hajjaj Oued Hassar","Timahdite",7,0.0156750979693623
"1631","Casablanca-Settat","Marrakech-Safi","Bouznika","Labrikiyne",1,0.00249376558603491
"1632","Casablanca-Settat","Marrakech-Safi","Bouznika","Lamzoudia",1,0.00748129675810474
"1633","Casablanca-Settat","Marrakech-Safi","Bouznika","Oued L'Bour",1,0.00748129675810474
"1634","Casablanca-Settat","Marrakech-Safi","Bouznika","Oulad Zarrad",1,0.0199501246882793
"1635","Casablanca-Settat","Marrakech-Safi","El Borouj","Benguerir",1,0.0224438902743142
"1636","Casablanca-Settat","Marrakech-Safi","El Borouj","Oulad Hassoune Hamri",1,0.0174563591022444
"1637","Casablanca-Settat","Marrakech-Safi","El Borouj","Taouloukoult",2,0.0149625935162095
"1638","Casablanca-Settat","Marrakech-Safi","Guisser","Benguerir",1,0.00997506234413965
"1639","Casablanca-Settat","Marrakech-Safi","Guisser","Jaafra",1,0.00748129675810474
"1640","Casablanca-Settat","Marrakech-Safi","Guisser","Oulad Hassoune Hamri",1,0.027431421446384
"1641","Casablanca-Settat","Marrakech-Safi","Guisser","Taouloukoult",2,0.00374064837905237
"1642","Casablanca-Settat","Marrakech-Safi","Had Soualem","Saidate",1,0.0224438902743142
"1643","Casablanca-Settat","Marrakech-Safi","Koudiat Bni Dghough","Oued L'Bour",1,0.0199501246882793
"1644","Casablanca-Settat","Marrakech-Safi","Koudiat Bni Dghough","Oulad Zarrad",1,0.00498753117206983
"1645","Casablanca-Settat","Marrakech-Safi","Koudiat Bni Dghough","Saidate",1,0.0124688279301746
"1646","Casablanca-Settat","Marrakech-Safi","Laaounate","Jaafra",1,0.0249376558603491
"1647","Casablanca-Settat","Marrakech-Safi","Laaounate","Labrikiyne",1,0.0249376558603491
"1648","Casablanca-Settat","Marrakech-Safi","Laaounate","Oulad Hassoune Hamri",1,0.00249376558603491
"1649","Casablanca-Settat","Marrakech-Safi","Lambarkiyine","M'Nabha",1,0.102244389027431
"1650","Casablanca-Settat","Marrakech-Safi","Lambarkiyine","Taouloukoult",2,0.00249376558603491
"1651","Casablanca-Settat","Marrakech-Safi","Moualine El Oued","Jaafra",1,0.0124688279301746
"1652","Casablanca-Settat","Marrakech-Safi","Moualine El Oued","Labrikiyne",1,0.0224438902743142
"1653","Casablanca-Settat","Marrakech-Safi","Moualine El Oued","Oulad Hassoune Hamri",1,0.00498753117206983
"1654","Casablanca-Settat","Marrakech-Safi","Oulad Yahya Louta","Labrikiyne",1,0.00748129675810474
"1655","Casablanca-Settat","Marrakech-Safi","Oulad Yahya Louta","Lamzoudia",1,0.00498753117206983
"1656","Casablanca-Settat","Marrakech-Safi","Oulad Yahya Louta","Oued L'Bour",1,0.00249376558603491
"1657","Casablanca-Settat","Marrakech-Safi","Oulad Yahya Louta","Oulad Zarrad",1,0.0199501246882793
"1658","Casablanca-Settat","Marrakech-Safi","Sahel Oulad H'Riz","Saidate",1,0.0174563591022444
"1659","Casablanca-Settat","Marrakech-Safi","Sidi Bernoussi","Benguerir",1,0.00748129675810474
"1660","Casablanca-Settat","Marrakech-Safi","Sidi Bernoussi","M'Nabha",1,0.0124688279301746
"1661","Casablanca-Settat","Marrakech-Safi","Sidi Bernoussi","Taouloukoult",2,0.0211970074812968
"1662","Casablanca-Settat","Marrakech-Safi","Sidi Bettache","Labrikiyne",1,0.00374064837905237
"1663","Casablanca-Settat","Marrakech-Safi","Sidi Bettache","Lamzoudia",1,0.0199501246882793
"1664","Casablanca-Settat","Marrakech-Safi","Sidi Bettache","Oued L'Bour",1,0.0103906899418121
"1665","Casablanca-Settat","Marrakech-Safi","Sidi Bettache","Oulad Zarrad",1,0.0116375727348296
"1666","Casablanca-Settat","Marrakech-Safi","Sidi Bettache","Saidate",1,0.0180798004987531
"1667","Casablanca-Settat","Marrakech-Safi","Sidi Hajjaj","Labrikiyne",1,0.00748129675810474
"1668","Casablanca-Settat","Marrakech-Safi","Sidi Hajjaj","Lamzoudia",1,0.0199501246882793
"1669","Casablanca-Settat","Marrakech-Safi","Sidi Hajjaj","Oued L'Bour",1,0.00748129675810474
"1670","Casablanca-Settat","Marrakech-Safi","Sidi Hajjaj","Oulad Zarrad",1,0.00997506234413965
"1671","Casablanca-Settat","Marrakech-Safi","Sidi Hajjaj Oued Hassar","Oued L'Bour",1,0.0199501246882793
"1672","Casablanca-Settat","Marrakech-Safi","Sidi Hajjaj Oued Hassar","Oulad Zarrad",1,0.00498753117206983
"1673","Casablanca-Settat","Marrakech-Safi","Sidi Hajjaj Oued Hassar","Saidate",1,0.00748129675810474
"1674","Casablanca-Settat","Oriental","Bouznika","Aghbal",1,0.00249376558603491
"1675","Casablanca-Settat","Oriental","Bouznika","Ain Lehjer",1,0.0149625935162095
"1676","Casablanca-Settat","Oriental","Bouznika","Ain Sfa",1,0.00249376558603491
"1677","Casablanca-Settat","Oriental","Bouznika","Bougriba",1,0.00997506234413965
"1678","Casablanca-Settat","Oriental","Bouznika","Guenfouda",1,0.00249376558603491
"1679","Casablanca-Settat","Oriental","Bouznika","Oujda",1,0.0149625935162095
"1680","Casablanca-Settat","Oriental","Bouznika","Sidi Moussa Lamhaya",2,0.00249376558603491
"1681","Casablanca-Settat","Oriental","El Borouj","Aghbal",1,0.00498753117206983
"1682","Casablanca-Settat","Oriental","El Borouj","Ahl Angad",1,0.027431421446384
"1683","Casablanca-Settat","Oriental","El Borouj","Ain Lehjer",1,0.00498753117206983
"1684","Casablanca-Settat","Oriental","El Borouj","Bougriba",1,0.0174563591022444
"1685","Casablanca-Settat","Oriental","El Borouj","Guenfouda",1,0.0399002493765586
"1686","Casablanca-Settat","Oriental","El Borouj","Houara Oulad Raho",1,0.029925187032419
"1687","Casablanca-Settat","Oriental","El Borouj","Sidi Boulenouar",1,0.0374064837905237
"1688","Casablanca-Settat","Oriental","El Borouj","Sidi Moussa Lamhaya",1,0.0224438902743142
"1689","Casablanca-Settat","Oriental","El Borouj","Zegzel",1,0.0199501246882793
"1690","Casablanca-Settat","Oriental","Guisser","Aghbal",1,0.0174563591022444
"1691","Casablanca-Settat","Oriental","Guisser","Ahl Angad",1,0.029925187032419
"1692","Casablanca-Settat","Oriental","Guisser","Ain Lehjer",1,0.027431421446384
"1693","Casablanca-Settat","Oriental","Guisser","Bougriba",1,0.0498753117206983
"1694","Casablanca-Settat","Oriental","Guisser","Guenfouda",1,0.0224438902743142
"1695","Casablanca-Settat","Oriental","Guisser","Houara Oulad Raho",1,0.00249376558603491
"1696","Casablanca-Settat","Oriental","Guisser","Madagh",1,0.00249376558603491
"1697","Casablanca-Settat","Oriental","Guisser","Sidi Boulenouar",1,0.00748129675810474
"1698","Casablanca-Settat","Oriental","Guisser","Sidi Moussa Lamhaya",1,0.0124688279301746
"1699","Casablanca-Settat","Oriental","Guisser","Zegzel",1,0.00997506234413965
"1700","Casablanca-Settat","Oriental","Had Soualem","Aghbal",2,0.0399002493765586
"1701","Casablanca-Settat","Oriental","Had Soualem","Bougriba",1,0.00249376558603491
"1702","Casablanca-Settat","Oriental","Had Soualem","Houara Oulad Raho",2,0.0723192019950125
"1703","Casablanca-Settat","Oriental","Had Soualem","Lamrija",1,0.0249376558603491
"1704","Casablanca-Settat","Oriental","Koudiat Bni Dghough","Aghbal",1,0.0174563591022444
"1705","Casablanca-Settat","Oriental","Koudiat Bni Dghough","Ain Lehjer",1,0.00249376558603491
"1706","Casablanca-Settat","Oriental","Koudiat Bni Dghough","Bougriba",1,0.00748129675810474
"1707","Casablanca-Settat","Oriental","Koudiat Bni Dghough","Lamrija",1,0.0124688279301746
"1708","Casablanca-Settat","Oriental","Koudiat Bni Dghough","Oujda",1,0.00997506234413965
"1709","Casablanca-Settat","Oriental","Koudiat Bni Dghough","Sidi Moussa Lamhaya",1,0.0149625935162095
"1710","Casablanca-Settat","Oriental","Laaounate","Aghbal",1,0.00498753117206983
"1711","Casablanca-Settat","Oriental","Laaounate","Ain Lehjer",1,0.00249376558603491
"1712","Casablanca-Settat","Oriental","Laaounate","Ain Sfa",1,0.0324189526184539
"1713","Casablanca-Settat","Oriental","Laaounate","Bni Khaled",2,0.0361596009975062
"1714","Casablanca-Settat","Oriental","Laaounate","Guenfouda",1,0.0374064837905237
"1715","Casablanca-Settat","Oriental","Laaounate","Sidi Moussa Lamhaya",1,0.0399002493765586
"1716","Casablanca-Settat","Oriental","Lambarkiyine","Madagh",1,0.029925187032419
"1717","Casablanca-Settat","Oriental","Moualine El Oued","Aghbal",1,0.00249376558603491
"1718","Casablanca-Settat","Oriental","Moualine El Oued","Ahl Angad",1,0.00249376558603491
"1719","Casablanca-Settat","Oriental","Moualine El Oued","Ain Sfa",1,0.0324189526184539
"1720","Casablanca-Settat","Oriental","Moualine El Oued","Bni Khaled",2,0.0361596009975062
"1721","Casablanca-Settat","Oriental","Moualine El Oued","Bougriba",1,0.00249376558603491
"1722","Casablanca-Settat","Oriental","Moualine El Oued","Guenfouda",1,0.0249376558603491
"1723","Casablanca-Settat","Oriental","Moualine El Oued","Sidi Moussa Lamhaya",1,0.027431421446384
"1724","Casablanca-Settat","Oriental","Oulad Yahya Louta","Ain Lehjer",1,0.00997506234413965
"1725","Casablanca-Settat","Oriental","Oulad Yahya Louta","Oujda",1,0.00249376558603491
"1726","Casablanca-Settat","Oriental","Oulad Yahya Louta","Sidi Moussa Lamhaya",1,0.00748129675810474
"1727","Casablanca-Settat","Oriental","Sahel Oulad H'Riz","Aghbal",2,0.0162094763092269
"1728","Casablanca-Settat","Oriental","Sahel Oulad H'Riz","Houara Oulad Raho",2,0.163341645885287
"1729","Casablanca-Settat","Oriental","Sidi Bernoussi","Houara Oulad Raho",1,0.00249376558603491
"1730","Casablanca-Settat","Oriental","Sidi Bernoussi","Madagh",1,0.0548628428927681
"1731","Casablanca-Settat","Oriental","Sidi Bernoussi","Sidi Boulenouar",1,0.00249376558603491
"1732","Casablanca-Settat","Oriental","Sidi Bernoussi","Sidi Moussa Lamhaya",1,0.0124688279301746
"1733","Casablanca-Settat","Oriental","Sidi Bernoussi","Zegzel",1,0.00997506234413965
"1734","Casablanca-Settat","Oriental","Sidi Bettache","Aghbal",1.8,0.0144638403990025
"1735","Casablanca-Settat","Oriental","Sidi Bettache","Ain Lehjer",1,0.00685785536159601
"1736","Casablanca-Settat","Oriental","Sidi Bettache","Bni Khaled",1,0.00249376558603491
"1737","Casablanca-Settat","Oriental","Sidi Bettache","Bougriba",1,0.00947630922693267
"1738","Casablanca-Settat","Oriental","Sidi Bettache","Houara Oulad Raho",2,0.00748129675810474
"1739","Casablanca-Settat","Oriental","Sidi Bettache","Lamrija",1,0.0174563591022444
"1740","Casablanca-Settat","Oriental","Sidi Bettache","Oujda",1,0.0112219451371571
"1741","Casablanca-Settat","Oriental","Sidi Bettache","Sidi Moussa Lamhaya",1,0.00665004156275977
"1742","Casablanca-Settat","Oriental","Sidi Hajjaj","Ain Lehjer",1,0.00748129675810474
"1743","Casablanca-Settat","Oriental","Sidi Hajjaj","Bni Khaled",1,0.00249376558603491
"1744","Casablanca-Settat","Oriental","Sidi Hajjaj","Bougriba",1,0.0124688279301746
"1745","Casablanca-Settat","Oriental","Sidi Hajjaj","Guenfouda",1,0.00249376558603491
"1746","Casablanca-Settat","Oriental","Sidi Hajjaj","Oujda",1,0.0124688279301746
"1747","Casablanca-Settat","Oriental","Sidi Hajjaj","Sidi Moussa Lamhaya",1,0.00997506234413965
"1748","Casablanca-Settat","Oriental","Sidi Hajjaj Oued Hassar","Aghbal",2,0.0224438902743142
"1749","Casablanca-Settat","Oriental","Sidi Hajjaj Oued Hassar","Bougriba",1,0.00249376558603491
"1750","Casablanca-Settat","Oriental","Sidi Hajjaj Oued Hassar","Lamrija",1,0.0324189526184539
"1751","Casablanca-Settat","Oriental","Sidi Hajjaj Oued Hassar","Oujda",1,0.0174563591022444
"1752","Casablanca-Settat","Oriental","Sidi Hajjaj Oued Hassar","Sidi Moussa Lamhaya",1,0.00498753117206983
"1753","Casablanca-Settat","Rabat-Sale-Kenitra","Bouznika","Ain Attig",2,0.00374064837905237
"1754","Casablanca-Settat","Rabat-Sale-Kenitra","Bouznika","El Kansera",1,0.0174563591022444
"1755","Casablanca-Settat","Rabat-Sale-Kenitra","Bouznika","Sidi Yahya Zaer",1,0.0149625935162095
"1756","Casablanca-Settat","Rabat-Sale-Kenitra","El Borouj","Ait Ikkou",1,0.0124688279301746
"1757","Casablanca-Settat","Rabat-Sale-Kenitra","El Borouj","Boumaiz",1,0.0249376558603491
"1758","Casablanca-Settat","Rabat-Sale-Kenitra","El Borouj","Lalla Mimouna",1,0.0224438902743142
"1759","Casablanca-Settat","Rabat-Sale-Kenitra","El Borouj","Sidi Mohamed Lahmar",1,0.0249376558603491
"1760","Casablanca-Settat","Rabat-Sale-Kenitra","El Borouj","Sidi Yahya Zaer",1,0.027431421446384
"1761","Casablanca-Settat","Rabat-Sale-Kenitra","El Borouj","Zaggota",1,0.0174563591022444
"1762","Casablanca-Settat","Rabat-Sale-Kenitra","Guisser","Ait Ikkou",1,0.00498753117206983
"1763","Casablanca-Settat","Rabat-Sale-Kenitra","Guisser","Boumaiz",1,0.0174563591022444
"1764","Casablanca-Settat","Rabat-Sale-Kenitra","Guisser","Brachoua",1,0.00748129675810474
"1765","Casablanca-Settat","Rabat-Sale-Kenitra","Guisser","Lalla Mimouna",1,0.0149625935162095
"1766","Casablanca-Settat","Rabat-Sale-Kenitra","Guisser","Sidi Mohamed Lahmar",1,0.0124688279301746
"1767","Casablanca-Settat","Rabat-Sale-Kenitra","Guisser","Sidi Yahya Zaer",1,0.0174563591022444
"1768","Casablanca-Settat","Rabat-Sale-Kenitra","Guisser","Zaggota",1,0.00748129675810474
"1769","Casablanca-Settat","Rabat-Sale-Kenitra","Had Soualem","Lalla Mimouna",1,0.00748129675810474
"1770","Casablanca-Settat","Rabat-Sale-Kenitra","Koudiat Bni Dghough","El Kansera",1,0.00498753117206983
"1771","Casablanca-Settat","Rabat-Sale-Kenitra","Koudiat Bni Dghough","Lalla Mimouna",1,0.0324189526184539
"1772","Casablanca-Settat","Rabat-Sale-Kenitra","Koudiat Bni Dghough","Sidi Yahya Zaer",1,0.00249376558603491
"1773","Casablanca-Settat","Rabat-Sale-Kenitra","Laaounate","Ain Attig",2,0.0174563591022444
"1774","Casablanca-Settat","Rabat-Sale-Kenitra","Laaounate","Brachoua",1,0.0124688279301746
"1775","Casablanca-Settat","Rabat-Sale-Kenitra","Lambarkiyine","Agdal Riyad",1,0.0249376558603491
"1776","Casablanca-Settat","Rabat-Sale-Kenitra","Lambarkiyine","Ait Ikkou",1,0.00249376558603491
"1777","Casablanca-Settat","Rabat-Sale-Kenitra","Lambarkiyine","Arbaoua",1,0.0897755610972569
"1778","Casablanca-Settat","Rabat-Sale-Kenitra","Lambarkiyine","Maaziz",1,0.0448877805486284
"1779","Casablanca-Settat","Rabat-Sale-Kenitra","Moualine El Oued","Ain Attig",1,0.0523690773067332
"1780","Casablanca-Settat","Rabat-Sale-Kenitra","Moualine El Oued","Brachoua",1,0.00748129675810474
"1781","Casablanca-Settat","Rabat-Sale-Kenitra","Oulad Yahya Louta","Ain Attig",1,0.00249376558603491
"1782","Casablanca-Settat","Rabat-Sale-Kenitra","Oulad Yahya Louta","El Kansera",1,0.00997506234413965
"1783","Casablanca-Settat","Rabat-Sale-Kenitra","Oulad Yahya Louta","Sidi Yahya Zaer",1,0.027431421446384
"1784","Casablanca-Settat","Rabat-Sale-Kenitra","Sahel Oulad H'Riz","El Kansera",1,0.00249376558603491
"1785","Casablanca-Settat","Rabat-Sale-Kenitra","Sahel Oulad H'Riz","Lalla Mimouna",1,0.00997506234413965
"1786","Casablanca-Settat","Rabat-Sale-Kenitra","Sidi Bernoussi","Ait Ikkou",1,0.0124688279301746
"1787","Casablanca-Settat","Rabat-Sale-Kenitra","Sidi Bernoussi","Arbaoua",1,0.0149625935162095
"1788","Casablanca-Settat","Rabat-Sale-Kenitra","Sidi Bernoussi","Boumaiz",1,0.00249376558603491
"1789","Casablanca-Settat","Rabat-Sale-Kenitra","Sidi Bernoussi","Lalla Mimouna",1,0.0174563591022444
"1790","Casablanca-Settat","Rabat-Sale-Kenitra","Sidi Bernoussi","Maaziz",1,0.00498753117206983
"1791","Casablanca-Settat","Rabat-Sale-Kenitra","Sidi Bernoussi","Zaggota",1,0.00249376558603491
"1792","Casablanca-Settat","Rabat-Sale-Kenitra","Sidi Bettache","Ain Attig",1,0.00997506234413965
"1793","Casablanca-Settat","Rabat-Sale-Kenitra","Sidi Bettache","El Kansera",1,0.00548628428927681
"1794","Casablanca-Settat","Rabat-Sale-Kenitra","Sidi Bettache","Lalla Mimouna",1,0.0199501246882793
"1795","Casablanca-Settat","Rabat-Sale-Kenitra","Sidi Bettache","Sidi Yahya Zaer",1,0.00561097256857855
"1796","Casablanca-Settat","Rabat-Sale-Kenitra","Sidi Hajjaj","Ain Attig",2,0.013715710723192
"1797","Casablanca-Settat","Rabat-Sale-Kenitra","Sidi Hajjaj","El Kansera",1,0.027431421446384
"1798","Casablanca-Settat","Rabat-Sale-Kenitra","Sidi Hajjaj","Sidi Yahya Zaer",1,0.0249376558603491
"1799","Casablanca-Settat","Rabat-Sale-Kenitra","Sidi Hajjaj Oued Hassar","Lalla Mimouna",1,0.0174563591022444
"1800","Casablanca-Settat","Rabat-Sale-Kenitra","Sidi Hajjaj Oued Hassar","Sidi Yahya Zaer",1,0.00748129675810474
"1801","Casablanca-Settat","Souss-Massa","Bouznika","Igoudar Mnabha",1,0.0224438902743142
"1802","Casablanca-Settat","Souss-Massa","Bouznika","Ouled Teima",1,0.0149625935162095
"1803","Casablanca-Settat","Souss-Massa","El Borouj","Arazene",1,0.00249376558603491
"1804","Casablanca-Settat","Souss-Massa","Guisser","Arazene",1,0.00498753117206983
"1805","Casablanca-Settat","Souss-Massa","Koudiat Bni Dghough","Igoudar Mnabha",1,0.00997506234413965
"1806","Casablanca-Settat","Souss-Massa","Laaounate","Arazene",1,0.0174563591022444
"1807","Casablanca-Settat","Souss-Massa","Laaounate","Ouad Essafa",1,0.0423940149625935
"1808","Casablanca-Settat","Souss-Massa","Laaounate","Sidi Bibi",1,0.029925187032419
"1809","Casablanca-Settat","Souss-Massa","Moualine El Oued","Arazene",1,0.00748129675810474
"1810","Casablanca-Settat","Souss-Massa","Moualine El Oued","Ouad Essafa",1,0.027431421446384
"1811","Casablanca-Settat","Souss-Massa","Moualine El Oued","Sidi Bibi",1,0.0473815461346633
"1812","Casablanca-Settat","Souss-Massa","Oulad Yahya Louta","Igoudar Mnabha",1,0.00748129675810474
"1813","Casablanca-Settat","Souss-Massa","Oulad Yahya Louta","Ouad Essafa",1,0.00249376558603491
"1814","Casablanca-Settat","Souss-Massa","Oulad Yahya Louta","Ouled Teima",1,0.027431421446384
"1815","Casablanca-Settat","Souss-Massa","Sidi Bettache","Igoudar Mnabha",1,0.00698254364089775
"1816","Casablanca-Settat","Souss-Massa","Sidi Bettache","Ouad Essafa",1,0.00498753117206983
"1817","Casablanca-Settat","Souss-Massa","Sidi Bettache","Ouled Teima",1,0.00748129675810474
"1818","Casablanca-Settat","Souss-Massa","Sidi Hajjaj","Igoudar Mnabha",1,0.00997506234413965
"1819","Casablanca-Settat","Souss-Massa","Sidi Hajjaj","Ouled Teima",1,0.00997506234413965
"1820","Casablanca-Settat","Souss-Massa","Sidi Hajjaj Oued Hassar","Ouled Teima",1,0.00498753117206983
"1821","Casablanca-Settat","Tanger-Tetouan-Al Hoceima","Bouznika","Beni Boufrah",1,0.0124688279301746
"1822","Casablanca-Settat","Tanger-Tetouan-Al Hoceima","Bouznika","Bni Faghloum",1,0.00249376558603491
"1823","Casablanca-Settat","Tanger-Tetouan-Al Hoceima","Bouznika","Souk L'Qolla",5,0.0149625935162095
"1824","Casablanca-Settat","Tanger-Tetouan-Al Hoceima","Bouznika","Tetouan",1,0.0174563591022444
"1825","Casablanca-Settat","Tanger-Tetouan-Al Hoceima","El Borouj","Issaguen",2,0.00249376558603491
"1826","Casablanca-Settat","Tanger-Tetouan-Al Hoceima","El Borouj","Lamjaara",1,0.0174563591022444
"1827","Casablanca-Settat","Tanger-Tetouan-Al Hoceima","El Borouj","Souk L'Qolla",1,0.0324189526184539
"1828","Casablanca-Settat","Tanger-Tetouan-Al Hoceima","Guisser","Issaguen",4,0.0199501246882793
"1829","Casablanca-Settat","Tanger-Tetouan-Al Hoceima","Guisser","Lamjaara",1,0.00997506234413965
"1830","Casablanca-Settat","Tanger-Tetouan-Al Hoceima","Guisser","Souk L'Qolla",1,0.0224438902743142
"1831","Casablanca-Settat","Tanger-Tetouan-Al Hoceima","Had Soualem","Beni Boufrah",1,0.00249376558603491
"1832","Casablanca-Settat","Tanger-Tetouan-Al Hoceima","Had Soualem","Bni Faghloum",1,0.00249376558603491
"1833","Casablanca-Settat","Tanger-Tetouan-Al Hoceima","Had Soualem","Chefchaouen",1,0.00249376558603491
"1834","Casablanca-Settat","Tanger-Tetouan-Al Hoceima","Had Soualem","Sidi Boutmim",1,0.15211970074813
"1835","Casablanca-Settat","Tanger-Tetouan-Al Hoceima","Had Soualem","Souk L'Qolla",2,0.00249376558603491
"1836","Casablanca-Settat","Tanger-Tetouan-Al Hoceima","Koudiat Bni Dghough","Beni Boufrah",2,0.0199501246882793
"1837","Casablanca-Settat","Tanger-Tetouan-Al Hoceima","Koudiat Bni Dghough","Bni Faghloum",1,0.0324189526184539
"1838","Casablanca-Settat","Tanger-Tetouan-Al Hoceima","Koudiat Bni Dghough","Chefchaouen",1,0.00748129675810474
"1839","Casablanca-Settat","Tanger-Tetouan-Al Hoceima","Koudiat Bni Dghough","Souk L'Qolla",3,0.0108063175394846
"1840","Casablanca-Settat","Tanger-Tetouan-Al Hoceima","Koudiat Bni Dghough","Tetouan",1,0.00249376558603491
"1841","Casablanca-Settat","Tanger-Tetouan-Al Hoceima","Laaounate","Issaguen",4,0.00810473815461347
"1842","Casablanca-Settat","Tanger-Tetouan-Al Hoceima","Laaounate","Souk L'Qolla",1,0.00498753117206983
"1843","Casablanca-Settat","Tanger-Tetouan-Al Hoceima","Laaounate","Zouada",1,0.0124688279301746
"1844","Casablanca-Settat","Tanger-Tetouan-Al Hoceima","Lambarkiyine","Lamjaara",1,0.00249376558603491
"1845","Casablanca-Settat","Tanger-Tetouan-Al Hoceima","Moualine El Oued","Issaguen",4,0.00685785536159601
"1846","Casablanca-Settat","Tanger-Tetouan-Al Hoceima","Moualine El Oued","Souk L'Qolla",1,0.00498753117206983
"1847","Casablanca-Settat","Tanger-Tetouan-Al Hoceima","Moualine El Oued","Zouada",1,0.0124688279301746
"1848","Casablanca-Settat","Tanger-Tetouan-Al Hoceima","Oulad Yahya Louta","Beni Boufrah",1,0.0174563591022444
"1849","Casablanca-Settat","Tanger-Tetouan-Al Hoceima","Oulad Yahya Louta","Bni Faghloum",1,0.00249376558603491
"1850","Casablanca-Settat","Tanger-Tetouan-Al Hoceima","Oulad Yahya Louta","Chefchaouen",1,0.00249376558603491
"1851","Casablanca-Settat","Tanger-Tetouan-Al Hoceima","Oulad Yahya Louta","Souk L'Qolla",5,0.0114713216957606
"1852","Casablanca-Settat","Tanger-Tetouan-Al Hoceima","Oulad Yahya Louta","Tetouan",1,0.00498753117206983
"1853","Casablanca-Settat","Tanger-Tetouan-Al Hoceima","Sahel Oulad H'Riz","Beni Boufrah",1,0.00249376558603491
"1854","Casablanca-Settat","Tanger-Tetouan-Al Hoceima","Sahel Oulad H'Riz","Sidi Boutmim",1,0.109725685785536
"1855","Casablanca-Settat","Tanger-Tetouan-Al Hoceima","Sidi Bernoussi","Lamjaara",1,0.0199501246882793
"1856","Casablanca-Settat","Tanger-Tetouan-Al Hoceima","Sidi Bernoussi","Souk L'Qolla",1,0.00249376558603491
"1857","Casablanca-Settat","Tanger-Tetouan-Al Hoceima","Sidi Bettache","Beni Boufrah",1,0.0257689110556941
"1858","Casablanca-Settat","Tanger-Tetouan-Al Hoceima","Sidi Bettache","Bni Faghloum",1,0.0234413965087282
"1859","Casablanca-Settat","Tanger-Tetouan-Al Hoceima","Sidi Bettache","Chefchaouen",1,0.0232751454696592
"1860","Casablanca-Settat","Tanger-Tetouan-Al Hoceima","Sidi Bettache","Moulay Ahmed Cherif",1,0.458852867830424
"1861","Casablanca-Settat","Tanger-Tetouan-Al Hoceima","Sidi Bettache","Ouazzane",1,0.194513715710723
"1862","Casablanca-Settat","Tanger-Tetouan-Al Hoceima","Sidi Bettache","Sidi Boutmim",1,0.00249376558603491
"1863","Casablanca-Settat","Tanger-Tetouan-Al Hoceima","Sidi Bettache","Souk L'Qolla",3.33333333333333,0.0100304793571626
"1864","Casablanca-Settat","Tanger-Tetouan-Al Hoceima","Sidi Bettache","Tetouan",1,0.012884455527847
"1865","Casablanca-Settat","Tanger-Tetouan-Al Hoceima","Sidi Hajjaj","Beni Boufrah",1,0.00997506234413965
"1866","Casablanca-Settat","Tanger-Tetouan-Al Hoceima","Sidi Hajjaj","Bni Faghloum",1,0.00748129675810474
"1867","Casablanca-Settat","Tanger-Tetouan-Al Hoceima","Sidi Hajjaj","Chefchaouen",1,0.00249376558603491
"1868","Casablanca-Settat","Tanger-Tetouan-Al Hoceima","Sidi Hajjaj","Souk L'Qolla",5,0.0084788029925187
"1869","Casablanca-Settat","Tanger-Tetouan-Al Hoceima","Sidi Hajjaj","Tetouan",1,0.0174563591022444
"1870","Casablanca-Settat","Tanger-Tetouan-Al Hoceima","Sidi Hajjaj Oued Hassar","Beni Boufrah",1,0.0349127182044888
"1871","Casablanca-Settat","Tanger-Tetouan-Al Hoceima","Sidi Hajjaj Oued Hassar","Bni Faghloum",1,0.0199501246882793
"1872","Casablanca-Settat","Tanger-Tetouan-Al Hoceima","Sidi Hajjaj Oued Hassar","Chefchaouen",1,0.00249376558603491
"1873","Casablanca-Settat","Tanger-Tetouan-Al Hoceima","Sidi Hajjaj Oued Hassar","Souk L'Qolla",2,0.00623441396508728
"1874","Casablanca-Settat","Tanger-Tetouan-Al Hoceima","Sidi Hajjaj Oued Hassar","Tetouan",1,0.00997506234413965
"1875","Daraa-Tafilalet","Beni Mellal-Khenifra","Aghbalou","Aguelmouss",5.5,0.0112778119635975
"1876","Daraa-Tafilalet","Beni Mellal-Khenifra","Aghbalou","Ait Saadelli",1,0.0110438190238689
"1877","Daraa-Tafilalet","Beni Mellal-Khenifra","Aghbalou","Bni Ayat",1,0.0108063175394846
"1878","Daraa-Tafilalet","Beni Mellal-Khenifra","Aghbalou","Bni Oukil",2,0.00909185369908562
"1879","Daraa-Tafilalet","Beni Mellal-Khenifra","Aghbalou","Bni Ykhlef",1,0.00498753117206983
"1880","Daraa-Tafilalet","Beni Mellal-Khenifra","Aghbalou","El Borj",1.28571428571429,0.0131813323833274
"1881","Daraa-Tafilalet","Beni Mellal-Khenifra","Aghbalou","El Hammam",1.55555555555556,0.0144084233859795
"1882","Daraa-Tafilalet","Beni Mellal-Khenifra","Aghbalou","Fkih Ben Salah",1,0.0423940149625935
"1883","Daraa-Tafilalet","Beni Mellal-Khenifra","Aghbalou","Had Bouhssoussen",1,0.0141313383208645
"1884","Daraa-Tafilalet","Beni Mellal-Khenifra","Aghbalou","Khmis Bni Chegdale",1.85714285714286,0.016268851680323
"1885","Daraa-Tafilalet","Beni Mellal-Khenifra","Aghbalou","Krifate",1,0.0249376558603491
"1886","Daraa-Tafilalet","Beni Mellal-Khenifra","Aghbalou","Lagnadiz",1,0.0135375846099038
"1887","Daraa-Tafilalet","Beni Mellal-Khenifra","Aghbalou","Oulad Abdoune",1,0.00249376558603491
"1888","Daraa-Tafilalet","Beni Mellal-Khenifra","Aghbalou","Oulad Boughadi",1,0.00935162094763092
"1889","Daraa-Tafilalet","Beni Mellal-Khenifra","Aghbalou","Oulad Zmam",1.25,0.0155860349127182
"1890","Daraa-Tafilalet","Beni Mellal-Khenifra","Aghbalou","Oum Rabia",1,0.00249376558603491
"1891","Daraa-Tafilalet","Beni Mellal-Khenifra","Aghbalou","Sidi Hcine",1,0.0249376558603491
"1892","Daraa-Tafilalet","Beni Mellal-Khenifra","Aghbalou","Sidi Yacoub",4,0.0119225745160907
"1893","Daraa-Tafilalet","Beni Mellal-Khenifra","Aghbalou","Tanourdi",1,0.0224438902743142
"1894","Daraa-Tafilalet","Beni Mellal-Khenifra","Aghbalou","Tighassaline",1,0.00798004987531172
"1895","Daraa-Tafilalet","Beni Mellal-Khenifra","Sidi Yahya ou Youssef","Aguelmouss",7,0.0235126469540435
"1896","Daraa-Tafilalet","Beni Mellal-Khenifra","Sidi Yahya ou Youssef","Bni Ayat",1,0.00748129675810474
"1897","Daraa-Tafilalet","Beni Mellal-Khenifra","Sidi Yahya ou Youssef","El Borj",1,0.00997506234413965
"1898","Daraa-Tafilalet","Beni Mellal-Khenifra","Sidi Yahya ou Youssef","Khmis Bni Chegdale",3,0.0108063175394846
"1899","Daraa-Tafilalet","Beni Mellal-Khenifra","Sidi Yahya ou Youssef","Krifate",1,0.00249376558603491
"1900","Daraa-Tafilalet","Beni Mellal-Khenifra","Sidi Yahya ou Youssef","Sidi Hcine",1,0.0224438902743142
"1901","Daraa-Tafilalet","Beni Mellal-Khenifra","Sidi Yahya ou Youssef","Tanourdi",1,0.00997506234413965
"1902","Daraa-Tafilalet","Casablanca-Settat","Aghbalou","Bouznika",1,0.0103313145707161
"1903","Daraa-Tafilalet","Casablanca-Settat","Aghbalou","El Borouj",1,0.0141313383208645
"1904","Daraa-Tafilalet","Casablanca-Settat","Aghbalou","Guisser",1,0.0162094763092269
"1905","Daraa-Tafilalet","Casablanca-Settat","Aghbalou","Koudiat Bni Dghough",1,0.0180798004987531
"1906","Daraa-Tafilalet","Casablanca-Settat","Aghbalou","Laaounate",1,0.0124688279301746
"1907","Daraa-Tafilalet","Casablanca-Settat","Aghbalou","Lambarkiyine",1,0.00249376558603491
"1908","Daraa-Tafilalet","Casablanca-Settat","Aghbalou","Moualine El Oued",1,0.00498753117206983
"1909","Daraa-Tafilalet","Casablanca-Settat","Aghbalou","Oulad Yahya Louta",1,0.0103906899418121
"1910","Daraa-Tafilalet","Casablanca-Settat","Aghbalou","Sidi Bernoussi",1,0.00914380714879468
"1911","Daraa-Tafilalet","Casablanca-Settat","Aghbalou","Sidi Bettache",3.71428571428571,0.0146954043462772
"1912","Daraa-Tafilalet","Casablanca-Settat","Aghbalou","Sidi Hajjaj",1,0.0089063056644104
"1913","Daraa-Tafilalet","Casablanca-Settat","Aghbalou","Sidi Hajjaj Oued Hassar",1,0.029093931837074
"1914","Daraa-Tafilalet","Casablanca-Settat","Sidi Yahya ou Youssef","El Borouj",1,0.00748129675810474
"1915","Daraa-Tafilalet","Casablanca-Settat","Sidi Yahya ou Youssef","Sidi Bernoussi",1,0.00748129675810474
"1916","Daraa-Tafilalet","Daraa-Tafilalet","Aghbalou","Aghbalou",3,0.0148129675810474
"1917","Daraa-Tafilalet","Daraa-Tafilalet","Aghbalou","Sidi Yahya ou Youssef",1,0.0141313383208645
"1918","Daraa-Tafilalet","Daraa-Tafilalet","Sidi Yahya ou Youssef","Aghbalou",2,0.0149625935162095
"1919","Daraa-Tafilalet","Fes-Meknes","Aghbalou","Aghbalou Aqorar",1.55555555555556,0.0149625935162095
"1920","Daraa-Tafilalet","Fes-Meknes","Aghbalou","Ain Bida",1,0.0106875667972925
"1921","Daraa-Tafilalet","Fes-Meknes","Aghbalou","Ain Bou Ali",1,0.012884455527847
"1922","Daraa-Tafilalet","Fes-Meknes","Aghbalou","Ain Chkef",1,0.0236907730673317
"1923","Daraa-Tafilalet","Fes-Meknes","Aghbalou","Ain Kansra",1,0.0311720698254364
"1924","Daraa-Tafilalet","Fes-Meknes","Aghbalou","Ain Karma- Oued Rommane",1,0.0149625935162095
"1925","Daraa-Tafilalet","Fes-Meknes","Aghbalou","Ain Leuh",2.14285714285714,0.0142500890630566
"1926","Daraa-Tafilalet","Fes-Meknes","Aghbalou","Ait Boubidmane",1,0.015378221113882
"1927","Daraa-Tafilalet","Fes-Meknes","Aghbalou","Ait Naamane",2.57142857142857,0.0140125875786724
"1928","Daraa-Tafilalet","Fes-Meknes","Aghbalou","Ait Sebaa Lajrouf",1.14285714285714,0.00944068400427503
"1929","Daraa-Tafilalet","Fes-Meknes","Aghbalou","Almis Marmoucha",1,0.00914380714879468
"1930","Daraa-Tafilalet","Fes-Meknes","Aghbalou","Ben Smim",1.2,0.0184538653366584
"1931","Daraa-Tafilalet","Fes-Meknes","Aghbalou","Bni Snous",1,0.015378221113882
"1932","Daraa-Tafilalet","Fes-Meknes","Aghbalou","Dayat Aoua",1,0.0116375727348296
"1933","Daraa-Tafilalet","Fes-Meknes","Aghbalou","Enjil",1,0.00374064837905237
"1934","Daraa-Tafilalet","Fes-Meknes","Aghbalou","Fes Medina",1,0.0141313383208645
"1935","Daraa-Tafilalet","Fes-Meknes","Aghbalou","Laanoussar",2,0.00519534497090607
"1936","Daraa-Tafilalet","Fes-Meknes","Aghbalou","Louadaine",2.14285714285714,0.00783754898468115
"1937","Daraa-Tafilalet","Fes-Meknes","Aghbalou","Majjate",1,0.0349127182044888
"1938","Daraa-Tafilalet","Fes-Meknes","Aghbalou","Mezraoua",1,0.0110438190238689
"1939","Daraa-Tafilalet","Fes-Meknes","Aghbalou","Moulay Idriss Zarhoun",1,0.0193266832917706
"1940","Daraa-Tafilalet","Fes-Meknes","Aghbalou","Oued Ifrane",1,0.00798004987531172
"1941","Daraa-Tafilalet","Fes-Meknes","Aghbalou","Oued Jemaa",1,0.00798004987531172
"1942","Daraa-Tafilalet","Fes-Meknes","Aghbalou","Ouizeght",1,0.00748129675810474
"1943","Daraa-Tafilalet","Fes-Meknes","Aghbalou","Oulad Mimoun",1,0.0169576059850374
"1944","Daraa-Tafilalet","Fes-Meknes","Aghbalou","Outat El Haj",1,0.0141313383208645
"1945","Daraa-Tafilalet","Fes-Meknes","Aghbalou","Rghioua",1,0.0105985037406484
"1946","Daraa-Tafilalet","Fes-Meknes","Aghbalou","Sebaa Rouadi",1,0.0162094763092269
"1947","Daraa-Tafilalet","Fes-Meknes","Aghbalou","Sidi Boutayeb",1,0.0216126350789692
"1948","Daraa-Tafilalet","Fes-Meknes","Aghbalou","Sidi El Makhfi",2.71428571428571,0.00979693623085144
"1949","Daraa-Tafilalet","Fes-Meknes","Aghbalou","Tigrigra",1,0.0133000831255195
"1950","Daraa-Tafilalet","Fes-Meknes","Aghbalou","Timahdite",6.57142857142857,0.0145512070164724
"1951","Daraa-Tafilalet","Fes-Meknes","Sidi Yahya ou Youssef","Aghbalou Aqorar",1,0.0124688279301746
"1952","Daraa-Tafilalet","Fes-Meknes","Sidi Yahya ou Youssef","Almis Marmoucha",1,0.00498753117206983
"1953","Daraa-Tafilalet","Fes-Meknes","Sidi Yahya ou Youssef","Enjil",1,0.00249376558603491
"1954","Daraa-Tafilalet","Fes-Meknes","Sidi Yahya ou Youssef","Ouizeght",1,0.00748129675810474
"1955","Daraa-Tafilalet","Fes-Meknes","Sidi Yahya ou Youssef","Outat El Haj",1,0.00748129675810474
"1956","Daraa-Tafilalet","Fes-Meknes","Sidi Yahya ou Youssef","Sidi Boutayeb",1,0.027431421446384
"1957","Daraa-Tafilalet","Fes-Meknes","Sidi Yahya ou Youssef","Zrarda",1,0.00249376558603491
"1958","Daraa-Tafilalet","Marrakech-Safi","Aghbalou","Benguerir",1,0.0149625935162095
"1959","Daraa-Tafilalet","Marrakech-Safi","Aghbalou","Jaafra",1,0.0399002493765586
"1960","Daraa-Tafilalet","Marrakech-Safi","Aghbalou","Labrikiyne",1,0.00498753117206983
"1961","Daraa-Tafilalet","Marrakech-Safi","Aghbalou","Lamzoudia",1,0.0087281795511222
"1962","Daraa-Tafilalet","Marrakech-Safi","Aghbalou","Oued L'Bour",1,0.0144638403990025
"1963","Daraa-Tafilalet","Marrakech-Safi","Aghbalou","Oulad Hassoune Hamri",1,0.0141313383208645
"1964","Daraa-Tafilalet","Marrakech-Safi","Aghbalou","Oulad Zarrad",1,0.0129675810473815
"1965","Daraa-Tafilalet","Marrakech-Safi","Aghbalou","Saidate",1,0.0124688279301746
"1966","Daraa-Tafilalet","Marrakech-Safi","Aghbalou","Taouloukoult",2,0.0155860349127182
"1967","Daraa-Tafilalet","Marrakech-Safi","Sidi Yahya ou Youssef","Benguerir",1,0.0149625935162095
"1968","Daraa-Tafilalet","Marrakech-Safi","Sidi Yahya ou Youssef","Oulad Hassoune Hamri",1,0.0149625935162095
"1969","Daraa-Tafilalet","Marrakech-Safi","Sidi Yahya ou Youssef","Taouloukoult",2,0.0174563591022444
"1970","Daraa-Tafilalet","Oriental","Aghbalou","Aghbal",1.5,0.0203657522859518
"1971","Daraa-Tafilalet","Oriental","Aghbalou","Ahl Angad",1,0.0207813798836243
"1972","Daraa-Tafilalet","Oriental","Aghbalou","Ain Lehjer",1,0.0118453865336658
"1973","Daraa-Tafilalet","Oriental","Aghbalou","Ain Sfa",1,0.00332502078137988
"1974","Daraa-Tafilalet","Oriental","Aghbalou","Bni Khaled",1.5,0.00374064837905237
"1975","Daraa-Tafilalet","Oriental","Aghbalou","Bougriba",1,0.0149625935162095
"1976","Daraa-Tafilalet","Oriental","Aghbalou","Guenfouda",1.16666666666667,0.0116375727348296
"1977","Daraa-Tafilalet","Oriental","Aghbalou","Houara Oulad Raho",1,0.0199501246882793
"1978","Daraa-Tafilalet","Oriental","Aghbalou","Lamrija",1,0.0207813798836243
"1979","Daraa-Tafilalet","Oriental","Aghbalou","Madagh",1,0.00249376558603491
"1980","Daraa-Tafilalet","Oriental","Aghbalou","Oujda",1,0.0166251039068994
"1981","Daraa-Tafilalet","Oriental","Aghbalou","Sidi Boulenouar",1,0.0261845386533666
"1982","Daraa-Tafilalet","Oriental","Aghbalou","Sidi Moussa Lamhaya",1.1,0.0183291770573566
"1983","Daraa-Tafilalet","Oriental","Aghbalou","Zegzel",1,0.0261845386533666
"1984","Daraa-Tafilalet","Oriental","Sidi Yahya ou Youssef","Ahl Angad",1,0.0149625935162095
"1985","Daraa-Tafilalet","Oriental","Sidi Yahya ou Youssef","Ain Lehjer",1,0.00249376558603491
"1986","Daraa-Tafilalet","Oriental","Sidi Yahya ou Youssef","Bougriba",1,0.00748129675810474
"1987","Daraa-Tafilalet","Oriental","Sidi Yahya ou Youssef","Guenfouda",1,0.0149625935162095
"1988","Daraa-Tafilalet","Oriental","Sidi Yahya ou Youssef","Houara Oulad Raho",1,0.0349127182044888
"1989","Daraa-Tafilalet","Oriental","Sidi Yahya ou Youssef","Madagh",1,0.00249376558603491
"1990","Daraa-Tafilalet","Oriental","Sidi Yahya ou Youssef","Sidi Boulenouar",1,0.0249376558603491
"1991","Daraa-Tafilalet","Oriental","Sidi Yahya ou Youssef","Sidi Moussa Lamhaya",1,0.027431421446384
"1992","Daraa-Tafilalet","Oriental","Sidi Yahya ou Youssef","Zegzel",1,0.0249376558603491
"1993","Daraa-Tafilalet","Rabat-Sale-Kenitra","Aghbalou","Ain Attig",1.6,0.00473815461346633
"1994","Daraa-Tafilalet","Rabat-Sale-Kenitra","Aghbalou","Ait Ikkou",1,0.0124688279301746
"1995","Daraa-Tafilalet","Rabat-Sale-Kenitra","Aghbalou","Arbaoua",1,0.00249376558603491
"1996","Daraa-Tafilalet","Rabat-Sale-Kenitra","Aghbalou","Boumaiz",1,0.0324189526184539
"1997","Daraa-Tafilalet","Rabat-Sale-Kenitra","Aghbalou","Brachoua",1,0.027431421446384
"1998","Daraa-Tafilalet","Rabat-Sale-Kenitra","Aghbalou","El Kansera",1,0.00997506234413965
"1999","Daraa-Tafilalet","Rabat-Sale-Kenitra","Aghbalou","Lalla Mimouna",1.14285714285714,0.0160313501959387
"2000","Daraa-Tafilalet","Rabat-Sale-Kenitra","Aghbalou","Sidi Mohamed Lahmar",1,0.0324189526184539
"2001","Daraa-Tafilalet","Rabat-Sale-Kenitra","Aghbalou","Sidi Yahya Zaer",1,0.0114713216957606
"2002","Daraa-Tafilalet","Rabat-Sale-Kenitra","Aghbalou","Zaggota",1,0.0174563591022444
"2003","Daraa-Tafilalet","Rabat-Sale-Kenitra","Sidi Yahya ou Youssef","Ait Ikkou",1,0.0349127182044888
"2004","Daraa-Tafilalet","Rabat-Sale-Kenitra","Sidi Yahya ou Youssef","Boumaiz",1,0.0174563591022444
"2005","Daraa-Tafilalet","Rabat-Sale-Kenitra","Sidi Yahya ou Youssef","Lalla Mimouna",1,0.0249376558603491
"2006","Daraa-Tafilalet","Rabat-Sale-Kenitra","Sidi Yahya ou Youssef","Sidi Mohamed Lahmar",1,0.0224438902743142
"2007","Daraa-Tafilalet","Rabat-Sale-Kenitra","Sidi Yahya ou Youssef","Sidi Yahya Zaer",1,0.0199501246882793
"2008","Daraa-Tafilalet","Rabat-Sale-Kenitra","Sidi Yahya ou Youssef","Zaggota",1,0.0224438902743142
"2009","Daraa-Tafilalet","Souss-Massa","Aghbalou","Arazene",1,0.0448877805486284
"2010","Daraa-Tafilalet","Souss-Massa","Aghbalou","Igoudar Mnabha",1,0.014546965918537
"2011","Daraa-Tafilalet","Souss-Massa","Aghbalou","Ouad Essafa",1,0.00498753117206983
"2012","Daraa-Tafilalet","Souss-Massa","Aghbalou","Ouled Teima",1,0.00748129675810474
"2013","Daraa-Tafilalet","Souss-Massa","Aghbalou","Sidi Bibi",1,0.00374064837905237
"2014","Daraa-Tafilalet","Tanger-Tetouan-Al Hoceima","Aghbalou","Beni Boufrah",1.57142857142857,0.0156750979693623
"2015","Daraa-Tafilalet","Tanger-Tetouan-Al Hoceima","Aghbalou","Bni Faghloum",1,0.0141313383208645
"2016","Daraa-Tafilalet","Tanger-Tetouan-Al Hoceima","Aghbalou","Chefchaouen",1,0.0112219451371571
"2017","Daraa-Tafilalet","Tanger-Tetouan-Al Hoceima","Aghbalou","Issaguen",2.33333333333333,0.0110141313383209
"2018","Daraa-Tafilalet","Tanger-Tetouan-Al Hoceima","Aghbalou","Lamjaara",1,0.0211970074812968
"2019","Daraa-Tafilalet","Tanger-Tetouan-Al Hoceima","Aghbalou","Sidi Boutmim",1,0.00623441396508728
"2020","Daraa-Tafilalet","Tanger-Tetouan-Al Hoceima","Aghbalou","Souk L'Qolla",2.8,0.014214463840399
"2021","Daraa-Tafilalet","Tanger-Tetouan-Al Hoceima","Aghbalou","Tetouan",1,0.0124688279301746
"2022","Daraa-Tafilalet","Tanger-Tetouan-Al Hoceima","Aghbalou","Zouada",1,0.027431421446384
"2023","Daraa-Tafilalet","Tanger-Tetouan-Al Hoceima","Sidi Yahya ou Youssef","Issaguen",1,0.00249376558603491
"2024","Daraa-Tafilalet","Tanger-Tetouan-Al Hoceima","Sidi Yahya ou Youssef","Lamjaara",1,0.027431421446384
"2025","Daraa-Tafilalet","Tanger-Tetouan-Al Hoceima","Sidi Yahya ou Youssef","Souk L'Qolla",1,0.0174563591022444
"2026","Fes-Meknes","Beni Mellal-Khenifra","Aghbalou Aqorar","Aguelmouss",4.75,0.00999238016070934
"2027","Fes-Meknes","Beni Mellal-Khenifra","Aghbalou Aqorar","Ait Saadelli",1,0.00498753117206983
"2028","Fes-Meknes","Beni Mellal-Khenifra","Aghbalou Aqorar","Bni Oukil",1.66666666666667,0.0182876142975894
"2029","Fes-Meknes","Beni Mellal-Khenifra","Aghbalou Aqorar","Bni Ykhlef",1,0.0149625935162095
"2030","Fes-Meknes","Beni Mellal-Khenifra","Aghbalou Aqorar","El Borj",1,0.00415627597672485
"2031","Fes-Meknes","Beni Mellal-Khenifra","Aghbalou Aqorar","El Hammam",1,0.0108063175394846
"2032","Fes-Meknes","Beni Mellal-Khenifra","Aghbalou Aqorar","Khmis Bni Chegdale",1,0.0149625935162095
"2033","Fes-Meknes","Beni Mellal-Khenifra","Aghbalou Aqorar","Lagnadiz",1,0.013715710723192
"2034","Fes-Meknes","Beni Mellal-Khenifra","Aghbalou Aqorar","Oulad Abdoune",1,0.00748129675810474
"2035","Fes-Meknes","Beni Mellal-Khenifra","Aghbalou Aqorar","Oulad Boughadi",1,0.0116375727348296
"2036","Fes-Meknes","Beni Mellal-Khenifra","Aghbalou Aqorar","Oulad M'Barek",1,0.00249376558603491
"2037","Fes-Meknes","Beni Mellal-Khenifra","Aghbalou Aqorar","Oulad Zmam",1.5,0.0174563591022444
"2038","Fes-Meknes","Beni Mellal-Khenifra","Aghbalou Aqorar","Oum Rabia",1,0.0448877805486284
"2039","Fes-Meknes","Beni Mellal-Khenifra","Aghbalou Aqorar","Sidi Amar",1,0.00498753117206983
"2040","Fes-Meknes","Beni Mellal-Khenifra","Aghbalou Aqorar","Sidi Hcine",1,0.00498753117206983
"2041","Fes-Meknes","Beni Mellal-Khenifra","Aghbalou Aqorar","Sidi Yacoub",2.33333333333333,0.0084510944860072
"2042","Fes-Meknes","Beni Mellal-Khenifra","Aghbalou Aqorar","Tighassaline",1,0.0261845386533666
"2043","Fes-Meknes","Beni Mellal-Khenifra","Ain Bida","Aguelmouss",3,0.00249376558603491
"2044","Fes-Meknes","Beni Mellal-Khenifra","Ain Bida","Ait Saadelli",1,0.0149625935162095
"2045","Fes-Meknes","Beni Mellal-Khenifra","Ain Bida","Bni Oukil",3,0.00831255195344971
"2046","Fes-Meknes","Beni Mellal-Khenifra","Ain Bida","Bni Ykhlef",1,0.00249376558603491
"2047","Fes-Meknes","Beni Mellal-Khenifra","Ain Bida","El Borj",1,0.0249376558603491
"2048","Fes-Meknes","Beni Mellal-Khenifra","Ain Bida","El Hammam",1,0.0174563591022444
"2049","Fes-Meknes","Beni Mellal-Khenifra","Ain Bida","Lagnadiz",1,0.00997506234413965
"2050","Fes-Meknes","Beni Mellal-Khenifra","Ain Bida","Oulad Boughadi",1,0.00249376558603491
"2051","Fes-Meknes","Beni Mellal-Khenifra","Ain Bida","Oulad Zmam",1,0.00997506234413965
"2052","Fes-Meknes","Beni Mellal-Khenifra","Ain Bida","Sidi Yacoub",5,0.0129675810473815
"2053","Fes-Meknes","Beni Mellal-Khenifra","Ain Bou Ali","Aguelmouss",1,0.00748129675810474
"2054","Fes-Meknes","Beni Mellal-Khenifra","Ain Bou Ali","Ait Saadelli",1,0.0124688279301746
"2055","Fes-Meknes","Beni Mellal-Khenifra","Ain Bou Ali","Bni Oukil",4,0.0112219451371571
"2056","Fes-Meknes","Beni Mellal-Khenifra","Ain Bou Ali","El Borj",1,0.0124688279301746
"2057","Fes-Meknes","Beni Mellal-Khenifra","Ain Bou Ali","El Hammam",1,0.0149625935162095
"2058","Fes-Meknes","Beni Mellal-Khenifra","Ain Bou Ali","Oulad Boughadi",1,0.00997506234413965
"2059","Fes-Meknes","Beni Mellal-Khenifra","Ain Bou Ali","Oulad Zmam",1,0.00249376558603491
"2060","Fes-Meknes","Beni Mellal-Khenifra","Ain Bou Ali","Sidi Yacoub",5,0.00947630922693267
"2061","Fes-Meknes","Beni Mellal-Khenifra","Ain Chkef","Aguelmouss",2.5,0.0043640897755611
"2062","Fes-Meknes","Beni Mellal-Khenifra","Ain Chkef","Bni Oukil",1,0.00623441396508728
"2063","Fes-Meknes","Beni Mellal-Khenifra","Ain Chkef","El Borj",1,0.00997506234413965
"2064","Fes-Meknes","Beni Mellal-Khenifra","Ain Chkef","El Hammam",1,0.00498753117206983
"2065","Fes-Meknes","Beni Mellal-Khenifra","Ain Chkef","Khmis Bni Chegdale",1,0.00498753117206983
"2066","Fes-Meknes","Beni Mellal-Khenifra","Ain Chkef","Lagnadiz",1,0.0149625935162095
"2067","Fes-Meknes","Beni Mellal-Khenifra","Ain Chkef","Oulad Zmam",2,0.00374064837905237
"2068","Fes-Meknes","Beni Mellal-Khenifra","Ain Chkef","Sidi Yacoub",4,0.0130922693266833
"2069","Fes-Meknes","Beni Mellal-Khenifra","Ain Kansra","Aguelmouss",3.66666666666667,0.00457190357439734
"2070","Fes-Meknes","Beni Mellal-Khenifra","Ain Kansra","Ait Saadelli",1,0.00748129675810474
"2071","Fes-Meknes","Beni Mellal-Khenifra","Ain Kansra","Bni Oukil",1,0.0249376558603491
"2072","Fes-Meknes","Beni Mellal-Khenifra","Ain Kansra","El Borj",1,0.00249376558603491
"2073","Fes-Meknes","Beni Mellal-Khenifra","Ain Kansra","El Hammam",1.5,0.00374064837905237
"2074","Fes-Meknes","Beni Mellal-Khenifra","Ain Kansra","Khmis Bni Chegdale",1,0.00498753117206983
"2075","Fes-Meknes","Beni Mellal-Khenifra","Ain Kansra","Lagnadiz",1,0.0249376558603491
"2076","Fes-Meknes","Beni Mellal-Khenifra","Ain Kansra","Oulad Zmam",1,0.0157938487115544
"2077","Fes-Meknes","Beni Mellal-Khenifra","Ain Kansra","Sidi Yacoub",4,0.0118453865336658
"2078","Fes-Meknes","Beni Mellal-Khenifra","Ain Karma- Oued Rommane","Aguelmouss",5,0.0164588528678304
"2079","Fes-Meknes","Beni Mellal-Khenifra","Ain Karma- Oued Rommane","Ait Saadelli",1,0.00997506234413965
"2080","Fes-Meknes","Beni Mellal-Khenifra","Ain Karma- Oued Rommane","Bni Oukil",3,0.0141313383208645
"2081","Fes-Meknes","Beni Mellal-Khenifra","Ain Karma- Oued Rommane","Bni Ykhlef",1,0.00249376558603491
"2082","Fes-Meknes","Beni Mellal-Khenifra","Ain Karma- Oued Rommane","Oulad Abdoune",1,0.00748129675810474
"2083","Fes-Meknes","Beni Mellal-Khenifra","Ain Karma- Oued Rommane","Oulad Boughadi",1,0.0224438902743142
"2084","Fes-Meknes","Beni Mellal-Khenifra","Ain Karma- Oued Rommane","Sidi Yacoub",2,0.0149625935162095
"2085","Fes-Meknes","Beni Mellal-Khenifra","Ain Leuh","Aguelmouss",3.33333333333333,0.00575941099631873
"2086","Fes-Meknes","Beni Mellal-Khenifra","Ain Leuh","Ait Saadelli",1,0.0149625935162095
"2087","Fes-Meknes","Beni Mellal-Khenifra","Ain Leuh","Bni Oukil",2.33333333333333,0.0130229980604045
"2088","Fes-Meknes","Beni Mellal-Khenifra","Ain Leuh","Bni Ykhlef",1,0.00249376558603491
"2089","Fes-Meknes","Beni Mellal-Khenifra","Ain Leuh","El Borj",1,0.0149625935162095
"2090","Fes-Meknes","Beni Mellal-Khenifra","Ain Leuh","El Hammam",1.33333333333333,0.0203657522859518
"2091","Fes-Meknes","Beni Mellal-Khenifra","Ain Leuh","Khmis Bni Chegdale",1,0.0199501246882793
"2092","Fes-Meknes","Beni Mellal-Khenifra","Ain Leuh","Lagnadiz",1,0.00997506234413965
"2093","Fes-Meknes","Beni Mellal-Khenifra","Ain Leuh","Oulad Abdoune",1,0.00249376558603491
"2094","Fes-Meknes","Beni Mellal-Khenifra","Ain Leuh","Oulad Boughadi",1,0.00997506234413965
"2095","Fes-Meknes","Beni Mellal-Khenifra","Ain Leuh","Oulad Zmam",1.33333333333333,0.00748129675810474
"2096","Fes-Meknes","Beni Mellal-Khenifra","Ain Leuh","Sidi Yacoub",4.33333333333333,0.00919922416181768
"2097","Fes-Meknes","Beni Mellal-Khenifra","Ain Leuh","Tighassaline",1,0.0149625935162095
"2098","Fes-Meknes","Beni Mellal-Khenifra","Ait Boubidmane","Aguelmouss",1,0.00498753117206983
"2099","Fes-Meknes","Beni Mellal-Khenifra","Ait Boubidmane","Ait Saadelli",1,0.0174563591022444
"2100","Fes-Meknes","Beni Mellal-Khenifra","Ait Boubidmane","Bni Oukil",3,0.00914380714879468
"2101","Fes-Meknes","Beni Mellal-Khenifra","Ait Boubidmane","El Borj",1,0.00748129675810474
"2102","Fes-Meknes","Beni Mellal-Khenifra","Ait Boubidmane","El Hammam",1,0.00748129675810474
"2103","Fes-Meknes","Beni Mellal-Khenifra","Ait Boubidmane","Khmis Bni Chegdale",1,0.00249376558603491
"2104","Fes-Meknes","Beni Mellal-Khenifra","Ait Boubidmane","Lagnadiz",1,0.029925187032419
"2105","Fes-Meknes","Beni Mellal-Khenifra","Ait Boubidmane","Oulad Boughadi",1,0.00498753117206983
"2106","Fes-Meknes","Beni Mellal-Khenifra","Ait Boubidmane","Oulad Zmam",1,0.0249376558603491
"2107","Fes-Meknes","Beni Mellal-Khenifra","Ait Boubidmane","Sidi Yacoub",4,0.0199501246882793
"2108","Fes-Meknes","Beni Mellal-Khenifra","Ait Naamane","Aguelmouss",2,0.00706566916043225
"2109","Fes-Meknes","Beni Mellal-Khenifra","Ait Naamane","Ait Saadelli",1,0.0108063175394846
"2110","Fes-Meknes","Beni Mellal-Khenifra","Ait Naamane","Bni Oukil",3.33333333333333,0.00969797727902466
"2111","Fes-Meknes","Beni Mellal-Khenifra","Ait Naamane","Bni Ykhlef",1,0.00249376558603491
"2112","Fes-Meknes","Beni Mellal-Khenifra","Ait Naamane","El Borj",1,0.0149625935162095
"2113","Fes-Meknes","Beni Mellal-Khenifra","Ait Naamane","El Hammam",1,0.00831255195344971
"2114","Fes-Meknes","Beni Mellal-Khenifra","Ait Naamane","Khmis Bni Chegdale",1,0.00997506234413965
"2115","Fes-Meknes","Beni Mellal-Khenifra","Ait Naamane","Lagnadiz",1,0.00914380714879468
"2116","Fes-Meknes","Beni Mellal-Khenifra","Ait Naamane","Oulad Abdoune",1,0.00249376558603491
"2117","Fes-Meknes","Beni Mellal-Khenifra","Ait Naamane","Oulad Boughadi",1,0.0112219451371571
"2118","Fes-Meknes","Beni Mellal-Khenifra","Ait Naamane","Oulad Zmam",1,0.0157938487115544
"2119","Fes-Meknes","Beni Mellal-Khenifra","Ait Naamane","Sidi Yacoub",4.33333333333333,0.0105292324743696
"2120","Fes-Meknes","Beni Mellal-Khenifra","Ait Naamane","Tighassaline",1,0.00249376558603491
"2121","Fes-Meknes","Beni Mellal-Khenifra","Ait Sebaa Lajrouf","Aguelmouss",7,0.0117484067608756
"2122","Fes-Meknes","Beni Mellal-Khenifra","Ait Sebaa Lajrouf","Ait Saadelli",1,0.00748129675810474
"2123","Fes-Meknes","Beni Mellal-Khenifra","Ait Sebaa Lajrouf","Bni Oukil",3.5,0.0142352452202826
"2124","Fes-Meknes","Beni Mellal-Khenifra","Ait Sebaa Lajrouf","Bni Ykhlef",1,0.0199501246882793
"2125","Fes-Meknes","Beni Mellal-Khenifra","Ait Sebaa Lajrouf","El Borj",1,0.0199501246882793
"2126","Fes-Meknes","Beni Mellal-Khenifra","Ait Sebaa Lajrouf","El Hammam",1.5,0.0168329177057357
"2127","Fes-Meknes","Beni Mellal-Khenifra","Ait Sebaa Lajrouf","Fkih Ben Salah",1,0.00249376558603491
"2128","Fes-Meknes","Beni Mellal-Khenifra","Ait Sebaa Lajrouf","Khmis Bni Chegdale",2,0.00249376558603491
"2129","Fes-Meknes","Beni Mellal-Khenifra","Ait Sebaa Lajrouf","Krifate",1,0.00997506234413965
"2130","Fes-Meknes","Beni Mellal-Khenifra","Ait Sebaa Lajrouf","Oulad Abdoune",1,0.0124688279301746
"2131","Fes-Meknes","Beni Mellal-Khenifra","Ait Sebaa Lajrouf","Oulad Boughadi",1,0.00997506234413965
"2132","Fes-Meknes","Beni Mellal-Khenifra","Ait Sebaa Lajrouf","Oulad Zmam",1,0.0124688279301746
"2133","Fes-Meknes","Beni Mellal-Khenifra","Ait Sebaa Lajrouf","Sidi Yacoub",2,0.0087281795511222
"2134","Fes-Meknes","Beni Mellal-Khenifra","Almis Marmoucha","Aguelmouss",9,0.0163480188417844
"2135","Fes-Meknes","Beni Mellal-Khenifra","Almis Marmoucha","Bni Ayat",1,0.0124688279301746
"2136","Fes-Meknes","Beni Mellal-Khenifra","Almis Marmoucha","El Borj",2,0.029925187032419
"2137","Fes-Meknes","Beni Mellal-Khenifra","Almis Marmoucha","Fkih Ben Salah",1,0.00249376558603491
"2138","Fes-Meknes","Beni Mellal-Khenifra","Almis Marmoucha","Had Bouhssoussen",1,0.00997506234413965
"2139","Fes-Meknes","Beni Mellal-Khenifra","Almis Marmoucha","Khmis Bni Chegdale",3,0.0249376558603491
"2140","Fes-Meknes","Beni Mellal-Khenifra","Almis Marmoucha","Krifate",1,0.00249376558603491
"2141","Fes-Meknes","Beni Mellal-Khenifra","Almis Marmoucha","Oulad Zmam",1,0.00249376558603491
"2142","Fes-Meknes","Beni Mellal-Khenifra","Almis Marmoucha","Sidi Hcine",1,0.0149625935162095
"2143","Fes-Meknes","Beni Mellal-Khenifra","Almis Marmoucha","Tanourdi",1,0.0149625935162095
"2144","Fes-Meknes","Beni Mellal-Khenifra","Ben Smim","Aguelmouss",7.5,0.032530281439259
"2145","Fes-Meknes","Beni Mellal-Khenifra","Ben Smim","Ait Saadelli",1,0.00748129675810474
"2146","Fes-Meknes","Beni Mellal-Khenifra","Ben Smim","Bni Oukil",1.5,0.00748129675810474
"2147","Fes-Meknes","Beni Mellal-Khenifra","Ben Smim","El Borj",1,0.00498753117206983
"2148","Fes-Meknes","Beni Mellal-Khenifra","Ben Smim","El Hammam",1.5,0.0243142144638404
"2149","Fes-Meknes","Beni Mellal-Khenifra","Ben Smim","Khmis Bni Chegdale",1,0.029925187032419
"2150","Fes-Meknes","Beni Mellal-Khenifra","Ben Smim","Lagnadiz",1,0.00872817955112219
"2151","Fes-Meknes","Beni Mellal-Khenifra","Ben Smim","Oulad Zmam",1.5,0.0405236907730673
"2152","Fes-Meknes","Beni Mellal-Khenifra","Ben Smim","Sidi Yacoub",2,0.00872817955112219
"2153","Fes-Meknes","Beni Mellal-Khenifra","Ben Smim","Tighassaline",1,0.0199501246882793
"2154","Fes-Meknes","Beni Mellal-Khenifra","Bni Snous","Aguelmouss",2,0.00249376558603491
"2155","Fes-Meknes","Beni Mellal-Khenifra","Bni Snous","Ait Saadelli",1,0.00997506234413965
"2156","Fes-Meknes","Beni Mellal-Khenifra","Bni Snous","Bni Oukil",3,0.0141313383208645
"2157","Fes-Meknes","Beni Mellal-Khenifra","Bni Snous","El Borj",1,0.0149625935162095
"2158","Fes-Meknes","Beni Mellal-Khenifra","Bni Snous","El Hammam",1,0.027431421446384
"2159","Fes-Meknes","Beni Mellal-Khenifra","Bni Snous","Lagnadiz",1,0.027431421446384
"2160","Fes-Meknes","Beni Mellal-Khenifra","Bni Snous","Oulad Boughadi",1,0.00249376558603491
"2161","Fes-Meknes","Beni Mellal-Khenifra","Bni Snous","Oulad Zmam",1,0.0149625935162095
"2162","Fes-Meknes","Beni Mellal-Khenifra","Bni Snous","Sidi Yacoub",5,0.0179551122194514
"2163","Fes-Meknes","Beni Mellal-Khenifra","Dayat Aoua","Aguelmouss",8,0.033354114713217
"2164","Fes-Meknes","Beni Mellal-Khenifra","Dayat Aoua","Bni Oukil",1,0.00249376558603491
"2165","Fes-Meknes","Beni Mellal-Khenifra","Dayat Aoua","El Hammam",1,0.0399002493765586
"2166","Fes-Meknes","Beni Mellal-Khenifra","Dayat Aoua","Khmis Bni Chegdale",1,0.027431421446384
"2167","Fes-Meknes","Beni Mellal-Khenifra","Dayat Aoua","Oulad Zmam",1,0.0423940149625935
"2168","Fes-Meknes","Beni Mellal-Khenifra","Dayat Aoua","Sidi Yacoub",2,0.00374064837905237
"2169","Fes-Meknes","Beni Mellal-Khenifra","Dayat Aoua","Tighassaline",1,0.0399002493765586
"2170","Fes-Meknes","Beni Mellal-Khenifra","Enjil","Bni Oukil",2,0.00872817955112219
"2171","Fes-Meknes","Beni Mellal-Khenifra","Enjil","Oulad M'Barek",1,0.0124688279301746
"2172","Fes-Meknes","Beni Mellal-Khenifra","Enjil","Oum Rabia",1,0.0872817955112219
"2173","Fes-Meknes","Beni Mellal-Khenifra","Enjil","Sidi Amar",1,0.0448877805486284
"2174","Fes-Meknes","Beni Mellal-Khenifra","Enjil","Tighassaline",1,0.084788029925187
"2175","Fes-Meknes","Beni Mellal-Khenifra","Fes Medina","Aguelmouss",8,0.0314837905236908
"2176","Fes-Meknes","Beni Mellal-Khenifra","Fes Medina","Bni Oukil",1,0.00249376558603491
"2177","Fes-Meknes","Beni Mellal-Khenifra","Fes Medina","El Hammam",2,0.0174563591022444
"2178","Fes-Meknes","Beni Mellal-Khenifra","Fes Medina","Khmis Bni Chegdale",1,0.0349127182044888
"2179","Fes-Meknes","Beni Mellal-Khenifra","Fes Medina","Lagnadiz",1,0.00498753117206983
"2180","Fes-Meknes","Beni Mellal-Khenifra","Fes Medina","Oulad Zmam",2,0.0112219451371571
"2181","Fes-Meknes","Beni Mellal-Khenifra","Fes Medina","Sidi Yacoub",2,0.00498753117206983
"2182","Fes-Meknes","Beni Mellal-Khenifra","Fes Medina","Tighassaline",1,0.0473815461346633
"2183","Fes-Meknes","Beni Mellal-Khenifra","Kandar Sidi Khiar","Aguelmouss",12,0.0172485453034081
"2184","Fes-Meknes","Beni Mellal-Khenifra","Kandar Sidi Khiar","Bni Oukil",1,0.027431421446384
"2185","Fes-Meknes","Beni Mellal-Khenifra","Kandar Sidi Khiar","Bni Ykhlef",1,0.0324189526184539
"2186","Fes-Meknes","Beni Mellal-Khenifra","Kandar Sidi Khiar","El Borj",2,0.00623441396508728
"2187","Fes-Meknes","Beni Mellal-Khenifra","Kandar Sidi Khiar","El Hammam",2,0.0349127182044888
"2188","Fes-Meknes","Beni Mellal-Khenifra","Kandar Sidi Khiar","Fkih Ben Salah",1,0.0324189526184539
"2189","Fes-Meknes","Beni Mellal-Khenifra","Kandar Sidi Khiar","Khmis Bni Chegdale",3,0.0058187863674148
"2190","Fes-Meknes","Beni Mellal-Khenifra","Kandar Sidi Khiar","Krifate",1,0.0224438902743142
"2191","Fes-Meknes","Beni Mellal-Khenifra","Kandar Sidi Khiar","Oulad Abdoune",1,0.00748129675810474
"2192","Fes-Meknes","Beni Mellal-Khenifra","Kandar Sidi Khiar","Oulad Zmam",1,0.0399002493765586
"2193","Fes-Meknes","Beni Mellal-Khenifra","Kandar Sidi Khiar","Tanourdi",1,0.00249376558603491
"2194","Fes-Meknes","Beni Mellal-Khenifra","Laanoussar","Aguelmouss",10,0.0229023401093227
"2195","Fes-Meknes","Beni Mellal-Khenifra","Laanoussar","Bni Oukil",1.66666666666667,0.0266001662510391
"2196","Fes-Meknes","Beni Mellal-Khenifra","Laanoussar","Bni Ykhlef",1,0.0266001662510391
"2197","Fes-Meknes","Beni Mellal-Khenifra","Laanoussar","El Borj",1.33333333333333,0.00249376558603491
"2198","Fes-Meknes","Beni Mellal-Khenifra","Laanoussar","El Hammam",2,0.013715710723192
"2199","Fes-Meknes","Beni Mellal-Khenifra","Laanoussar","Fkih Ben Salah",1,0.0108063175394846
"2200","Fes-Meknes","Beni Mellal-Khenifra","Laanoussar","Had Bouhssoussen",1,0.00249376558603491
"2201","Fes-Meknes","Beni Mellal-Khenifra","Laanoussar","Khmis Bni Chegdale",1.5,0.00249376558603491
"2202","Fes-Meknes","Beni Mellal-Khenifra","Laanoussar","Krifate",1,0.00914380714879468
"2203","Fes-Meknes","Beni Mellal-Khenifra","Laanoussar","Oulad Abdoune",1,0.0415627597672485
"2204","Fes-Meknes","Beni Mellal-Khenifra","Laanoussar","Oulad Boughadi",1,0.00332502078137988
"2205","Fes-Meknes","Beni Mellal-Khenifra","Laanoussar","Oulad Zmam",1,0.0108063175394846
"2206","Fes-Meknes","Beni Mellal-Khenifra","Laanoussar","Sidi Hcine",1,0.00249376558603491
"2207","Fes-Meknes","Beni Mellal-Khenifra","Laanoussar","Sidi Yacoub",1.5,0.00374064837905237
"2208","Fes-Meknes","Beni Mellal-Khenifra","Laanoussar","Tanourdi",1,0.00249376558603491
"2209","Fes-Meknes","Beni Mellal-Khenifra","Louadaine","Aguelmouss",5,0.00616514269880853
"2210","Fes-Meknes","Beni Mellal-Khenifra","Louadaine","Ait Saadelli",1,0.0157938487115544
"2211","Fes-Meknes","Beni Mellal-Khenifra","Louadaine","Bni Oukil",2.66666666666667,0.0177334441673594
"2212","Fes-Meknes","Beni Mellal-Khenifra","Louadaine","Bni Ykhlef",1,0.00498753117206983
"2213","Fes-Meknes","Beni Mellal-Khenifra","Louadaine","El Borj",1,0.0108063175394846
"2214","Fes-Meknes","Beni Mellal-Khenifra","Louadaine","El Hammam",1,0.00997506234413965
"2215","Fes-Meknes","Beni Mellal-Khenifra","Louadaine","Lagnadiz",1,0.00498753117206983
"2216","Fes-Meknes","Beni Mellal-Khenifra","Louadaine","Oulad Abdoune",1,0.00332502078137988
"2217","Fes-Meknes","Beni Mellal-Khenifra","Louadaine","Oulad Boughadi",1,0.0232751454696592
"2218","Fes-Meknes","Beni Mellal-Khenifra","Louadaine","Oulad Zmam",1,0.00249376558603491
"2219","Fes-Meknes","Beni Mellal-Khenifra","Louadaine","Sidi Amar",1,0.00249376558603491
"2220","Fes-Meknes","Beni Mellal-Khenifra","Louadaine","Sidi Yacoub",3.66666666666667,0.0186201163757273
"2221","Fes-Meknes","Beni Mellal-Khenifra","Majjate","Aguelmouss",11,0.0158694173656767
"2222","Fes-Meknes","Beni Mellal-Khenifra","Majjate","Bni Ayat",1,0.0124688279301746
"2223","Fes-Meknes","Beni Mellal-Khenifra","Majjate","Bni Oukil",1,0.00498753117206983
"2224","Fes-Meknes","Beni Mellal-Khenifra","Majjate","El Borj",2,0.0324189526184539
"2225","Fes-Meknes","Beni Mellal-Khenifra","Majjate","El Hammam",2,0.0162094763092269
"2226","Fes-Meknes","Beni Mellal-Khenifra","Majjate","Fkih Ben Salah",1,0.00498753117206983
"2227","Fes-Meknes","Beni Mellal-Khenifra","Majjate","Had Bouhssoussen",1,0.0324189526184539
"2228","Fes-Meknes","Beni Mellal-Khenifra","Majjate","Khmis Bni Chegdale",3,0.028262676641729
"2229","Fes-Meknes","Beni Mellal-Khenifra","Majjate","Krifate",1,0.0149625935162095
"2230","Fes-Meknes","Beni Mellal-Khenifra","Majjate","Oulad Zmam",1,0.0174563591022444
"2231","Fes-Meknes","Beni Mellal-Khenifra","Majjate","Sidi Hcine",1,0.00249376558603491
"2232","Fes-Meknes","Beni Mellal-Khenifra","Majjate","Tanourdi",1,0.0124688279301746
"2233","Fes-Meknes","Beni Mellal-Khenifra","Matmata","Aguelmouss",8,0.0317955112219451
"2234","Fes-Meknes","Beni Mellal-Khenifra","Matmata","El Hammam",1,0.027431421446384
"2235","Fes-Meknes","Beni Mellal-Khenifra","Matmata","Khmis Bni Chegdale",1,0.00498753117206983
"2236","Fes-Meknes","Beni Mellal-Khenifra","Matmata","Oulad Zmam",1,0.0523690773067332
"2237","Fes-Meknes","Beni Mellal-Khenifra","Matmata","Tighassaline",1,0.0399002493765586
"2238","Fes-Meknes","Beni Mellal-Khenifra","Mezraoua","Aguelmouss",1,0.00249376558603491
"2239","Fes-Meknes","Beni Mellal-Khenifra","Mezraoua","Ait Saadelli",1,0.0124688279301746
"2240","Fes-Meknes","Beni Mellal-Khenifra","Mezraoua","Bni Oukil",3,0.00831255195344971
"2241","Fes-Meknes","Beni Mellal-Khenifra","Mezraoua","El Borj",1,0.0124688279301746
"2242","Fes-Meknes","Beni Mellal-Khenifra","Mezraoua","El Hammam",1,0.00997506234413965
"2243","Fes-Meknes","Beni Mellal-Khenifra","Mezraoua","Khmis Bni Chegdale",1,0.00249376558603491
"2244","Fes-Meknes","Beni Mellal-Khenifra","Mezraoua","Lagnadiz",1,0.0199501246882793
"2245","Fes-Meknes","Beni Mellal-Khenifra","Mezraoua","Oulad Abdoune",1,0.00249376558603491
"2246","Fes-Meknes","Beni Mellal-Khenifra","Mezraoua","Oulad Boughadi",1,0.00748129675810474
"2247","Fes-Meknes","Beni Mellal-Khenifra","Mezraoua","Oulad Zmam",1,0.0149625935162095
"2248","Fes-Meknes","Beni Mellal-Khenifra","Mezraoua","Oum Rabia",1,0.00249376558603491
"2249","Fes-Meknes","Beni Mellal-Khenifra","Mezraoua","Sidi Yacoub",5,0.0154613466334165
"2250","Fes-Meknes","Beni Mellal-Khenifra","Moulay Idriss Zarhoun","Aguelmouss",6,0.0157938487115544
"2251","Fes-Meknes","Beni Mellal-Khenifra","Moulay Idriss Zarhoun","Bni Oukil",2,0.00498753117206983
"2252","Fes-Meknes","Beni Mellal-Khenifra","Moulay Idriss Zarhoun","El Hammam",1,0.00997506234413965
"2253","Fes-Meknes","Beni Mellal-Khenifra","Moulay Idriss Zarhoun","Khmis Bni Chegdale",1,0.0249376558603491
"2254","Fes-Meknes","Beni Mellal-Khenifra","Moulay Idriss Zarhoun","Oulad Zmam",2,0.00623441396508728
"2255","Fes-Meknes","Beni Mellal-Khenifra","Moulay Idriss Zarhoun","Sidi Yacoub",3,0.00831255195344971
"2256","Fes-Meknes","Beni Mellal-Khenifra","Moulay Idriss Zarhoun","Tighassaline",1,0.00748129675810474
"2257","Fes-Meknes","Beni Mellal-Khenifra","Oued Ifrane","Aguelmouss",7,0.0114000712504453
"2258","Fes-Meknes","Beni Mellal-Khenifra","Oued Ifrane","Ait Saadelli",1,0.00249376558603491
"2259","Fes-Meknes","Beni Mellal-Khenifra","Oued Ifrane","Bni Oukil",3,0.0182876142975894
"2260","Fes-Meknes","Beni Mellal-Khenifra","Oued Ifrane","Bni Ykhlef",1,0.00748129675810474
"2261","Fes-Meknes","Beni Mellal-Khenifra","Oued Ifrane","El Borj",1,0.00748129675810474
"2262","Fes-Meknes","Beni Mellal-Khenifra","Oued Ifrane","El Hammam",1,0.00748129675810474
"2263","Fes-Meknes","Beni Mellal-Khenifra","Oued Ifrane","Oulad Abdoune",1,0.00748129675810474
"2264","Fes-Meknes","Beni Mellal-Khenifra","Oued Ifrane","Oulad Boughadi",1,0.0423940149625935
"2265","Fes-Meknes","Beni Mellal-Khenifra","Oued Ifrane","Oulad Zmam",1,0.00498753117206983
"2266","Fes-Meknes","Beni Mellal-Khenifra","Oued Ifrane","Sidi Yacoub",2,0.0236907730673317
"2267","Fes-Meknes","Beni Mellal-Khenifra","Oued Jemaa","Aguelmouss",5,0.0134663341645885
"2268","Fes-Meknes","Beni Mellal-Khenifra","Oued Jemaa","Bni Oukil",3,0.0124688279301746
"2269","Fes-Meknes","Beni Mellal-Khenifra","Oued Jemaa","Bni Ykhlef",1,0.00997506234413965
"2270","Fes-Meknes","Beni Mellal-Khenifra","Oued Jemaa","El Borj",1,0.00249376558603491
"2271","Fes-Meknes","Beni Mellal-Khenifra","Oued Jemaa","El Hammam",2,0.00374064837905237
"2272","Fes-Meknes","Beni Mellal-Khenifra","Oued Jemaa","Had Bouhssoussen",1,0.00249376558603491
"2273","Fes-Meknes","Beni Mellal-Khenifra","Oued Jemaa","Krifate",2,0.00249376558603491
"2274","Fes-Meknes","Beni Mellal-Khenifra","Oued Jemaa","Oulad Abdoune",1,0.00748129675810474
"2275","Fes-Meknes","Beni Mellal-Khenifra","Oued Jemaa","Oulad Boughadi",1,0.0324189526184539
"2276","Fes-Meknes","Beni Mellal-Khenifra","Oued Jemaa","Oulad Zmam",2,0.00249376558603491
"2277","Fes-Meknes","Beni Mellal-Khenifra","Oued Jemaa","Sidi Yacoub",3,0.00997506234413965
"2278","Fes-Meknes","Beni Mellal-Khenifra","Ouislane","Aguelmouss",4,0.00374064837905237
"2279","Fes-Meknes","Beni Mellal-Khenifra","Ouislane","Oulad Zmam",1,0.00249376558603491
"2280","Fes-Meknes","Beni Mellal-Khenifra","Ouizeght","Aguelmouss",9,0.0180105292324744
"2281","Fes-Meknes","Beni Mellal-Khenifra","Ouizeght","Bni Ayat",1,0.0149625935162095
"2282","Fes-Meknes","Beni Mellal-Khenifra","Ouizeght","El Borj",2,0.0211970074812968
"2283","Fes-Meknes","Beni Mellal-Khenifra","Ouizeght","Had Bouhssoussen",1,0.027431421446384
"2284","Fes-Meknes","Beni Mellal-Khenifra","Ouizeght","Khmis Bni Chegdale",3,0.0232751454696592
"2285","Fes-Meknes","Beni Mellal-Khenifra","Ouizeght","Oulad Abdoune",1,0.00249376558603491
"2286","Fes-Meknes","Beni Mellal-Khenifra","Ouizeght","Oum Rabia",1,0.00249376558603491
"2287","Fes-Meknes","Beni Mellal-Khenifra","Ouizeght","Sidi Hcine",1,0.0399002493765586
"2288","Fes-Meknes","Beni Mellal-Khenifra","Ouizeght","Tanourdi",1,0.0149625935162095
"2289","Fes-Meknes","Beni Mellal-Khenifra","Oulad Ayyad","Bni Oukil",2,0.00872817955112219
"2290","Fes-Meknes","Beni Mellal-Khenifra","Oulad Ayyad","Krifate",1,0.351620947630923
"2291","Fes-Meknes","Beni Mellal-Khenifra","Oulad Ayyad","Oulad M'Barek",1,0.00498753117206983
"2292","Fes-Meknes","Beni Mellal-Khenifra","Oulad Mimoun","Aguelmouss",4,0.00311720698254364
"2293","Fes-Meknes","Beni Mellal-Khenifra","Oulad Mimoun","Ait Saadelli",1,0.00498753117206983
"2294","Fes-Meknes","Beni Mellal-Khenifra","Oulad Mimoun","Bni Oukil",2,0.00748129675810474
"2295","Fes-Meknes","Beni Mellal-Khenifra","Oulad Mimoun","El Borj",1,0.00748129675810474
"2296","Fes-Meknes","Beni Mellal-Khenifra","Oulad Mimoun","El Hammam",1,0.00498753117206983
"2297","Fes-Meknes","Beni Mellal-Khenifra","Oulad Mimoun","Khmis Bni Chegdale",1,0.00498753117206983
"2298","Fes-Meknes","Beni Mellal-Khenifra","Oulad Mimoun","Lagnadiz",1,0.0199501246882793
"2299","Fes-Meknes","Beni Mellal-Khenifra","Oulad Mimoun","Oulad Zmam",1,0.0199501246882793
"2300","Fes-Meknes","Beni Mellal-Khenifra","Oulad Mimoun","Sidi Yacoub",4,0.00810473815461347
"2301","Fes-Meknes","Beni Mellal-Khenifra","Outat El Haj","Aguelmouss",9,0.0210584649487393
"2302","Fes-Meknes","Beni Mellal-Khenifra","Outat El Haj","Bni Ayat",1,0.00997506234413965
"2303","Fes-Meknes","Beni Mellal-Khenifra","Outat El Haj","Bni Oukil",1,0.00249376558603491
"2304","Fes-Meknes","Beni Mellal-Khenifra","Outat El Haj","El Borj",2,0.0211970074812968
"2305","Fes-Meknes","Beni Mellal-Khenifra","Outat El Haj","Had Bouhssoussen",1,0.00748129675810474
"2306","Fes-Meknes","Beni Mellal-Khenifra","Outat El Haj","Khmis Bni Chegdale",3,0.0249376558603491
"2307","Fes-Meknes","Beni Mellal-Khenifra","Outat El Haj","Krifate",1,0.00498753117206983
"2308","Fes-Meknes","Beni Mellal-Khenifra","Outat El Haj","Oum Rabia",1,0.00249376558603491
"2309","Fes-Meknes","Beni Mellal-Khenifra","Outat El Haj","Sidi Hcine",1,0.0224438902743142
"2310","Fes-Meknes","Beni Mellal-Khenifra","Outat El Haj","Tanourdi",1,0.0324189526184539
"2311","Fes-Meknes","Beni Mellal-Khenifra","Rghioua","Aguelmouss",5,0.0114713216957606
"2312","Fes-Meknes","Beni Mellal-Khenifra","Rghioua","Bni Oukil",3,0.0157938487115544
"2313","Fes-Meknes","Beni Mellal-Khenifra","Rghioua","Bni Ykhlef",1,0.0149625935162095
"2314","Fes-Meknes","Beni Mellal-Khenifra","Rghioua","El Borj",1,0.00498753117206983
"2315","Fes-Meknes","Beni Mellal-Khenifra","Rghioua","El Hammam",1,0.00249376558603491
"2316","Fes-Meknes","Beni Mellal-Khenifra","Rghioua","Oulad Abdoune",1,0.0124688279301746
"2317","Fes-Meknes","Beni Mellal-Khenifra","Rghioua","Oulad Boughadi",1,0.0199501246882793
"2318","Fes-Meknes","Beni Mellal-Khenifra","Rghioua","Oulad Zmam",1,0.00249376558603491
"2319","Fes-Meknes","Beni Mellal-Khenifra","Rghioua","Sidi Yacoub",3,0.0108063175394846
"2320","Fes-Meknes","Beni Mellal-Khenifra","Sebaa Rouadi","Ait Saadelli",1,0.0224438902743142
"2321","Fes-Meknes","Beni Mellal-Khenifra","Sebaa Rouadi","Bni Oukil",2,0.00872817955112219
"2322","Fes-Meknes","Beni Mellal-Khenifra","Sebaa Rouadi","Bni Ykhlef",1,0.00249376558603491
"2323","Fes-Meknes","Beni Mellal-Khenifra","Sebaa Rouadi","El Borj",1,0.00748129675810474
"2324","Fes-Meknes","Beni Mellal-Khenifra","Sebaa Rouadi","El Hammam",1,0.0174563591022444
"2325","Fes-Meknes","Beni Mellal-Khenifra","Sebaa Rouadi","Lagnadiz",1,0.00997506234413965
"2326","Fes-Meknes","Beni Mellal-Khenifra","Sebaa Rouadi","Oulad Boughadi",1,0.00748129675810474
"2327","Fes-Meknes","Beni Mellal-Khenifra","Sebaa Rouadi","Oulad Zmam",1,0.0149625935162095
"2328","Fes-Meknes","Beni Mellal-Khenifra","Sebaa Rouadi","Sidi Yacoub",5,0.0144638403990025
"2329","Fes-Meknes","Beni Mellal-Khenifra","Sidi Boutayeb","Aguelmouss",5,0.027431421446384
"2330","Fes-Meknes","Beni Mellal-Khenifra","Sidi Boutayeb","Bni Ayat",1,0.0199501246882793
"2331","Fes-Meknes","Beni Mellal-Khenifra","Sidi Boutayeb","Bni Oukil",2,0.156483790523691
"2332","Fes-Meknes","Beni Mellal-Khenifra","Sidi Boutayeb","El Borj",2,0.0087281795511222
"2333","Fes-Meknes","Beni Mellal-Khenifra","Sidi Boutayeb","El Hammam",1,0.00249376558603491
"2334","Fes-Meknes","Beni Mellal-Khenifra","Sidi Boutayeb","Had Bouhssoussen",1,0.00748129675810474
"2335","Fes-Meknes","Beni Mellal-Khenifra","Sidi Boutayeb","Khmis Bni Chegdale",3,0.00748129675810474
"2336","Fes-Meknes","Beni Mellal-Khenifra","Sidi Boutayeb","Krifate",1,0.0860349127182045
"2337","Fes-Meknes","Beni Mellal-Khenifra","Sidi Boutayeb","Oulad M'Barek",1,0.110972568578554
"2338","Fes-Meknes","Beni Mellal-Khenifra","Sidi Boutayeb","Oum Rabia",1,0.00249376558603491
"2339","Fes-Meknes","Beni Mellal-Khenifra","Sidi Boutayeb","Sidi Amar",1,0.0561097256857855
"2340","Fes-Meknes","Beni Mellal-Khenifra","Sidi Boutayeb","Sidi Hcine",1,0.027431421446384
"2341","Fes-Meknes","Beni Mellal-Khenifra","Sidi Boutayeb","Tanourdi",1,0.0224438902743142
"2342","Fes-Meknes","Beni Mellal-Khenifra","Sidi El Makhfi","Aguelmouss",4,0.0219243557772236
"2343","Fes-Meknes","Beni Mellal-Khenifra","Sidi El Makhfi","Ait Saadelli",1,0.0124688279301746
"2344","Fes-Meknes","Beni Mellal-Khenifra","Sidi El Makhfi","Bni Oukil",3.66666666666667,0.0110834026045996
"2345","Fes-Meknes","Beni Mellal-Khenifra","Sidi El Makhfi","Bni Ykhlef",1,0.00249376558603491
"2346","Fes-Meknes","Beni Mellal-Khenifra","Sidi El Makhfi","El Borj",1,0.0207813798836243
"2347","Fes-Meknes","Beni Mellal-Khenifra","Sidi El Makhfi","El Hammam",1,0.020573566084788
"2348","Fes-Meknes","Beni Mellal-Khenifra","Sidi El Makhfi","Fkih Ben Salah",1,0.00249376558603491
"2349","Fes-Meknes","Beni Mellal-Khenifra","Sidi El Makhfi","Khmis Bni Chegdale",1,0.0224438902743142
"2350","Fes-Meknes","Beni Mellal-Khenifra","Sidi El Makhfi","Lagnadiz",1,0.0174563591022444
"2351","Fes-Meknes","Beni Mellal-Khenifra","Sidi El Makhfi","Oulad Abdoune",1,0.00374064837905237
"2352","Fes-Meknes","Beni Mellal-Khenifra","Sidi El Makhfi","Oulad Boughadi",1,0.0149625935162095
"2353","Fes-Meknes","Beni Mellal-Khenifra","Sidi El Makhfi","Oulad Zmam",1.33333333333333,0.0245220282626766
"2354","Fes-Meknes","Beni Mellal-Khenifra","Sidi El Makhfi","Sidi Yacoub",5,0.0119700748129676
"2355","Fes-Meknes","Beni Mellal-Khenifra","Sidi El Makhfi","Tighassaline",1,0.0498753117206983
"2356","Fes-Meknes","Beni Mellal-Khenifra","Tigrigra","Aguelmouss",7,0.017100106875668
"2357","Fes-Meknes","Beni Mellal-Khenifra","Tigrigra","Ait Saadelli",1,0.00249376558603491
"2358","Fes-Meknes","Beni Mellal-Khenifra","Tigrigra","Bni Oukil",3,0.0166251039068994
"2359","Fes-Meknes","Beni Mellal-Khenifra","Tigrigra","Bni Ykhlef",1,0.0149625935162095
"2360","Fes-Meknes","Beni Mellal-Khenifra","Tigrigra","El Borj",1,0.00249376558603491
"2361","Fes-Meknes","Beni Mellal-Khenifra","Tigrigra","El Hammam",1,0.00748129675810474
"2362","Fes-Meknes","Beni Mellal-Khenifra","Tigrigra","Fkih Ben Salah",1,0.00498753117206983
"2363","Fes-Meknes","Beni Mellal-Khenifra","Tigrigra","Khmis Bni Chegdale",2,0.00249376558603491
"2364","Fes-Meknes","Beni Mellal-Khenifra","Tigrigra","Oulad Abdoune",1,0.0149625935162095
"2365","Fes-Meknes","Beni Mellal-Khenifra","Tigrigra","Oulad Boughadi",1,0.0199501246882793
"2366","Fes-Meknes","Beni Mellal-Khenifra","Tigrigra","Sidi Yacoub",2,0.00374064837905237
"2367","Fes-Meknes","Beni Mellal-Khenifra","Timahdite","Aguelmouss",2.71428571428571,0.00302814392589954
"2368","Fes-Meknes","Beni Mellal-Khenifra","Timahdite","Ait Saadelli",1,0.0109102244389027
"2369","Fes-Meknes","Beni Mellal-Khenifra","Timahdite","Bni Oukil",2.75,0.0127545719035744
"2370","Fes-Meknes","Beni Mellal-Khenifra","Timahdite","Bni Ykhlef",1,0.00498753117206983
"2371","Fes-Meknes","Beni Mellal-Khenifra","Timahdite","El Borj",1,0.0168329177057357
"2372","Fes-Meknes","Beni Mellal-Khenifra","Timahdite","El Hammam",1.125,0.0165211970074813
"2373","Fes-Meknes","Beni Mellal-Khenifra","Timahdite","Khmis Bni Chegdale",1,0.00249376558603491
"2374","Fes-Meknes","Beni Mellal-Khenifra","Timahdite","Lagnadiz",1,0.0187032418952618
"2375","Fes-Meknes","Beni Mellal-Khenifra","Timahdite","Oulad Abdoune",1,0.00249376558603491
"2376","Fes-Meknes","Beni Mellal-Khenifra","Timahdite","Oulad Boughadi",1,0.00498753117206983
"2377","Fes-Meknes","Beni Mellal-Khenifra","Timahdite","Oulad Zmam",1,0.021375133594585
"2378","Fes-Meknes","Beni Mellal-Khenifra","Timahdite","Sidi Yacoub",4.75,0.0138403990024938
"2379","Fes-Meknes","Beni Mellal-Khenifra","Timahdite","Tanourdi",1,0.00249376558603491
"2380","Fes-Meknes","Beni Mellal-Khenifra","Timahdite","Tighassaline",1,0.00249376558603491
"2381","Fes-Meknes","Beni Mellal-Khenifra","Zrarda","Bni Oukil",2,0.0199501246882793
"2382","Fes-Meknes","Beni Mellal-Khenifra","Zrarda","Oulad M'Barek",1,0.0473815461346633
"2383","Fes-Meknes","Beni Mellal-Khenifra","Zrarda","Oum Rabia",1,0.027431421446384
"2384","Fes-Meknes","Beni Mellal-Khenifra","Zrarda","Sidi Amar",1,0.084788029925187
"2385","Fes-Meknes","Beni Mellal-Khenifra","Zrarda","Tighassaline",1,0.029925187032419
"2386","Fes-Meknes","Casablanca-Settat","Aghbalou Aqorar","Bouznika",1,0.00623441396508728
"2387","Fes-Meknes","Casablanca-Settat","Aghbalou Aqorar","Koudiat Bni Dghough",1,0.0349127182044888
"2388","Fes-Meknes","Casablanca-Settat","Aghbalou Aqorar","Laaounate",1,0.0174563591022444
"2389","Fes-Meknes","Casablanca-Settat","Aghbalou Aqorar","Lambarkiyine",1,0.0598503740648379
"2390","Fes-Meknes","Casablanca-Settat","Aghbalou Aqorar","Moualine El Oued",1,0.0249376558603491
"2391","Fes-Meknes","Casablanca-Settat","Aghbalou Aqorar","Oulad Yahya Louta",1,0.00997506234413965
"2392","Fes-Meknes","Casablanca-Settat","Aghbalou Aqorar","Sidi Bernoussi",1,0.027431421446384
"2393","Fes-Meknes","Casablanca-Settat","Aghbalou Aqorar","Sidi Bettache",5,0.0133000831255195
"2394","Fes-Meknes","Casablanca-Settat","Aghbalou Aqorar","Sidi Hajjaj",1,0.0149625935162095
"2395","Fes-Meknes","Casablanca-Settat","Aghbalou Aqorar","Sidi Hajjaj Oued Hassar",1,0.0162094763092269
"2396","Fes-Meknes","Casablanca-Settat","Ain Bida","Bouznika",1,0.00498753117206983
"2397","Fes-Meknes","Casablanca-Settat","Ain Bida","Laaounate",1,0.00748129675810474
"2398","Fes-Meknes","Casablanca-Settat","Ain Bida","Moualine El Oued",1,0.00249376558603491
"2399","Fes-Meknes","Casablanca-Settat","Ain Bida","Oulad Yahya Louta",1,0.0199501246882793
"2400","Fes-Meknes","Casablanca-Settat","Ain Bida","Sidi Bettache",1,0.0124688279301746
"2401","Fes-Meknes","Casablanca-Settat","Ain Bou Ali","Oulad Yahya Louta",1,0.00249376558603491
"2402","Fes-Meknes","Casablanca-Settat","Ain Bou Ali","Sidi Bettache",1,0.00997506234413965
"2403","Fes-Meknes","Casablanca-Settat","Ain Chkef","Bouznika",1,0.00748129675810474
"2404","Fes-Meknes","Casablanca-Settat","Ain Chkef","Koudiat Bni Dghough",1,0.00249376558603491
"2405","Fes-Meknes","Casablanca-Settat","Ain Chkef","Oulad Yahya Louta",1,0.0124688279301746
"2406","Fes-Meknes","Casablanca-Settat","Ain Chkef","Sidi Bettache",3.5,0.43474646716542
"2407","Fes-Meknes","Casablanca-Settat","Ain Chkef","Sidi Hajjaj",1,0.0124688279301746
"2408","Fes-Meknes","Casablanca-Settat","Ain Kansra","Bouznika",1,0.0249376558603491
"2409","Fes-Meknes","Casablanca-Settat","Ain Kansra","Had Soualem",1,0.0598503740648379
"2410","Fes-Meknes","Casablanca-Settat","Ain Kansra","Moualine El Oued",1,0.00249376558603491
"2411","Fes-Meknes","Casablanca-Settat","Ain Kansra","Oulad Yahya Louta",1,0.00498753117206983
"2412","Fes-Meknes","Casablanca-Settat","Ain Kansra","Sahel Oulad H'Riz",1,0.143391521197007
"2413","Fes-Meknes","Casablanca-Settat","Ain Kansra","Sidi Bettache",3.66666666666667,0.00676087558880576
"2414","Fes-Meknes","Casablanca-Settat","Ain Kansra","Sidi Hajjaj",1,0.0349127182044888
"2415","Fes-Meknes","Casablanca-Settat","Ain Kansra","Sidi Hajjaj Oued Hassar",1,0.00498753117206983
"2416","Fes-Meknes","Casablanca-Settat","Ain Karma- Oued Rommane","Bouznika",1,0.00249376558603491
"2417","Fes-Meknes","Casablanca-Settat","Ain Karma- Oued Rommane","Laaounate",1,0.0174563591022444
"2418","Fes-Meknes","Casablanca-Settat","Ain Karma- Oued Rommane","Moualine El Oued",1,0.0224438902743142
"2419","Fes-Meknes","Casablanca-Settat","Ain Leuh","Bouznika",1,0.0108063175394846
"2420","Fes-Meknes","Casablanca-Settat","Ain Leuh","Koudiat Bni Dghough",1,0.0324189526184539
"2421","Fes-Meknes","Casablanca-Settat","Ain Leuh","Laaounate",1,0.00374064837905237
"2422","Fes-Meknes","Casablanca-Settat","Ain Leuh","Moualine El Oued",1,0.00498753117206983
"2423","Fes-Meknes","Casablanca-Settat","Ain Leuh","Oulad Yahya Louta",1,0.00748129675810474
"2424","Fes-Meknes","Casablanca-Settat","Ain Leuh","Sidi Bettache",2.33333333333333,0.0212801330008313
"2425","Fes-Meknes","Casablanca-Settat","Ain Leuh","Sidi Hajjaj",1,0.00997506234413965
"2426","Fes-Meknes","Casablanca-Settat","Ain Leuh","Sidi Hajjaj Oued Hassar",1,0.0374064837905237
"2427","Fes-Meknes","Casablanca-Settat","Ait Boubidmane","Bouznika",1,0.00997506234413965
"2428","Fes-Meknes","Casablanca-Settat","Ait Boubidmane","Moualine El Oued",1,0.00249376558603491
"2429","Fes-Meknes","Casablanca-Settat","Ait Boubidmane","Oulad Yahya Louta",1,0.0124688279301746
"2430","Fes-Meknes","Casablanca-Settat","Ait Boubidmane","Sidi Bettache",4,0.0112219451371571
"2431","Fes-Meknes","Casablanca-Settat","Ait Boubidmane","Sidi Hajjaj",1,0.0149625935162095
"2432","Fes-Meknes","Casablanca-Settat","Ait Naamane","Bouznika",1,0.0124688279301746
"2433","Fes-Meknes","Casablanca-Settat","Ait Naamane","Koudiat Bni Dghough",1,0.0199501246882793
"2434","Fes-Meknes","Casablanca-Settat","Ait Naamane","Laaounate",1,0.00997506234413965
"2435","Fes-Meknes","Casablanca-Settat","Ait Naamane","Moualine El Oued",1,0.00748129675810474
"2436","Fes-Meknes","Casablanca-Settat","Ait Naamane","Oulad Yahya Louta",1,0.0207813798836243
"2437","Fes-Meknes","Casablanca-Settat","Ait Naamane","Sidi Bettache",2.33333333333333,0.00947630922693267
"2438","Fes-Meknes","Casablanca-Settat","Ait Naamane","Sidi Hajjaj",1,0.0108063175394846
"2439","Fes-Meknes","Casablanca-Settat","Ait Naamane","Sidi Hajjaj Oued Hassar",1,0.00249376558603491
"2440","Fes-Meknes","Casablanca-Settat","Ait Sebaa Lajrouf","Guisser",1,0.00498753117206983
"2441","Fes-Meknes","Casablanca-Settat","Ait Sebaa Lajrouf","Laaounate",1,0.0224438902743142
"2442","Fes-Meknes","Casablanca-Settat","Ait Sebaa Lajrouf","Moualine El Oued",1,0.0236907730673317
"2443","Fes-Meknes","Casablanca-Settat","Ait Sebaa Lajrouf","Oulad Yahya Louta",1,0.00249376558603491
"2444","Fes-Meknes","Casablanca-Settat","Ait Sebaa Lajrouf","Sidi Bettache",1,0.00249376558603491
"2445","Fes-Meknes","Casablanca-Settat","Almis Marmoucha","El Borouj",1,0.027431421446384
"2446","Fes-Meknes","Casablanca-Settat","Almis Marmoucha","Guisser",1,0.0124688279301746
"2447","Fes-Meknes","Casablanca-Settat","Almis Marmoucha","Lambarkiyine",1,0.00249376558603491
"2448","Fes-Meknes","Casablanca-Settat","Almis Marmoucha","Sidi Bernoussi",1,0.00748129675810474
"2449","Fes-Meknes","Casablanca-Settat","Ben Smim","Bouznika",1,0.0199501246882793
"2450","Fes-Meknes","Casablanca-Settat","Ben Smim","Had Soualem",1,0.0199501246882793
"2451","Fes-Meknes","Casablanca-Settat","Ben Smim","Koudiat Bni Dghough",1,0.00997506234413965
"2452","Fes-Meknes","Casablanca-Settat","Ben Smim","Oulad Yahya Louta",1,0.00249376558603491
"2453","Fes-Meknes","Casablanca-Settat","Ben Smim","Sahel Oulad H'Riz",1,0.00249376558603491
"2454","Fes-Meknes","Casablanca-Settat","Ben Smim","Sidi Bettache",5.5,0.0181213632585204
"2455","Fes-Meknes","Casablanca-Settat","Ben Smim","Sidi Hajjaj",1,0.0199501246882793
"2456","Fes-Meknes","Casablanca-Settat","Ben Smim","Sidi Hajjaj Oued Hassar",1,0.027431421446384
"2457","Fes-Meknes","Casablanca-Settat","Bni Snous","Bouznika",1,0.00748129675810474
"2458","Fes-Meknes","Casablanca-Settat","Bni Snous","Laaounate",1,0.00498753117206983
"2459","Fes-Meknes","Casablanca-Settat","Bni Snous","Oulad Yahya Louta",1,0.0174563591022444
"2460","Fes-Meknes","Casablanca-Settat","Bni Snous","Sidi Bettache",1,0.0349127182044888
"2461","Fes-Meknes","Casablanca-Settat","Bni Snous","Sidi Hajjaj",1,0.029925187032419
"2462","Fes-Meknes","Casablanca-Settat","Dayat Aoua","Had Soualem",1,0.00249376558603491
"2463","Fes-Meknes","Casablanca-Settat","Dayat Aoua","Koudiat Bni Dghough",1,0.0224438902743142
"2464","Fes-Meknes","Casablanca-Settat","Dayat Aoua","Oulad Yahya Louta",1,0.00748129675810474
"2465","Fes-Meknes","Casablanca-Settat","Dayat Aoua","Sidi Bettache",6,0.0253532834580216
"2466","Fes-Meknes","Casablanca-Settat","Dayat Aoua","Sidi Hajjaj",1,0.00249376558603491
"2467","Fes-Meknes","Casablanca-Settat","Dayat Aoua","Sidi Hajjaj Oued Hassar",1,0.0374064837905237
"2468","Fes-Meknes","Casablanca-Settat","Enjil","Lambarkiyine",1,0.029925187032419
"2469","Fes-Meknes","Casablanca-Settat","Fes Medina","Bouznika",1,0.00748129675810474
"2470","Fes-Meknes","Casablanca-Settat","Fes Medina","Had Soualem",1,0.00249376558603491
"2471","Fes-Meknes","Casablanca-Settat","Fes Medina","Koudiat Bni Dghough",1,0.0374064837905237
"2472","Fes-Meknes","Casablanca-Settat","Fes Medina","Sidi Bettache",5,0.0329177057356608
"2473","Fes-Meknes","Casablanca-Settat","Fes Medina","Sidi Hajjaj Oued Hassar",1,0.0374064837905237
"2474","Fes-Meknes","Casablanca-Settat","Kandar Sidi Khiar","El Borouj",1,0.00249376558603491
"2475","Fes-Meknes","Casablanca-Settat","Kandar Sidi Khiar","Guisser",1,0.00997506234413965
"2476","Fes-Meknes","Casablanca-Settat","Kandar Sidi Khiar","Laaounate",1,0.00748129675810474
"2477","Fes-Meknes","Casablanca-Settat","Laanoussar","Guisser",1,0.00872817955112219
"2478","Fes-Meknes","Casablanca-Settat","Laanoussar","Laaounate",1,0.0315876974231089
"2479","Fes-Meknes","Casablanca-Settat","Laanoussar","Moualine El Oued",1,0.0224438902743142
"2480","Fes-Meknes","Casablanca-Settat","Louadaine","Bouznika",1,0.00498753117206983
"2481","Fes-Meknes","Casablanca-Settat","Louadaine","Laaounate",1,0.0141313383208645
"2482","Fes-Meknes","Casablanca-Settat","Louadaine","Moualine El Oued",1,0.0116375727348296
"2483","Fes-Meknes","Casablanca-Settat","Louadaine","Oulad Yahya Louta",1,0.00498753117206983
"2484","Fes-Meknes","Casablanca-Settat","Louadaine","Sidi Bettache",1,0.00415627597672485
"2485","Fes-Meknes","Casablanca-Settat","Louadaine","Sidi Hajjaj",1,0.00748129675810474
"2486","Fes-Meknes","Casablanca-Settat","Majjate","El Borouj",1,0.0349127182044888
"2487","Fes-Meknes","Casablanca-Settat","Majjate","Guisser",1,0.0374064837905237
"2488","Fes-Meknes","Casablanca-Settat","Matmata","Had Soualem",1,0.172069825436409
"2489","Fes-Meknes","Casablanca-Settat","Matmata","Koudiat Bni Dghough",1,0.00249376558603491
"2490","Fes-Meknes","Casablanca-Settat","Matmata","Sahel Oulad H'Riz",1,0.119700748129676
"2491","Fes-Meknes","Casablanca-Settat","Matmata","Sidi Bettache",5,0.0114713216957606
"2492","Fes-Meknes","Casablanca-Settat","Matmata","Sidi Hajjaj Oued Hassar",1,0.00997506234413965
"2493","Fes-Meknes","Casablanca-Settat","Mezraoua","Bouznika",1,0.0199501246882793
"2494","Fes-Meknes","Casablanca-Settat","Mezraoua","Laaounate",1,0.00249376558603491
"2495","Fes-Meknes","Casablanca-Settat","Mezraoua","Oulad Yahya Louta",1,0.0224438902743142
"2496","Fes-Meknes","Casablanca-Settat","Mezraoua","Sidi Bettache",2,0.0149625935162095
"2497","Fes-Meknes","Casablanca-Settat","Mezraoua","Sidi Hajjaj",1,0.0124688279301746
"2498","Fes-Meknes","Casablanca-Settat","Moulay Idriss Zarhoun","Bouznika",1,0.00997506234413965
"2499","Fes-Meknes","Casablanca-Settat","Moulay Idriss Zarhoun","Koudiat Bni Dghough",1,0.027431421446384
"2500","Fes-Meknes","Casablanca-Settat","Moulay Idriss Zarhoun","Oulad Yahya Louta",1,0.00748129675810474
"2501","Fes-Meknes","Casablanca-Settat","Moulay Idriss Zarhoun","Sidi Bettache",5,0.0109725685785536
"2502","Fes-Meknes","Casablanca-Settat","Moulay Idriss Zarhoun","Sidi Hajjaj",1,0.00997506234413965
"2503","Fes-Meknes","Casablanca-Settat","Moulay Idriss Zarhoun","Sidi Hajjaj Oued Hassar",1,0.0249376558603491
"2504","Fes-Meknes","Casablanca-Settat","Oued Ifrane","Laaounate",1,0.0399002493765586
"2505","Fes-Meknes","Casablanca-Settat","Oued Ifrane","Moualine El Oued",1,0.0324189526184539
"2506","Fes-Meknes","Casablanca-Settat","Oued Jemaa","Guisser",1,0.00249376558603491
"2507","Fes-Meknes","Casablanca-Settat","Oued Jemaa","Laaounate",1,0.0149625935162095
"2508","Fes-Meknes","Casablanca-Settat","Oued Jemaa","Moualine El Oued",1,0.027431421446384
"2509","Fes-Meknes","Casablanca-Settat","Oued Jemaa","Sidi Bettache",1,0.00249376558603491
"2510","Fes-Meknes","Casablanca-Settat","Ouislane","Had Soualem",1,0.0349127182044888
"2511","Fes-Meknes","Casablanca-Settat","Ouislane","Sahel Oulad H'Riz",1,0.0598503740648379
"2512","Fes-Meknes","Casablanca-Settat","Ouislane","Sidi Bettache",1,0.0399002493765586
"2513","Fes-Meknes","Casablanca-Settat","Ouizeght","El Borouj",1,0.0324189526184539
"2514","Fes-Meknes","Casablanca-Settat","Ouizeght","Guisser",1,0.00498753117206983
"2515","Fes-Meknes","Casablanca-Settat","Ouizeght","Sidi Bernoussi",1,0.0124688279301746
"2516","Fes-Meknes","Casablanca-Settat","Oulad Mimoun","Bouznika",1,0.0174563591022444
"2517","Fes-Meknes","Casablanca-Settat","Oulad Mimoun","Koudiat Bni Dghough",1,0.00748129675810474
"2518","Fes-Meknes","Casablanca-Settat","Oulad Mimoun","Oulad Yahya Louta",1,0.0124688279301746
"2519","Fes-Meknes","Casablanca-Settat","Oulad Mimoun","Sidi Bettache",6,0.00540315876974231
"2520","Fes-Meknes","Casablanca-Settat","Oulad Mimoun","Sidi Hajjaj",1,0.0174563591022444
"2521","Fes-Meknes","Casablanca-Settat","Oulad Mimoun","Sidi Hajjaj Oued Hassar",1,0.00249376558603491
"2522","Fes-Meknes","Casablanca-Settat","Outat El Haj","El Borouj",1,0.0324189526184539
"2523","Fes-Meknes","Casablanca-Settat","Outat El Haj","Guisser",1,0.00997506234413965
"2524","Fes-Meknes","Casablanca-Settat","Outat El Haj","Lambarkiyine",1,0.00249376558603491
"2525","Fes-Meknes","Casablanca-Settat","Outat El Haj","Sidi Bernoussi",1,0.00249376558603491
"2526","Fes-Meknes","Casablanca-Settat","Rghioua","Bouznika",1,0.00249376558603491
"2527","Fes-Meknes","Casablanca-Settat","Rghioua","Laaounate",1,0.0174563591022444
"2528","Fes-Meknes","Casablanca-Settat","Rghioua","Moualine El Oued",1,0.0124688279301746
"2529","Fes-Meknes","Casablanca-Settat","Sebaa Rouadi","Bouznika",1,0.0149625935162095
"2530","Fes-Meknes","Casablanca-Settat","Sebaa Rouadi","Laaounate",1,0.00249376558603491
"2531","Fes-Meknes","Casablanca-Settat","Sebaa Rouadi","Oulad Yahya Louta",1,0.00748129675810474
"2532","Fes-Meknes","Casablanca-Settat","Sebaa Rouadi","Sidi Bettache",1,0.0249376558603491
"2533","Fes-Meknes","Casablanca-Settat","Sebaa Rouadi","Sidi Hajjaj",1,0.00997506234413965
"2534","Fes-Meknes","Casablanca-Settat","Sidi Boutayeb","El Borouj",1,0.00498753117206983
"2535","Fes-Meknes","Casablanca-Settat","Sidi Boutayeb","Lambarkiyine",1,0.00997506234413965
"2536","Fes-Meknes","Casablanca-Settat","Sidi Boutayeb","Sidi Bernoussi",1,0.00997506234413965
"2537","Fes-Meknes","Casablanca-Settat","Sidi El Makhfi","Bouznika",1,0.00748129675810474
"2538","Fes-Meknes","Casablanca-Settat","Sidi El Makhfi","Had Soualem",1,0.0224438902743142
"2539","Fes-Meknes","Casablanca-Settat","Sidi El Makhfi","Koudiat Bni Dghough",1,0.0149625935162095
"2540","Fes-Meknes","Casablanca-Settat","Sidi El Makhfi","Laaounate",1,0.00498753117206983
"2541","Fes-Meknes","Casablanca-Settat","Sidi El Makhfi","Moualine El Oued",1,0.00665004156275977
"2542","Fes-Meknes","Casablanca-Settat","Sidi El Makhfi","Oulad Yahya Louta",1,0.0124688279301746
"2543","Fes-Meknes","Casablanca-Settat","Sidi El Makhfi","Sidi Bettache",2,0.0119700748129676
"2544","Fes-Meknes","Casablanca-Settat","Sidi El Makhfi","Sidi Hajjaj",1,0.0043640897755611
"2545","Fes-Meknes","Casablanca-Settat","Sidi El Makhfi","Sidi Hajjaj Oued Hassar",1,0.0374064837905237
"2546","Fes-Meknes","Casablanca-Settat","Tigrigra","Laaounate",1,0.0249376558603491
"2547","Fes-Meknes","Casablanca-Settat","Tigrigra","Moualine El Oued",1,0.0374064837905237
"2548","Fes-Meknes","Casablanca-Settat","Timahdite","Bouznika",1,0.021375133594585
"2549","Fes-Meknes","Casablanca-Settat","Timahdite","Laaounate",1,0.00249376558603491
"2550","Fes-Meknes","Casablanca-Settat","Timahdite","Moualine El Oued",1,0.00748129675810474
"2551","Fes-Meknes","Casablanca-Settat","Timahdite","Oulad Yahya Louta",1,0.0162094763092269
"2552","Fes-Meknes","Casablanca-Settat","Timahdite","Sidi Bettache",1.875,0.0122090606816293
"2553","Fes-Meknes","Casablanca-Settat","Timahdite","Sidi Hajjaj",1,0.0187032418952618
"2554","Fes-Meknes","Casablanca-Settat","Timahdite","Sidi Hajjaj Oued Hassar",1,0.00249376558603491
"2555","Fes-Meknes","Casablanca-Settat","Zrarda","Lambarkiyine",1,0.00748129675810474
"2556","Fes-Meknes","Daraa-Tafilalet","Aghbalou Aqorar","Aghbalou",4.66666666666667,0.0118750742192139
"2557","Fes-Meknes","Daraa-Tafilalet","Ain Bida","Aghbalou",3,0.0124688279301746
"2558","Fes-Meknes","Daraa-Tafilalet","Ain Bou Ali","Aghbalou",3,0.00748129675810474
"2559","Fes-Meknes","Daraa-Tafilalet","Ain Chkef","Aghbalou",3,0.00623441396508728
"2560","Fes-Meknes","Daraa-Tafilalet","Ain Kansra","Aghbalou",4.5,0.00872817955112219
"2561","Fes-Meknes","Daraa-Tafilalet","Ain Karma- Oued Rommane","Aghbalou",1,0.00748129675810474
"2562","Fes-Meknes","Daraa-Tafilalet","Ain Leuh","Aghbalou",4,0.0132209159640581
"2563","Fes-Meknes","Daraa-Tafilalet","Ait Boubidmane","Aghbalou",5,0.0154613466334165
"2564","Fes-Meknes","Daraa-Tafilalet","Ait Naamane","Aghbalou",3.33333333333333,0.0157661402050429
"2565","Fes-Meknes","Daraa-Tafilalet","Ait Sebaa Lajrouf","Aghbalou",2,0.00914380714879468
"2566","Fes-Meknes","Daraa-Tafilalet","Almis Marmoucha","Aghbalou",2,0.0199501246882793
"2567","Fes-Meknes","Daraa-Tafilalet","Almis Marmoucha","Sidi Yahya ou Youssef",1,0.027431421446384
"2568","Fes-Meknes","Daraa-Tafilalet","Ben Smim","Aghbalou",6.5,0.0174563591022444
"2569","Fes-Meknes","Daraa-Tafilalet","Bni Snous","Aghbalou",3,0.0216126350789692
"2570","Fes-Meknes","Daraa-Tafilalet","Dayat Aoua","Aghbalou",4,0.0342892768079801
"2571","Fes-Meknes","Daraa-Tafilalet","Fes Medina","Aghbalou",7,0.0181688635553972
"2572","Fes-Meknes","Daraa-Tafilalet","Kandar Sidi Khiar","Aghbalou",3,0.0157938487115544
"2573","Fes-Meknes","Daraa-Tafilalet","Kandar Sidi Khiar","Sidi Yahya ou Youssef",1,0.00498753117206983
"2574","Fes-Meknes","Daraa-Tafilalet","Laanoussar","Aghbalou",1.66666666666667,0.0162094763092269
"2575","Fes-Meknes","Daraa-Tafilalet","Laanoussar","Sidi Yahya ou Youssef",1,0.00249376558603491
"2576","Fes-Meknes","Daraa-Tafilalet","Louadaine","Aghbalou",2,0.00540315876974231
"2577","Fes-Meknes","Daraa-Tafilalet","Majjate","Aghbalou",3,0.00914380714879468
"2578","Fes-Meknes","Daraa-Tafilalet","Majjate","Sidi Yahya ou Youssef",1,0.00997506234413965
"2579","Fes-Meknes","Daraa-Tafilalet","Matmata","Aghbalou",3,0.0124688279301746
"2580","Fes-Meknes","Daraa-Tafilalet","Mezraoua","Aghbalou",5,0.00897755610972569
"2581","Fes-Meknes","Daraa-Tafilalet","Moulay Idriss Zarhoun","Aghbalou",7,0.0142500890630566
"2582","Fes-Meknes","Daraa-Tafilalet","Oued Jemaa","Aghbalou",1,0.00249376558603491
"2583","Fes-Meknes","Daraa-Tafilalet","Ouizeght","Aghbalou",2,0.0311720698254364
"2584","Fes-Meknes","Daraa-Tafilalet","Ouizeght","Sidi Yahya ou Youssef",1,0.027431421446384
"2585","Fes-Meknes","Daraa-Tafilalet","Oulad Mimoun","Aghbalou",6,0.0174563591022444
"2586","Fes-Meknes","Daraa-Tafilalet","Outat El Haj","Aghbalou",2,0.0361596009975062
"2587","Fes-Meknes","Daraa-Tafilalet","Outat El Haj","Sidi Yahya ou Youssef",1,0.0224438902743142
"2588","Fes-Meknes","Daraa-Tafilalet","Rghioua","Aghbalou",2,0.00748129675810474
"2589","Fes-Meknes","Daraa-Tafilalet","Sebaa Rouadi","Aghbalou",3,0.0133000831255195
"2590","Fes-Meknes","Daraa-Tafilalet","Sidi Boutayeb","Aghbalou",1,0.0124688279301746
"2591","Fes-Meknes","Daraa-Tafilalet","Sidi Boutayeb","Sidi Yahya ou Youssef",1,0.0199501246882793
"2592","Fes-Meknes","Daraa-Tafilalet","Sidi El Makhfi","Aghbalou",3.33333333333333,0.0160986422831809
"2593","Fes-Meknes","Daraa-Tafilalet","Tigrigra","Aghbalou",1,0.00498753117206983
"2594","Fes-Meknes","Daraa-Tafilalet","Timahdite","Aghbalou",3.75,0.0144950124688279
"2595","Fes-Meknes","Fes-Meknes","Aghbalou Aqorar","Aghbalou Aqorar",1,0.0224438902743142
"2596","Fes-Meknes","Fes-Meknes","Aghbalou Aqorar","Ain Bida",1,0.0124688279301746
"2597","Fes-Meknes","Fes-Meknes","Aghbalou Aqorar","Ain Bou Ali",1,0.00498753117206983
"2598","Fes-Meknes","Fes-Meknes","Aghbalou Aqorar","Ain Chkef",1,0.0124688279301746
"2599","Fes-Meknes","Fes-Meknes","Aghbalou Aqorar","Ain Kansra",1,0.0187032418952618
"2600","Fes-Meknes","Fes-Meknes","Aghbalou Aqorar","Ain Karma- Oued Rommane",1,0.00498753117206983
"2601","Fes-Meknes","Fes-Meknes","Aghbalou Aqorar","Ain Leuh",2.5,0.0166251039068994
"2602","Fes-Meknes","Fes-Meknes","Aghbalou Aqorar","Ait Boubidmane",1,0.0261845386533666
"2603","Fes-Meknes","Fes-Meknes","Aghbalou Aqorar","Ait Naamane",2.5,0.0203657522859518
"2604","Fes-Meknes","Fes-Meknes","Aghbalou Aqorar","Ait Sebaa Lajrouf",1,0.0133000831255195
"2605","Fes-Meknes","Fes-Meknes","Aghbalou Aqorar","Ben Smim",1.5,0.0124688279301746
"2606","Fes-Meknes","Fes-Meknes","Aghbalou Aqorar","Bni Snous",1,0.0149625935162095
"2607","Fes-Meknes","Fes-Meknes","Aghbalou Aqorar","Dayat Aoua",1,0.00997506234413965
"2608","Fes-Meknes","Fes-Meknes","Aghbalou Aqorar","Enjil",1,0.0224438902743142
"2609","Fes-Meknes","Fes-Meknes","Aghbalou Aqorar","Fes Medina",1,0.00997506234413965
"2610","Fes-Meknes","Fes-Meknes","Aghbalou Aqorar","Kandar Sidi Khiar",1,0.00997506234413965
"2611","Fes-Meknes","Fes-Meknes","Aghbalou Aqorar","Laanoussar",3,0.027431421446384
"2612","Fes-Meknes","Fes-Meknes","Aghbalou Aqorar","Louadaine",1.66666666666667,0.00665004156275977
"2613","Fes-Meknes","Fes-Meknes","Aghbalou Aqorar","Majjate",1,0.00249376558603491
"2614","Fes-Meknes","Fes-Meknes","Aghbalou Aqorar","Mezraoua",1,0.0124688279301746
"2615","Fes-Meknes","Fes-Meknes","Aghbalou Aqorar","Moulay Idriss Zarhoun",1,0.0224438902743142
"2616","Fes-Meknes","Fes-Meknes","Aghbalou Aqorar","Oued Ifrane",1,0.013715710723192
"2617","Fes-Meknes","Fes-Meknes","Aghbalou Aqorar","Oued Jemaa",1,0.00997506234413965
"2618","Fes-Meknes","Fes-Meknes","Aghbalou Aqorar","Oulad Ayyad",1,0.00249376558603491
"2619","Fes-Meknes","Fes-Meknes","Aghbalou Aqorar","Oulad Mimoun",1,0.0211970074812968
"2620","Fes-Meknes","Fes-Meknes","Aghbalou Aqorar","Rghioua",1,0.0174563591022444
"2621","Fes-Meknes","Fes-Meknes","Aghbalou Aqorar","Sebaa Rouadi",1,0.013715710723192
"2622","Fes-Meknes","Fes-Meknes","Aghbalou Aqorar","Sidi Boutayeb",2,0.00374064837905237
"2623","Fes-Meknes","Fes-Meknes","Aghbalou Aqorar","Sidi El Makhfi",3,0.00706566916043225
"2624","Fes-Meknes","Fes-Meknes","Aghbalou Aqorar","Tigrigra",1,0.0149625935162095
"2625","Fes-Meknes","Fes-Meknes","Aghbalou Aqorar","Timahdite",5.66666666666667,0.013715710723192
"2626","Fes-Meknes","Fes-Meknes","Aghbalou Aqorar","Zrarda",1,0.0199501246882793
"2627","Fes-Meknes","Fes-Meknes","Ain Bida","Aghbalou Aqorar",1,0.00498753117206983
"2628","Fes-Meknes","Fes-Meknes","Ain Bida","Ain Bou Ali",1,0.00249376558603491
"2629","Fes-Meknes","Fes-Meknes","Ain Bida","Ain Karma- Oued Rommane",1,0.0174563591022444
"2630","Fes-Meknes","Fes-Meknes","Ain Bida","Ain Leuh",2,0.00997506234413965
"2631","Fes-Meknes","Fes-Meknes","Ain Bida","Ait Boubidmane",1,0.00249376558603491
"2632","Fes-Meknes","Fes-Meknes","Ain Bida","Ait Naamane",2,0.0124688279301746
"2633","Fes-Meknes","Fes-Meknes","Ain Bida","Ait Sebaa Lajrouf",2,0.00997506234413965
"2634","Fes-Meknes","Fes-Meknes","Ain Bida","Bni Snous",1,0.00498753117206983
"2635","Fes-Meknes","Fes-Meknes","Ain Bida","Laanoussar",3,0.0058187863674148
"2636","Fes-Meknes","Fes-Meknes","Ain Bida","Louadaine",3,0.0224438902743142
"2637","Fes-Meknes","Fes-Meknes","Ain Bida","Mezraoua",1,0.00498753117206983
"2638","Fes-Meknes","Fes-Meknes","Ain Bida","Oued Ifrane",1,0.0174563591022444
"2639","Fes-Meknes","Fes-Meknes","Ain Bida","Oued Jemaa",1,0.0174563591022444
"2640","Fes-Meknes","Fes-Meknes","Ain Bida","Rghioua",1,0.0199501246882793
"2641","Fes-Meknes","Fes-Meknes","Ain Bida","Sebaa Rouadi",1,0.0199501246882793
"2642","Fes-Meknes","Fes-Meknes","Ain Bida","Sidi El Makhfi",3,0.0199501246882793
"2643","Fes-Meknes","Fes-Meknes","Ain Bida","Tigrigra",1,0.0124688279301746
"2644","Fes-Meknes","Fes-Meknes","Ain Bida","Timahdite",6,0.0112219451371571
"2645","Fes-Meknes","Fes-Meknes","Ain Bou Ali","Aghbalou Aqorar",1,0.0224438902743142
"2646","Fes-Meknes","Fes-Meknes","Ain Bou Ali","Ain Bida",1,0.00498753117206983
"2647","Fes-Meknes","Fes-Meknes","Ain Bou Ali","Ain Karma- Oued Rommane",1,0.0124688279301746
"2648","Fes-Meknes","Fes-Meknes","Ain Bou Ali","Ain Leuh",2,0.0112219451371571
"2649","Fes-Meknes","Fes-Meknes","Ain Bou Ali","Ait Boubidmane",1,0.00249376558603491
"2650","Fes-Meknes","Fes-Meknes","Ain Bou Ali","Ait Naamane",2,0.0124688279301746
"2651","Fes-Meknes","Fes-Meknes","Ain Bou Ali","Ait Sebaa Lajrouf",2,0.00997506234413965
"2652","Fes-Meknes","Fes-Meknes","Ain Bou Ali","Bni Snous",1,0.00249376558603491
"2653","Fes-Meknes","Fes-Meknes","Ain Bou Ali","Kandar Sidi Khiar",1,0.00249376558603491
"2654","Fes-Meknes","Fes-Meknes","Ain Bou Ali","Laanoussar",3,0.00997506234413965
"2655","Fes-Meknes","Fes-Meknes","Ain Bou Ali","Louadaine",3,0.0182876142975894
"2656","Fes-Meknes","Fes-Meknes","Ain Bou Ali","Oued Ifrane",1,0.0174563591022444
"2657","Fes-Meknes","Fes-Meknes","Ain Bou Ali","Oued Jemaa",1,0.0199501246882793
"2658","Fes-Meknes","Fes-Meknes","Ain Bou Ali","Rghioua",1,0.0224438902743142
"2659","Fes-Meknes","Fes-Meknes","Ain Bou Ali","Sebaa Rouadi",1,0.0124688279301746
"2660","Fes-Meknes","Fes-Meknes","Ain Bou Ali","Sidi El Makhfi",3,0.0157938487115544
"2661","Fes-Meknes","Fes-Meknes","Ain Bou Ali","Tigrigra",1,0.0249376558603491
"2662","Fes-Meknes","Fes-Meknes","Ain Bou Ali","Timahdite",5,0.00548628428927681
"2663","Fes-Meknes","Fes-Meknes","Ain Chkef","Aghbalou Aqorar",2,0.00997506234413965
"2664","Fes-Meknes","Fes-Meknes","Ain Chkef","Ain Bida",1,0.0149625935162095
"2665","Fes-Meknes","Fes-Meknes","Ain Chkef","Ain Bou Ali",1,0.00498753117206983
"2666","Fes-Meknes","Fes-Meknes","Ain Chkef","Ain Kansra",1.5,0.0268079800498753
"2667","Fes-Meknes","Fes-Meknes","Ain Chkef","Ain Karma- Oued Rommane",1,0.00249376558603491
"2668","Fes-Meknes","Fes-Meknes","Ain Chkef","Ain Leuh",2,0.0124688279301746
"2669","Fes-Meknes","Fes-Meknes","Ain Chkef","Ait Boubidmane",1,0.0324189526184539
"2670","Fes-Meknes","Fes-Meknes","Ain Chkef","Ait Naamane",3,0.0133000831255195
"2671","Fes-Meknes","Fes-Meknes","Ain Chkef","Ait Sebaa Lajrouf",1,0.00748129675810474
"2672","Fes-Meknes","Fes-Meknes","Ain Chkef","Ben Smim",1,0.00997506234413965
"2673","Fes-Meknes","Fes-Meknes","Ain Chkef","Bni Snous",1,0.0174563591022444
"2674","Fes-Meknes","Fes-Meknes","Ain Chkef","Laanoussar",1,0.00249376558603491
"2675","Fes-Meknes","Fes-Meknes","Ain Chkef","Louadaine",3,0.0058187863674148
"2676","Fes-Meknes","Fes-Meknes","Ain Chkef","Matmata",1,0.00249376558603491
"2677","Fes-Meknes","Fes-Meknes","Ain Chkef","Mezraoua",1,0.0224438902743142
"2678","Fes-Meknes","Fes-Meknes","Ain Chkef","Oued Ifrane",1,0.00249376558603491
"2679","Fes-Meknes","Fes-Meknes","Ain Chkef","Ouislane",1,0.0523690773067332
"2680","Fes-Meknes","Fes-Meknes","Ain Chkef","Oulad Mimoun",1,0.00748129675810474
"2681","Fes-Meknes","Fes-Meknes","Ain Chkef","Sebaa Rouadi",1,0.0149625935162095
"2682","Fes-Meknes","Fes-Meknes","Ain Chkef","Sidi El Makhfi",2,0.00872817955112219
"2683","Fes-Meknes","Fes-Meknes","Ain Chkef","Timahdite",4.5,0.0113778054862843
"2684","Fes-Meknes","Fes-Meknes","Ain Kansra","Aghbalou Aqorar",1,0.013715710723192
"2685","Fes-Meknes","Fes-Meknes","Ain Kansra","Ain Bida",1,0.0224438902743142
"2686","Fes-Meknes","Fes-Meknes","Ain Kansra","Ain Bou Ali",1,0.00498753117206983
"2687","Fes-Meknes","Fes-Meknes","Ain Kansra","Ain Chkef",1,0.00997506234413965
"2688","Fes-Meknes","Fes-Meknes","Ain Kansra","Ain Kansra",1.5,0.0561097256857855
"2689","Fes-Meknes","Fes-Meknes","Ain Kansra","Ain Karma- Oued Rommane",1,0.00249376558603491
"2690","Fes-Meknes","Fes-Meknes","Ain Kansra","Ain Leuh",2,0.00872817955112219
"2691","Fes-Meknes","Fes-Meknes","Ain Kansra","Ait Boubidmane",1,0.0149625935162095
"2692","Fes-Meknes","Fes-Meknes","Ain Kansra","Ait Naamane",3,0.0166251039068994
"2693","Fes-Meknes","Fes-Meknes","Ain Kansra","Ait Sebaa Lajrouf",1,0.00249376558603491
"2694","Fes-Meknes","Fes-Meknes","Ain Kansra","Ben Smim",1.33333333333333,0.00872817955112219
"2695","Fes-Meknes","Fes-Meknes","Ain Kansra","Bni Snous",1,0.0199501246882793
"2696","Fes-Meknes","Fes-Meknes","Ain Kansra","Dayat Aoua",1,0.00997506234413965
"2697","Fes-Meknes","Fes-Meknes","Ain Kansra","Fes Medina",1,0.00249376558603491
"2698","Fes-Meknes","Fes-Meknes","Ain Kansra","Laanoussar",1,0.00249376558603491
"2699","Fes-Meknes","Fes-Meknes","Ain Kansra","Louadaine",3,0.00332502078137988
"2700","Fes-Meknes","Fes-Meknes","Ain Kansra","Matmata",1,0.133416458852868
"2701","Fes-Meknes","Fes-Meknes","Ain Kansra","Mezraoua",1,0.0124688279301746
"2702","Fes-Meknes","Fes-Meknes","Ain Kansra","Moulay Idriss Zarhoun",1,0.00374064837905237
"2703","Fes-Meknes","Fes-Meknes","Ain Kansra","Oued Jemaa",1,0.00498753117206983
"2704","Fes-Meknes","Fes-Meknes","Ain Kansra","Ouislane",1,0.13715710723192
"2705","Fes-Meknes","Fes-Meknes","Ain Kansra","Oulad Mimoun",1,0.00872817955112219
"2706","Fes-Meknes","Fes-Meknes","Ain Kansra","Sebaa Rouadi",1,0.0324189526184539
"2707","Fes-Meknes","Fes-Meknes","Ain Kansra","Sidi El Makhfi",1.66666666666667,0.0141313383208645
"2708","Fes-Meknes","Fes-Meknes","Ain Kansra","Timahdite",8,0.0255610972568579
"2709","Fes-Meknes","Fes-Meknes","Ain Karma- Oued Rommane","Aghbalou Aqorar",1,0.0174563591022444
"2710","Fes-Meknes","Fes-Meknes","Ain Karma- Oued Rommane","Ain Leuh",1,0.00249376558603491
"2711","Fes-Meknes","Fes-Meknes","Ain Karma- Oued Rommane","Ait Sebaa Lajrouf",1,0.00997506234413965
"2712","Fes-Meknes","Fes-Meknes","Ain Karma- Oued Rommane","Kandar Sidi Khiar",1,0.0124688279301746
"2713","Fes-Meknes","Fes-Meknes","Ain Karma- Oued Rommane","Laanoussar",3,0.0249376558603491
"2714","Fes-Meknes","Fes-Meknes","Ain Karma- Oued Rommane","Louadaine",2,0.00249376558603491
"2715","Fes-Meknes","Fes-Meknes","Ain Karma- Oued Rommane","Oued Ifrane",1,0.00997506234413965
"2716","Fes-Meknes","Fes-Meknes","Ain Karma- Oued Rommane","Oued Jemaa",1,0.0199501246882793
"2717","Fes-Meknes","Fes-Meknes","Ain Karma- Oued Rommane","Rghioua",1,0.027431421446384
"2718","Fes-Meknes","Fes-Meknes","Ain Karma- Oued Rommane","Sidi El Makhfi",1,0.00249376558603491
"2719","Fes-Meknes","Fes-Meknes","Ain Karma- Oued Rommane","Tigrigra",1,0.027431421446384
"2720","Fes-Meknes","Fes-Meknes","Ain Leuh","Aghbalou Aqorar",2,0.0162094763092269
"2721","Fes-Meknes","Fes-Meknes","Ain Leuh","Ain Bida",1,0.013715710723192
"2722","Fes-Meknes","Fes-Meknes","Ain Leuh","Ain Bou Ali",1,0.00831255195344971
"2723","Fes-Meknes","Fes-Meknes","Ain Leuh","Ain Chkef",1,0.0399002493765586
"2724","Fes-Meknes","Fes-Meknes","Ain Leuh","Ain Kansra",1,0.027431421446384
"2725","Fes-Meknes","Fes-Meknes","Ain Leuh","Ain Karma- Oued Rommane",1,0.0124688279301746
"2726","Fes-Meknes","Fes-Meknes","Ain Leuh","Ain Leuh",1.33333333333333,0.0108063175394846
"2727","Fes-Meknes","Fes-Meknes","Ain Leuh","Ait Boubidmane",1,0.00872817955112219
"2728","Fes-Meknes","Fes-Meknes","Ain Leuh","Ait Naamane",2,0.00914380714879468
"2729","Fes-Meknes","Fes-Meknes","Ain Leuh","Ait Sebaa Lajrouf",2,0.0168329177057357
"2730","Fes-Meknes","Fes-Meknes","Ain Leuh","Almis Marmoucha",1,0.00249376558603491
"2731","Fes-Meknes","Fes-Meknes","Ain Leuh","Ben Smim",1,0.0249376558603491
"2732","Fes-Meknes","Fes-Meknes","Ain Leuh","Bni Snous",1,0.00831255195344971
"2733","Fes-Meknes","Fes-Meknes","Ain Leuh","Dayat Aoua",1,0.0174563591022444
"2734","Fes-Meknes","Fes-Meknes","Ain Leuh","Fes Medina",1,0.00498753117206983
"2735","Fes-Meknes","Fes-Meknes","Ain Leuh","Kandar Sidi Khiar",1,0.00249376558603491
"2736","Fes-Meknes","Fes-Meknes","Ain Leuh","Laanoussar",1.5,0.00498753117206983
"2737","Fes-Meknes","Fes-Meknes","Ain Leuh","Louadaine",3,0.0232751454696592
"2738","Fes-Meknes","Fes-Meknes","Ain Leuh","Mezraoua",1,0.00997506234413965
"2739","Fes-Meknes","Fes-Meknes","Ain Leuh","Moulay Idriss Zarhoun",1,0.029925187032419
"2740","Fes-Meknes","Fes-Meknes","Ain Leuh","Oued Ifrane",1,0.0149625935162095
"2741","Fes-Meknes","Fes-Meknes","Ain Leuh","Oued Jemaa",1,0.0249376558603491
"2742","Fes-Meknes","Fes-Meknes","Ain Leuh","Oulad Mimoun",1,0.0249376558603491
"2743","Fes-Meknes","Fes-Meknes","Ain Leuh","Rghioua",1,0.0162094763092269
"2744","Fes-Meknes","Fes-Meknes","Ain Leuh","Sebaa Rouadi",1,0.0116375727348296
"2745","Fes-Meknes","Fes-Meknes","Ain Leuh","Sidi El Makhfi",3.33333333333333,0.013438625658077
"2746","Fes-Meknes","Fes-Meknes","Ain Leuh","Tigrigra",1,0.00498753117206983
"2747","Fes-Meknes","Fes-Meknes","Ain Leuh","Timahdite",7,0.00799588330760401
"2748","Fes-Meknes","Fes-Meknes","Ait Boubidmane","Aghbalou Aqorar",2,0.00498753117206983
"2749","Fes-Meknes","Fes-Meknes","Ait Boubidmane","Ain Bida",1,0.0149625935162095
"2750","Fes-Meknes","Fes-Meknes","Ait Boubidmane","Ain Bou Ali",1,0.00498753117206983
"2751","Fes-Meknes","Fes-Meknes","Ait Boubidmane","Ain Chkef",1,0.00498753117206983
"2752","Fes-Meknes","Fes-Meknes","Ait Boubidmane","Ain Kansra",1,0.00249376558603491
"2753","Fes-Meknes","Fes-Meknes","Ait Boubidmane","Ain Karma- Oued Rommane",1,0.00498753117206983
"2754","Fes-Meknes","Fes-Meknes","Ait Boubidmane","Ain Leuh",2,0.0174563591022444
"2755","Fes-Meknes","Fes-Meknes","Ait Boubidmane","Ait Naamane",3,0.0108063175394846
"2756","Fes-Meknes","Fes-Meknes","Ait Boubidmane","Ait Sebaa Lajrouf",2,0.00374064837905237
"2757","Fes-Meknes","Fes-Meknes","Ait Boubidmane","Bni Snous",1,0.0199501246882793
"2758","Fes-Meknes","Fes-Meknes","Ait Boubidmane","Louadaine",3,0.0116375727348296
"2759","Fes-Meknes","Fes-Meknes","Ait Boubidmane","Mezraoua",1,0.027431421446384
"2760","Fes-Meknes","Fes-Meknes","Ait Boubidmane","Oued Ifrane",1,0.00498753117206983
"2761","Fes-Meknes","Fes-Meknes","Ait Boubidmane","Oulad Mimoun",1,0.00748129675810474
"2762","Fes-Meknes","Fes-Meknes","Ait Boubidmane","Sebaa Rouadi",1,0.0224438902743142
"2763","Fes-Meknes","Fes-Meknes","Ait Boubidmane","Sidi El Makhfi",3,0.0116375727348296
"2764","Fes-Meknes","Fes-Meknes","Ait Boubidmane","Tigrigra",1,0.00249376558603491
"2765","Fes-Meknes","Fes-Meknes","Ait Boubidmane","Timahdite",8,0.0180798004987531
"2766","Fes-Meknes","Fes-Meknes","Ait Naamane","Aghbalou Aqorar",1,0.0133000831255195
"2767","Fes-Meknes","Fes-Meknes","Ait Naamane","Ain Bida",1,0.0124688279301746
"2768","Fes-Meknes","Fes-Meknes","Ait Naamane","Ain Bou Ali",1,0.027431421446384
"2769","Fes-Meknes","Fes-Meknes","Ait Naamane","Ain Chkef",1,0.0324189526184539
"2770","Fes-Meknes","Fes-Meknes","Ait Naamane","Ain Kansra",1,0.0224438902743142
"2771","Fes-Meknes","Fes-Meknes","Ait Naamane","Ain Karma- Oued Rommane",1,0.0087281795511222
"2772","Fes-Meknes","Fes-Meknes","Ait Naamane","Ain Leuh",2.33333333333333,0.0110834026045996
"2773","Fes-Meknes","Fes-Meknes","Ait Naamane","Ait Boubidmane",1,0.0141313383208645
"2774","Fes-Meknes","Fes-Meknes","Ait Naamane","Ait Naamane",1.33333333333333,0.00872817955112219
"2775","Fes-Meknes","Fes-Meknes","Ait Naamane","Ait Sebaa Lajrouf",1.33333333333333,0.0162094763092269
"2776","Fes-Meknes","Fes-Meknes","Ait Naamane","Ben Smim",1,0.029925187032419
"2777","Fes-Meknes","Fes-Meknes","Ait Naamane","Bni Snous",1,0.0199501246882793
"2778","Fes-Meknes","Fes-Meknes","Ait Naamane","Fes Medina",1,0.00249376558603491
"2779","Fes-Meknes","Fes-Meknes","Ait Naamane","Kandar Sidi Khiar",1,0.00374064837905237
"2780","Fes-Meknes","Fes-Meknes","Ait Naamane","Laanoussar",3,0.00415627597672485
"2781","Fes-Meknes","Fes-Meknes","Ait Naamane","Louadaine",3,0.0127459129952896
"2782","Fes-Meknes","Fes-Meknes","Ait Naamane","Mezraoua",1,0.00748129675810474
"2783","Fes-Meknes","Fes-Meknes","Ait Naamane","Moulay Idriss Zarhoun",1,0.00748129675810474
"2784","Fes-Meknes","Fes-Meknes","Ait Naamane","Oued Ifrane",1,0.00997506234413965
"2785","Fes-Meknes","Fes-Meknes","Ait Naamane","Oued Jemaa",1,0.0141313383208645
"2786","Fes-Meknes","Fes-Meknes","Ait Naamane","Oulad Mimoun",1,0.027431421446384
"2787","Fes-Meknes","Fes-Meknes","Ait Naamane","Rghioua",1,0.0149625935162095
"2788","Fes-Meknes","Fes-Meknes","Ait Naamane","Sebaa Rouadi",1,0.00914380714879468
"2789","Fes-Meknes","Fes-Meknes","Ait Naamane","Sidi El Makhfi",2.66666666666667,0.0144084233859795
"2790","Fes-Meknes","Fes-Meknes","Ait Naamane","Tigrigra",1,0.00374064837905237
"2791","Fes-Meknes","Fes-Meknes","Ait Naamane","Timahdite",7,0.0123847128211218
"2792","Fes-Meknes","Fes-Meknes","Ait Sebaa Lajrouf","Aghbalou Aqorar",1,0.0162094763092269
"2793","Fes-Meknes","Fes-Meknes","Ait Sebaa Lajrouf","Ain Bida",1,0.00748129675810474
"2794","Fes-Meknes","Fes-Meknes","Ait Sebaa Lajrouf","Ain Bou Ali",1,0.00498753117206983
"2795","Fes-Meknes","Fes-Meknes","Ait Sebaa Lajrouf","Ain Karma- Oued Rommane",1,0.0162094763092269
"2796","Fes-Meknes","Fes-Meknes","Ait Sebaa Lajrouf","Ain Leuh",2,0.00623441396508728
"2797","Fes-Meknes","Fes-Meknes","Ait Sebaa Lajrouf","Ait Naamane",1,0.0124688279301746
"2798","Fes-Meknes","Fes-Meknes","Ait Sebaa Lajrouf","Ait Sebaa Lajrouf",1,0.0224438902743142
"2799","Fes-Meknes","Fes-Meknes","Ait Sebaa Lajrouf","Bni Snous",1,0.00249376558603491
"2800","Fes-Meknes","Fes-Meknes","Ait Sebaa Lajrouf","Kandar Sidi Khiar",1,0.0149625935162095
"2801","Fes-Meknes","Fes-Meknes","Ait Sebaa Lajrouf","Laanoussar",3,0.0220282626766417
"2802","Fes-Meknes","Fes-Meknes","Ait Sebaa Lajrouf","Louadaine",2,0.00623441396508728
"2803","Fes-Meknes","Fes-Meknes","Ait Sebaa Lajrouf","Majjate",1,0.00997506234413965
"2804","Fes-Meknes","Fes-Meknes","Ait Sebaa Lajrouf","Mezraoua",1,0.00498753117206983
"2805","Fes-Meknes","Fes-Meknes","Ait Sebaa Lajrouf","Oued Ifrane",1,0.0112219451371571
"2806","Fes-Meknes","Fes-Meknes","Ait Sebaa Lajrouf","Oued Jemaa",1,0.0187032418952618
"2807","Fes-Meknes","Fes-Meknes","Ait Sebaa Lajrouf","Rghioua",1,0.00872817955112219
"2808","Fes-Meknes","Fes-Meknes","Ait Sebaa Lajrouf","Sebaa Rouadi",1,0.00498753117206983
"2809","Fes-Meknes","Fes-Meknes","Ait Sebaa Lajrouf","Sidi El Makhfi",3,0.00914380714879468
"2810","Fes-Meknes","Fes-Meknes","Ait Sebaa Lajrouf","Tigrigra",1,0.00748129675810474
"2811","Fes-Meknes","Fes-Meknes","Ait Sebaa Lajrouf","Timahdite",2,0.00457190357439734
"2812","Fes-Meknes","Fes-Meknes","Almis Marmoucha","Aghbalou Aqorar",1,0.00748129675810474
"2813","Fes-Meknes","Fes-Meknes","Almis Marmoucha","Majjate",1,0.00249376558603491
"2814","Fes-Meknes","Fes-Meknes","Almis Marmoucha","Ouizeght",1,0.027431421446384
"2815","Fes-Meknes","Fes-Meknes","Almis Marmoucha","Outat El Haj",1,0.0149625935162095
"2816","Fes-Meknes","Fes-Meknes","Almis Marmoucha","Sidi Boutayeb",1,0.0249376558603491
"2817","Fes-Meknes","Fes-Meknes","Ben Smim","Aghbalou Aqorar",2,0.0211970074812968
"2818","Fes-Meknes","Fes-Meknes","Ben Smim","Ain Bida",1,0.0174563591022444
"2819","Fes-Meknes","Fes-Meknes","Ben Smim","Ain Bou Ali",1,0.00498753117206983
"2820","Fes-Meknes","Fes-Meknes","Ben Smim","Ain Chkef",1,0.0174563591022444
"2821","Fes-Meknes","Fes-Meknes","Ben Smim","Ain Kansra",1,0.00997506234413965
"2822","Fes-Meknes","Fes-Meknes","Ben Smim","Ain Leuh",2,0.0303408146300914
"2823","Fes-Meknes","Fes-Meknes","Ben Smim","Ait Boubidmane",1,0.0124688279301746
"2824","Fes-Meknes","Fes-Meknes","Ben Smim","Ait Naamane",2.5,0.0108063175394846
"2825","Fes-Meknes","Fes-Meknes","Ben Smim","Ait Sebaa Lajrouf",1,0.00748129675810474
"2826","Fes-Meknes","Fes-Meknes","Ben Smim","Ben Smim",1,0.00498753117206983
"2827","Fes-Meknes","Fes-Meknes","Ben Smim","Bni Snous",1,0.00997506234413965
"2828","Fes-Meknes","Fes-Meknes","Ben Smim","Dayat Aoua",1,0.0386533665835411
"2829","Fes-Meknes","Fes-Meknes","Ben Smim","Fes Medina",1,0.0336658354114713
"2830","Fes-Meknes","Fes-Meknes","Ben Smim","Louadaine",3,0.00748129675810474
"2831","Fes-Meknes","Fes-Meknes","Ben Smim","Matmata",1,0.00748129675810474
"2832","Fes-Meknes","Fes-Meknes","Ben Smim","Mezraoua",1,0.029925187032419
"2833","Fes-Meknes","Fes-Meknes","Ben Smim","Moulay Idriss Zarhoun",1,0.0187032418952618
"2834","Fes-Meknes","Fes-Meknes","Ben Smim","Oued Jemaa",1,0.00249376558603491
"2835","Fes-Meknes","Fes-Meknes","Ben Smim","Oulad Mimoun",1,0.0124688279301746
"2836","Fes-Meknes","Fes-Meknes","Ben Smim","Sebaa Rouadi",1,0.0174563591022444
"2837","Fes-Meknes","Fes-Meknes","Ben Smim","Sidi El Makhfi",2.5,0.0517456359102244
"2838","Fes-Meknes","Fes-Meknes","Ben Smim","Timahdite",4.5,0.0132481296758105
"2839","Fes-Meknes","Fes-Meknes","Bni Snous","Aghbalou Aqorar",1,0.00748129675810474
"2840","Fes-Meknes","Fes-Meknes","Bni Snous","Ain Bida",1,0.00748129675810474
"2841","Fes-Meknes","Fes-Meknes","Bni Snous","Ain Bou Ali",1,0.0224438902743142
"2842","Fes-Meknes","Fes-Meknes","Bni Snous","Ain Karma- Oued Rommane",1,0.0174563591022444
"2843","Fes-Meknes","Fes-Meknes","Bni Snous","Ain Leuh",2,0.0261845386533666
"2844","Fes-Meknes","Fes-Meknes","Bni Snous","Ait Boubidmane",1,0.00748129675810474
"2845","Fes-Meknes","Fes-Meknes","Bni Snous","Ait Naamane",2,0.013715710723192
"2846","Fes-Meknes","Fes-Meknes","Bni Snous","Ait Sebaa Lajrouf",2,0.00997506234413965
"2847","Fes-Meknes","Fes-Meknes","Bni Snous","Laanoussar",2,0.00249376558603491
"2848","Fes-Meknes","Fes-Meknes","Bni Snous","Louadaine",3,0.0232751454696592
"2849","Fes-Meknes","Fes-Meknes","Bni Snous","Mezraoua",1,0.0249376558603491
"2850","Fes-Meknes","Fes-Meknes","Bni Snous","Oued Ifrane",1,0.00498753117206983
"2851","Fes-Meknes","Fes-Meknes","Bni Snous","Oued Jemaa",1,0.0174563591022444
"2852","Fes-Meknes","Fes-Meknes","Bni Snous","Oulad Mimoun",1,0.00249376558603491
"2853","Fes-Meknes","Fes-Meknes","Bni Snous","Rghioua",1,0.00748129675810474
"2854","Fes-Meknes","Fes-Meknes","Bni Snous","Sebaa Rouadi",1,0.027431421446384
"2855","Fes-Meknes","Fes-Meknes","Bni Snous","Sidi El Makhfi",3,0.0249376558603491
"2856","Fes-Meknes","Fes-Meknes","Bni Snous","Tigrigra",1,0.00249376558603491
"2857","Fes-Meknes","Fes-Meknes","Bni Snous","Timahdite",8,0.0115336658354115
"2858","Fes-Meknes","Fes-Meknes","Dayat Aoua","Aghbalou Aqorar",2,0.0324189526184539
"2859","Fes-Meknes","Fes-Meknes","Dayat Aoua","Ain Chkef",1,0.0324189526184539
"2860","Fes-Meknes","Fes-Meknes","Dayat Aoua","Ain Kansra",1,0.0224438902743142
"2861","Fes-Meknes","Fes-Meknes","Dayat Aoua","Ain Leuh",2,0.0336658354114713
"2862","Fes-Meknes","Fes-Meknes","Dayat Aoua","Ait Naamane",3,0.00914380714879468
"2863","Fes-Meknes","Fes-Meknes","Dayat Aoua","Ben Smim",2,0.0112219451371571
"2864","Fes-Meknes","Fes-Meknes","Dayat Aoua","Bni Snous",1,0.00249376558603491
"2865","Fes-Meknes","Fes-Meknes","Dayat Aoua","Fes Medina",1,0.0349127182044888
"2866","Fes-Meknes","Fes-Meknes","Dayat Aoua","Moulay Idriss Zarhoun",1,0.0224438902743142
"2867","Fes-Meknes","Fes-Meknes","Dayat Aoua","Oulad Mimoun",1,0.0249376558603491
"2868","Fes-Meknes","Fes-Meknes","Dayat Aoua","Sebaa Rouadi",1,0.00249376558603491
"2869","Fes-Meknes","Fes-Meknes","Dayat Aoua","Sidi El Makhfi",2,0.00498753117206983
"2870","Fes-Meknes","Fes-Meknes","Dayat Aoua","Timahdite",4,0.00997506234413965
"2871","Fes-Meknes","Fes-Meknes","Enjil","Sidi Boutayeb",2,0.0187032418952618
"2872","Fes-Meknes","Fes-Meknes","Enjil","Zrarda",1,0.14214463840399
"2873","Fes-Meknes","Fes-Meknes","Fes Medina","Aghbalou Aqorar",2,0.0224438902743142
"2874","Fes-Meknes","Fes-Meknes","Fes Medina","Ain Bida",1,0.00498753117206983
"2875","Fes-Meknes","Fes-Meknes","Fes Medina","Ain Bou Ali",1,0.00498753117206983
"2876","Fes-Meknes","Fes-Meknes","Fes Medina","Ain Chkef",1,0.0224438902743142
"2877","Fes-Meknes","Fes-Meknes","Fes Medina","Ain Kansra",1,0.0124688279301746
"2878","Fes-Meknes","Fes-Meknes","Fes Medina","Ain Karma- Oued Rommane",1,0.00249376558603491
"2879","Fes-Meknes","Fes-Meknes","Fes Medina","Ain Leuh",2,0.0162094763092269
"2880","Fes-Meknes","Fes-Meknes","Fes Medina","Ait Boubidmane",1,0.00249376558603491
"2881","Fes-Meknes","Fes-Meknes","Fes Medina","Ait Naamane",2,0.0199501246882793
"2882","Fes-Meknes","Fes-Meknes","Fes Medina","Ben Smim",2,0.0162094763092269
"2883","Fes-Meknes","Fes-Meknes","Fes Medina","Bni Snous",1,0.00498753117206983
"2884","Fes-Meknes","Fes-Meknes","Fes Medina","Dayat Aoua",1,0.0199501246882793
"2885","Fes-Meknes","Fes-Meknes","Fes Medina","Louadaine",1,0.00498753117206983
"2886","Fes-Meknes","Fes-Meknes","Fes Medina","Mezraoua",1,0.00997506234413965
"2887","Fes-Meknes","Fes-Meknes","Fes Medina","Moulay Idriss Zarhoun",1,0.0448877805486284
"2888","Fes-Meknes","Fes-Meknes","Fes Medina","Oulad Mimoun",1,0.0349127182044888
"2889","Fes-Meknes","Fes-Meknes","Fes Medina","Sebaa Rouadi",1,0.00498753117206983
"2890","Fes-Meknes","Fes-Meknes","Fes Medina","Sidi El Makhfi",2,0.00249376558603491
"2891","Fes-Meknes","Fes-Meknes","Fes Medina","Timahdite",7,0.00855005343783399
"2892","Fes-Meknes","Fes-Meknes","Kandar Sidi Khiar","Almis Marmoucha",1,0.00498753117206983
"2893","Fes-Meknes","Fes-Meknes","Kandar Sidi Khiar","Laanoussar",3,0.00415627597672485
"2894","Fes-Meknes","Fes-Meknes","Kandar Sidi Khiar","Majjate",1,0.0174563591022444
"2895","Fes-Meknes","Fes-Meknes","Kandar Sidi Khiar","Ouizeght",1,0.00249376558603491
"2896","Fes-Meknes","Fes-Meknes","Kandar Sidi Khiar","Outat El Haj",1,0.00249376558603491
"2897","Fes-Meknes","Fes-Meknes","Kandar Sidi Khiar","Sidi Boutayeb",1,0.00249376558603491
"2898","Fes-Meknes","Fes-Meknes","Laanoussar","Aghbalou Aqorar",1,0.00249376558603491
"2899","Fes-Meknes","Fes-Meknes","Laanoussar","Ait Sebaa Lajrouf",1,0.0124688279301746
"2900","Fes-Meknes","Fes-Meknes","Laanoussar","Almis Marmoucha",1,0.00374064837905237
"2901","Fes-Meknes","Fes-Meknes","Laanoussar","Kandar Sidi Khiar",1,0.0374064837905237
"2902","Fes-Meknes","Fes-Meknes","Laanoussar","Laanoussar",2,0.0261845386533666
"2903","Fes-Meknes","Fes-Meknes","Laanoussar","Majjate",1,0.0133000831255195
"2904","Fes-Meknes","Fes-Meknes","Laanoussar","Oued Jemaa",1,0.00374064837905237
"2905","Fes-Meknes","Fes-Meknes","Laanoussar","Ouizeght",1,0.00498753117206983
"2906","Fes-Meknes","Fes-Meknes","Laanoussar","Outat El Haj",1,0.00249376558603491
"2907","Fes-Meknes","Fes-Meknes","Laanoussar","Rghioua",1,0.00249376558603491
"2908","Fes-Meknes","Fes-Meknes","Laanoussar","Sidi Boutayeb",1,0.00249376558603491
"2909","Fes-Meknes","Fes-Meknes","Laanoussar","Tigrigra",1,0.00249376558603491
"2910","Fes-Meknes","Fes-Meknes","Louadaine","Aghbalou Aqorar",1,0.0266001662510391
"2911","Fes-Meknes","Fes-Meknes","Louadaine","Ain Bida",1,0.00249376558603491
"2912","Fes-Meknes","Fes-Meknes","Louadaine","Ain Bou Ali",1,0.00498753117206983
"2913","Fes-Meknes","Fes-Meknes","Louadaine","Ain Karma- Oued Rommane",1,0.0216126350789692
"2914","Fes-Meknes","Fes-Meknes","Louadaine","Ain Leuh",1.33333333333333,0.00374064837905237
"2915","Fes-Meknes","Fes-Meknes","Louadaine","Ait Naamane",1.33333333333333,0.0029093931837074
"2916","Fes-Meknes","Fes-Meknes","Louadaine","Ait Sebaa Lajrouf",2,0.013715710723192
"2917","Fes-Meknes","Fes-Meknes","Louadaine","Bni Snous",1,0.00748129675810474
"2918","Fes-Meknes","Fes-Meknes","Louadaine","Kandar Sidi Khiar",1,0.00748129675810474
"2919","Fes-Meknes","Fes-Meknes","Louadaine","Laanoussar",3,0.0113604876697146
"2920","Fes-Meknes","Fes-Meknes","Louadaine","Louadaine",2,0.0133000831255195
"2921","Fes-Meknes","Fes-Meknes","Louadaine","Majjate",1,0.00249376558603491
"2922","Fes-Meknes","Fes-Meknes","Louadaine","Mezraoua",1,0.00249376558603491
"2923","Fes-Meknes","Fes-Meknes","Louadaine","Oued Ifrane",1,0.027431421446384
"2924","Fes-Meknes","Fes-Meknes","Louadaine","Oued Jemaa",1,0.0232751454696592
"2925","Fes-Meknes","Fes-Meknes","Louadaine","Rghioua",1,0.0182876142975894
"2926","Fes-Meknes","Fes-Meknes","Louadaine","Sebaa Rouadi",1,0.00498753117206983
"2927","Fes-Meknes","Fes-Meknes","Louadaine","Sidi El Makhfi",3,0.00748129675810474
"2928","Fes-Meknes","Fes-Meknes","Louadaine","Tigrigra",1,0.0249376558603491
"2929","Fes-Meknes","Fes-Meknes","Louadaine","Timahdite",3,0.00491825990579108
"2930","Fes-Meknes","Fes-Meknes","Majjate","Aghbalou Aqorar",1,0.00249376558603491
"2931","Fes-Meknes","Fes-Meknes","Majjate","Almis Marmoucha",1,0.0598503740648379
"2932","Fes-Meknes","Fes-Meknes","Majjate","Ouizeght",1,0.0498753117206983
"2933","Fes-Meknes","Fes-Meknes","Majjate","Outat El Haj",1,0.029925187032419
"2934","Fes-Meknes","Fes-Meknes","Majjate","Sidi Boutayeb",1,0.0174563591022444
"2935","Fes-Meknes","Fes-Meknes","Matmata","Aghbalou Aqorar",1,0.00249376558603491
"2936","Fes-Meknes","Fes-Meknes","Matmata","Ain Chkef",1,0.00498753117206983
"2937","Fes-Meknes","Fes-Meknes","Matmata","Ain Kansra",3,0.00415627597672485
"2938","Fes-Meknes","Fes-Meknes","Matmata","Ain Leuh",1,0.0124688279301746
"2939","Fes-Meknes","Fes-Meknes","Matmata","Ait Boubidmane",1,0.00249376558603491
"2940","Fes-Meknes","Fes-Meknes","Matmata","Ait Naamane",2,0.00374064837905237
"2941","Fes-Meknes","Fes-Meknes","Matmata","Ben Smim",2,0.0785536159600998
"2942","Fes-Meknes","Fes-Meknes","Matmata","Dayat Aoua",1,0.0399002493765586
"2943","Fes-Meknes","Fes-Meknes","Matmata","Fes Medina",1,0.0349127182044888
"2944","Fes-Meknes","Fes-Meknes","Matmata","Moulay Idriss Zarhoun",1,0.00748129675810474
"2945","Fes-Meknes","Fes-Meknes","Matmata","Oulad Mimoun",1,0.00748129675810474
"2946","Fes-Meknes","Fes-Meknes","Matmata","Sidi El Makhfi",1,0.122194513715711
"2947","Fes-Meknes","Fes-Meknes","Matmata","Timahdite",2,0.00249376558603491
"2948","Fes-Meknes","Fes-Meknes","Mezraoua","Aghbalou Aqorar",1,0.00748129675810474
"2949","Fes-Meknes","Fes-Meknes","Mezraoua","Ain Bida",1,0.0199501246882793
"2950","Fes-Meknes","Fes-Meknes","Mezraoua","Ain Bou Ali",1,0.029925187032419
"2951","Fes-Meknes","Fes-Meknes","Mezraoua","Ain Chkef",1,0.00249376558603491
"2952","Fes-Meknes","Fes-Meknes","Mezraoua","Ain Kansra",1,0.00249376558603491
"2953","Fes-Meknes","Fes-Meknes","Mezraoua","Ain Karma- Oued Rommane",1,0.00249376558603491
"2954","Fes-Meknes","Fes-Meknes","Mezraoua","Ain Leuh",1,0.00997506234413965
"2955","Fes-Meknes","Fes-Meknes","Mezraoua","Ait Boubidmane",1,0.00997506234413965
"2956","Fes-Meknes","Fes-Meknes","Mezraoua","Ait Naamane",2,0.0162094763092269
"2957","Fes-Meknes","Fes-Meknes","Mezraoua","Ait Sebaa Lajrouf",1,0.00748129675810474
"2958","Fes-Meknes","Fes-Meknes","Mezraoua","Bni Snous",1,0.027431421446384
"2959","Fes-Meknes","Fes-Meknes","Mezraoua","Laanoussar",2,0.00249376558603491
"2960","Fes-Meknes","Fes-Meknes","Mezraoua","Louadaine",3,0.0149625935162095
"2961","Fes-Meknes","Fes-Meknes","Mezraoua","Oued Ifrane",1,0.00748129675810474
"2962","Fes-Meknes","Fes-Meknes","Mezraoua","Oued Jemaa",1,0.0149625935162095
"2963","Fes-Meknes","Fes-Meknes","Mezraoua","Oulad Mimoun",1,0.00249376558603491
"2964","Fes-Meknes","Fes-Meknes","Mezraoua","Rghioua",1,0.00249376558603491
"2965","Fes-Meknes","Fes-Meknes","Mezraoua","Sebaa Rouadi",1,0.0174563591022444
"2966","Fes-Meknes","Fes-Meknes","Mezraoua","Sidi El Makhfi",3,0.0157938487115544
"2967","Fes-Meknes","Fes-Meknes","Mezraoua","Tigrigra",1,0.00249376558603491
"2968","Fes-Meknes","Fes-Meknes","Mezraoua","Timahdite",7,0.0114000712504453
"2969","Fes-Meknes","Fes-Meknes","Moulay Idriss Zarhoun","Aghbalou Aqorar",2,0.0174563591022444
"2970","Fes-Meknes","Fes-Meknes","Moulay Idriss Zarhoun","Ain Bou Ali",1,0.00498753117206983
"2971","Fes-Meknes","Fes-Meknes","Moulay Idriss Zarhoun","Ain Chkef",1,0.0224438902743142
"2972","Fes-Meknes","Fes-Meknes","Moulay Idriss Zarhoun","Ain Kansra",1,0.0124688279301746
"2973","Fes-Meknes","Fes-Meknes","Moulay Idriss Zarhoun","Ain Leuh",2,0.00623441396508728
"2974","Fes-Meknes","Fes-Meknes","Moulay Idriss Zarhoun","Ait Boubidmane",1,0.0224438902743142
"2975","Fes-Meknes","Fes-Meknes","Moulay Idriss Zarhoun","Ait Naamane",3,0.0133000831255195
"2976","Fes-Meknes","Fes-Meknes","Moulay Idriss Zarhoun","Ben Smim",1,0.0399002493765586
"2977","Fes-Meknes","Fes-Meknes","Moulay Idriss Zarhoun","Bni Snous",1,0.00498753117206983
"2978","Fes-Meknes","Fes-Meknes","Moulay Idriss Zarhoun","Dayat Aoua",1,0.00498753117206983
"2979","Fes-Meknes","Fes-Meknes","Moulay Idriss Zarhoun","Fes Medina",1,0.00997506234413965
"2980","Fes-Meknes","Fes-Meknes","Moulay Idriss Zarhoun","Louadaine",2,0.00374064837905237
"2981","Fes-Meknes","Fes-Meknes","Moulay Idriss Zarhoun","Mezraoua",1,0.0124688279301746
"2982","Fes-Meknes","Fes-Meknes","Moulay Idriss Zarhoun","Oulad Mimoun",1,0.029925187032419
"2983","Fes-Meknes","Fes-Meknes","Moulay Idriss Zarhoun","Sebaa Rouadi",1,0.00748129675810474
"2984","Fes-Meknes","Fes-Meknes","Moulay Idriss Zarhoun","Sidi El Makhfi",2,0.00872817955112219
"2985","Fes-Meknes","Fes-Meknes","Moulay Idriss Zarhoun","Tigrigra",1,0.00249376558603491
"2986","Fes-Meknes","Fes-Meknes","Moulay Idriss Zarhoun","Timahdite",8,0.010286783042394
"2987","Fes-Meknes","Fes-Meknes","Oued Ifrane","Aghbalou Aqorar",1,0.027431421446384
"2988","Fes-Meknes","Fes-Meknes","Oued Ifrane","Ain Karma- Oued Rommane",1,0.0124688279301746
"2989","Fes-Meknes","Fes-Meknes","Oued Ifrane","Ait Sebaa Lajrouf",2,0.00997506234413965
"2990","Fes-Meknes","Fes-Meknes","Oued Ifrane","Kandar Sidi Khiar",1,0.0224438902743142
"2991","Fes-Meknes","Fes-Meknes","Oued Ifrane","Laanoussar",3,0.0257689110556941
"2992","Fes-Meknes","Fes-Meknes","Oued Ifrane","Louadaine",3,0.00332502078137988
"2993","Fes-Meknes","Fes-Meknes","Oued Ifrane","Oued Jemaa",1,0.00997506234413965
"2994","Fes-Meknes","Fes-Meknes","Oued Ifrane","Rghioua",1,0.00249376558603491
"2995","Fes-Meknes","Fes-Meknes","Oued Ifrane","Sidi El Makhfi",2,0.00374064837905237
"2996","Fes-Meknes","Fes-Meknes","Oued Ifrane","Tigrigra",1,0.027431421446384
"2997","Fes-Meknes","Fes-Meknes","Oued Jemaa","Aghbalou Aqorar",1,0.0249376558603491
"2998","Fes-Meknes","Fes-Meknes","Oued Jemaa","Ain Bou Ali",1,0.00249376558603491
"2999","Fes-Meknes","Fes-Meknes","Oued Jemaa","Ain Karma- Oued Rommane",1,0.0124688279301746
"3000","Fes-Meknes","Fes-Meknes","Oued Jemaa","Ait Sebaa Lajrouf",2,0.013715710723192
"3001","Fes-Meknes","Fes-Meknes","Oued Jemaa","Kandar Sidi Khiar",1,0.0149625935162095
"3002","Fes-Meknes","Fes-Meknes","Oued Jemaa","Laanoussar",3,0.029093931837074
"3003","Fes-Meknes","Fes-Meknes","Oued Jemaa","Louadaine",2,0.00249376558603491
"3004","Fes-Meknes","Fes-Meknes","Oued Jemaa","Oued Ifrane",1,0.0149625935162095
"3005","Fes-Meknes","Fes-Meknes","Oued Jemaa","Rghioua",1,0.00997506234413965
"3006","Fes-Meknes","Fes-Meknes","Oued Jemaa","Sidi El Makhfi",1,0.00249376558603491
"3007","Fes-Meknes","Fes-Meknes","Oued Jemaa","Tigrigra",1,0.029925187032419
"3008","Fes-Meknes","Fes-Meknes","Oued Jemaa","Timahdite",1,0.00249376558603491
"3009","Fes-Meknes","Fes-Meknes","Ouislane","Ain Kansra",2,0.187032418952618
"3010","Fes-Meknes","Fes-Meknes","Ouislane","Ait Naamane",1,0.00249376558603491
"3011","Fes-Meknes","Fes-Meknes","Ouislane","Ben Smim",1,0.00997506234413965
"3012","Fes-Meknes","Fes-Meknes","Ouislane","Dayat Aoua",1,0.00498753117206983
"3013","Fes-Meknes","Fes-Meknes","Ouislane","Matmata",1,0.057356608478803
"3014","Fes-Meknes","Fes-Meknes","Ouislane","Sidi El Makhfi",1,0.0249376558603491
"3015","Fes-Meknes","Fes-Meknes","Ouizeght","Aghbalou Aqorar",1,0.00498753117206983
"3016","Fes-Meknes","Fes-Meknes","Ouizeght","Almis Marmoucha",1,0.0149625935162095
"3017","Fes-Meknes","Fes-Meknes","Ouizeght","Majjate",1,0.00249376558603491
"3018","Fes-Meknes","Fes-Meknes","Ouizeght","Outat El Haj",1,0.0149625935162095
"3019","Fes-Meknes","Fes-Meknes","Ouizeght","Sidi Boutayeb",1,0.0149625935162095
"3020","Fes-Meknes","Fes-Meknes","Oulad Mimoun","Aghbalou Aqorar",3,0.00831255195344971
"3021","Fes-Meknes","Fes-Meknes","Oulad Mimoun","Ain Bida",1,0.00748129675810474
"3022","Fes-Meknes","Fes-Meknes","Oulad Mimoun","Ain Bou Ali",1,0.0149625935162095
"3023","Fes-Meknes","Fes-Meknes","Oulad Mimoun","Ain Chkef",1,0.0174563591022444
"3024","Fes-Meknes","Fes-Meknes","Oulad Mimoun","Ain Kansra",1,0.0149625935162095
"3025","Fes-Meknes","Fes-Meknes","Oulad Mimoun","Ain Leuh",3,0.00665004156275977
"3026","Fes-Meknes","Fes-Meknes","Oulad Mimoun","Ait Boubidmane",1,0.0423940149625935
"3027","Fes-Meknes","Fes-Meknes","Oulad Mimoun","Ait Naamane",3,0.0182876142975894
"3028","Fes-Meknes","Fes-Meknes","Oulad Mimoun","Ait Sebaa Lajrouf",1,0.00748129675810474
"3029","Fes-Meknes","Fes-Meknes","Oulad Mimoun","Ben Smim",1,0.0224438902743142
"3030","Fes-Meknes","Fes-Meknes","Oulad Mimoun","Bni Snous",1,0.0224438902743142
"3031","Fes-Meknes","Fes-Meknes","Oulad Mimoun","Louadaine",2,0.00498753117206983
"3032","Fes-Meknes","Fes-Meknes","Oulad Mimoun","Mezraoua",1,0.0324189526184539
"3033","Fes-Meknes","Fes-Meknes","Oulad Mimoun","Moulay Idriss Zarhoun",1,0.00249376558603491
"3034","Fes-Meknes","Fes-Meknes","Oulad Mimoun","Oued Jemaa",1,0.00249376558603491
"3035","Fes-Meknes","Fes-Meknes","Oulad Mimoun","Rghioua",1,0.00249376558603491
"3036","Fes-Meknes","Fes-Meknes","Oulad Mimoun","Sebaa Rouadi",1,0.0149625935162095
"3037","Fes-Meknes","Fes-Meknes","Oulad Mimoun","Sidi El Makhfi",3,0.0108063175394846
"3038","Fes-Meknes","Fes-Meknes","Oulad Mimoun","Timahdite",8,0.0199501246882793
"3039","Fes-Meknes","Fes-Meknes","Outat El Haj","Aghbalou Aqorar",1,0.00249376558603491
"3040","Fes-Meknes","Fes-Meknes","Outat El Haj","Almis Marmoucha",1,0.0224438902743142
"3041","Fes-Meknes","Fes-Meknes","Outat El Haj","Majjate",1,0.00249376558603491
"3042","Fes-Meknes","Fes-Meknes","Outat El Haj","Ouizeght",1,0.027431421446384
"3043","Fes-Meknes","Fes-Meknes","Outat El Haj","Sidi Boutayeb",1,0.029925187032419
"3044","Fes-Meknes","Fes-Meknes","Rghioua","Aghbalou Aqorar",1,0.0249376558603491
"3045","Fes-Meknes","Fes-Meknes","Rghioua","Ain Karma- Oued Rommane",1,0.0174563591022444
"3046","Fes-Meknes","Fes-Meknes","Rghioua","Ait Naamane",1,0.00249376558603491
"3047","Fes-Meknes","Fes-Meknes","Rghioua","Ait Sebaa Lajrouf",2,0.0261845386533666
"3048","Fes-Meknes","Fes-Meknes","Rghioua","Kandar Sidi Khiar",1,0.00748129675810474
"3049","Fes-Meknes","Fes-Meknes","Rghioua","Laanoussar",3,0.0249376558603491
"3050","Fes-Meknes","Fes-Meknes","Rghioua","Louadaine",2,0.00249376558603491
"3051","Fes-Meknes","Fes-Meknes","Rghioua","Oued Ifrane",1,0.00748129675810474
"3052","Fes-Meknes","Fes-Meknes","Rghioua","Oued Jemaa",1,0.00997506234413965
"3053","Fes-Meknes","Fes-Meknes","Rghioua","Tigrigra",1,0.0174563591022444
"3054","Fes-Meknes","Fes-Meknes","Sebaa Rouadi","Aghbalou Aqorar",1,0.00498753117206983
"3055","Fes-Meknes","Fes-Meknes","Sebaa Rouadi","Ain Bida",1,0.0199501246882793
"3056","Fes-Meknes","Fes-Meknes","Sebaa Rouadi","Ain Bou Ali",1,0.0149625935162095
"3057","Fes-Meknes","Fes-Meknes","Sebaa Rouadi","Ain Karma- Oued Rommane",1,0.00498753117206983
"3058","Fes-Meknes","Fes-Meknes","Sebaa Rouadi","Ain Leuh",2,0.0224438902743142
"3059","Fes-Meknes","Fes-Meknes","Sebaa Rouadi","Ait Boubidmane",1,0.00249376558603491
"3060","Fes-Meknes","Fes-Meknes","Sebaa Rouadi","Ait Naamane",2,0.00997506234413965
"3061","Fes-Meknes","Fes-Meknes","Sebaa Rouadi","Ait Sebaa Lajrouf",2,0.00997506234413965
"3062","Fes-Meknes","Fes-Meknes","Sebaa Rouadi","Bni Snous",1,0.00748129675810474
"3063","Fes-Meknes","Fes-Meknes","Sebaa Rouadi","Laanoussar",3,0.00332502078137988
"3064","Fes-Meknes","Fes-Meknes","Sebaa Rouadi","Louadaine",3,0.0166251039068994
"3065","Fes-Meknes","Fes-Meknes","Sebaa Rouadi","Mezraoua",1,0.00997506234413965
"3066","Fes-Meknes","Fes-Meknes","Sebaa Rouadi","Oued Ifrane",1,0.0124688279301746
"3067","Fes-Meknes","Fes-Meknes","Sebaa Rouadi","Oued Jemaa",1,0.0149625935162095
"3068","Fes-Meknes","Fes-Meknes","Sebaa Rouadi","Rghioua",1,0.0149625935162095
"3069","Fes-Meknes","Fes-Meknes","Sebaa Rouadi","Sidi El Makhfi",3,0.0157938487115544
"3070","Fes-Meknes","Fes-Meknes","Sebaa Rouadi","Tigrigra",1,0.00498753117206983
"3071","Fes-Meknes","Fes-Meknes","Sebaa Rouadi","Timahdite",7,0.0106875667972925
"3072","Fes-Meknes","Fes-Meknes","Sidi Boutayeb","Aghbalou Aqorar",1,0.0174563591022444
"3073","Fes-Meknes","Fes-Meknes","Sidi Boutayeb","Almis Marmoucha",1,0.00997506234413965
"3074","Fes-Meknes","Fes-Meknes","Sidi Boutayeb","Enjil",1,0.00249376558603491
"3075","Fes-Meknes","Fes-Meknes","Sidi Boutayeb","Oulad Ayyad",1,0.122194513715711
"3076","Fes-Meknes","Fes-Meknes","Sidi Boutayeb","Outat El Haj",1,0.00748129675810474
"3077","Fes-Meknes","Fes-Meknes","Sidi Boutayeb","Sidi Boutayeb",1,0.109725685785536
"3078","Fes-Meknes","Fes-Meknes","Sidi El Makhfi","Aghbalou Aqorar",1.25,0.0134039900249377
"3079","Fes-Meknes","Fes-Meknes","Sidi El Makhfi","Ain Bida",1,0.00748129675810474
"3080","Fes-Meknes","Fes-Meknes","Sidi El Makhfi","Ain Bou Ali",1,0.00748129675810474
"3081","Fes-Meknes","Fes-Meknes","Sidi El Makhfi","Ain Chkef",1,0.00249376558603491
"3082","Fes-Meknes","Fes-Meknes","Sidi El Makhfi","Ain Kansra",1,0.00249376558603491
"3083","Fes-Meknes","Fes-Meknes","Sidi El Makhfi","Ain Karma- Oued Rommane",1,0.0166251039068994
"3084","Fes-Meknes","Fes-Meknes","Sidi El Makhfi","Ain Leuh",2,0.0118453865336658
"3085","Fes-Meknes","Fes-Meknes","Sidi El Makhfi","Ait Boubidmane",1,0.00249376558603491
"3086","Fes-Meknes","Fes-Meknes","Sidi El Makhfi","Ait Naamane",1.66666666666667,0.00955943474646716
"3087","Fes-Meknes","Fes-Meknes","Sidi El Makhfi","Ait Sebaa Lajrouf",2,0.0149625935162095
"3088","Fes-Meknes","Fes-Meknes","Sidi El Makhfi","Ben Smim",2,0.0361596009975062
"3089","Fes-Meknes","Fes-Meknes","Sidi El Makhfi","Bni Snous",1,0.0124688279301746
"3090","Fes-Meknes","Fes-Meknes","Sidi El Makhfi","Dayat Aoua",1,0.0698254364089776
"3091","Fes-Meknes","Fes-Meknes","Sidi El Makhfi","Fes Medina",1,0.0523690773067332
"3092","Fes-Meknes","Fes-Meknes","Sidi El Makhfi","Kandar Sidi Khiar",1,0.00249376558603491
"3093","Fes-Meknes","Fes-Meknes","Sidi El Makhfi","Laanoussar",2.33333333333333,0.00609587143252979
"3094","Fes-Meknes","Fes-Meknes","Sidi El Makhfi","Louadaine",3,0.0188417844278193
"3095","Fes-Meknes","Fes-Meknes","Sidi El Makhfi","Matmata",1,0.0174563591022444
"3096","Fes-Meknes","Fes-Meknes","Sidi El Makhfi","Mezraoua",1,0.00498753117206983
"3097","Fes-Meknes","Fes-Meknes","Sidi El Makhfi","Moulay Idriss Zarhoun",1,0.0224438902743142
"3098","Fes-Meknes","Fes-Meknes","Sidi El Makhfi","Oued Ifrane",1,0.0191188694929343
"3099","Fes-Meknes","Fes-Meknes","Sidi El Makhfi","Oued Jemaa",1,0.0199501246882793
"3100","Fes-Meknes","Fes-Meknes","Sidi El Makhfi","Oulad Mimoun",1,0.0124688279301746
"3101","Fes-Meknes","Fes-Meknes","Sidi El Makhfi","Rghioua",1,0.0199501246882793
"3102","Fes-Meknes","Fes-Meknes","Sidi El Makhfi","Sebaa Rouadi",1,0.00748129675810474
"3103","Fes-Meknes","Fes-Meknes","Sidi El Makhfi","Sidi El Makhfi",1.66666666666667,0.0141313383208645
"3104","Fes-Meknes","Fes-Meknes","Sidi El Makhfi","Tigrigra",1,0.0224438902743142
"3105","Fes-Meknes","Fes-Meknes","Sidi El Makhfi","Timahdite",2.75,0.00867622610141313
"3106","Fes-Meknes","Fes-Meknes","Tigrigra","Aghbalou Aqorar",1,0.0124688279301746
"3107","Fes-Meknes","Fes-Meknes","Tigrigra","Ain Karma- Oued Rommane",1,0.00748129675810474
"3108","Fes-Meknes","Fes-Meknes","Tigrigra","Ait Sebaa Lajrouf",2,0.0124688279301746
"3109","Fes-Meknes","Fes-Meknes","Tigrigra","Almis Marmoucha",1,0.00249376558603491
"3110","Fes-Meknes","Fes-Meknes","Tigrigra","Kandar Sidi Khiar",1,0.0149625935162095
"3111","Fes-Meknes","Fes-Meknes","Tigrigra","Laanoussar",3,0.0382377389858687
"3112","Fes-Meknes","Fes-Meknes","Tigrigra","Louadaine",1,0.00249376558603491
"3113","Fes-Meknes","Fes-Meknes","Tigrigra","Oued Ifrane",1,0.0174563591022444
"3114","Fes-Meknes","Fes-Meknes","Tigrigra","Oued Jemaa",1,0.00249376558603491
"3115","Fes-Meknes","Fes-Meknes","Tigrigra","Rghioua",1,0.0124688279301746
"3116","Fes-Meknes","Fes-Meknes","Tigrigra","Sidi El Makhfi",1,0.00249376558603491
"3117","Fes-Meknes","Fes-Meknes","Timahdite","Aghbalou Aqorar",1.375,0.00919576059850374
"3118","Fes-Meknes","Fes-Meknes","Timahdite","Ain Bida",1,0.0190149625935162
"3119","Fes-Meknes","Fes-Meknes","Timahdite","Ain Bou Ali",1,0.0196384039900249
"3120","Fes-Meknes","Fes-Meknes","Timahdite","Ain Chkef",1,0.0058187863674148
"3121","Fes-Meknes","Fes-Meknes","Timahdite","Ain Kansra",1,0.00665004156275977
"3122","Fes-Meknes","Fes-Meknes","Timahdite","Ain Karma- Oued Rommane",1,0.0108063175394846
"3123","Fes-Meknes","Fes-Meknes","Timahdite","Ain Leuh",2.125,0.0158458021612635
"3124","Fes-Meknes","Fes-Meknes","Timahdite","Ait Boubidmane",1,0.0153188457427859
"3125","Fes-Meknes","Fes-Meknes","Timahdite","Ait Naamane",2.5,0.0137676641729011
"3126","Fes-Meknes","Fes-Meknes","Timahdite","Ait Sebaa Lajrouf",1.75,0.00966334164588529
"3127","Fes-Meknes","Fes-Meknes","Timahdite","Ben Smim",1,0.00498753117206983
"3128","Fes-Meknes","Fes-Meknes","Timahdite","Bni Snous",1,0.021375133594585
"3129","Fes-Meknes","Fes-Meknes","Timahdite","Kandar Sidi Khiar",1,0.00249376558603491
"3130","Fes-Meknes","Fes-Meknes","Timahdite","Laanoussar",2.8,0.00507065669160432
"3131","Fes-Meknes","Fes-Meknes","Timahdite","Louadaine",3,0.0140274314214464
"3132","Fes-Meknes","Fes-Meknes","Timahdite","Majjate",1,0.00249376558603491
"3133","Fes-Meknes","Fes-Meknes","Timahdite","Mezraoua",1,0.0199501246882793
"3134","Fes-Meknes","Fes-Meknes","Timahdite","Moulay Idriss Zarhoun",1,0.00249376558603491
"3135","Fes-Meknes","Fes-Meknes","Timahdite","Oued Ifrane",1,0.0189526184538653
"3136","Fes-Meknes","Fes-Meknes","Timahdite","Oued Jemaa",1,0.00955943474646716
"3137","Fes-Meknes","Fes-Meknes","Timahdite","Oulad Mimoun",1,0.00561097256857855
"3138","Fes-Meknes","Fes-Meknes","Timahdite","Rghioua",1,0.0135375846099038
"3139","Fes-Meknes","Fes-Meknes","Timahdite","Sebaa Rouadi",1,0.0140274314214464
"3140","Fes-Meknes","Fes-Meknes","Timahdite","Sidi El Makhfi",3,0.0141313383208645
"3141","Fes-Meknes","Fes-Meknes","Timahdite","Tigrigra",1,0.00997506234413965
"3142","Fes-Meknes","Fes-Meknes","Timahdite","Timahdite",6.25,0.0121348414677592
"3143","Fes-Meknes","Fes-Meknes","Zrarda","Enjil",1,0.0448877805486284
"3144","Fes-Meknes","Fes-Meknes","Zrarda","Oulad Ayyad",1,0.00249376558603491
"3145","Fes-Meknes","Fes-Meknes","Zrarda","Sidi Boutayeb",2,0.043640897755611
"3146","Fes-Meknes","Marrakech-Safi","Aghbalou Aqorar","Benguerir",1,0.00249376558603491
"3147","Fes-Meknes","Marrakech-Safi","Aghbalou Aqorar","Labrikiyne",1,0.029925187032419
"3148","Fes-Meknes","Marrakech-Safi","Aghbalou Aqorar","Lamzoudia",1,0.0124688279301746
"3149","Fes-Meknes","Marrakech-Safi","Aghbalou Aqorar","M'Nabha",1,0.0224438902743142
"3150","Fes-Meknes","Marrakech-Safi","Aghbalou Aqorar","Oued L'Bour",1,0.0187032418952618
"3151","Fes-Meknes","Marrakech-Safi","Aghbalou Aqorar","Oulad Zarrad",1,0.00498753117206983
"3152","Fes-Meknes","Marrakech-Safi","Aghbalou Aqorar","Saidate",1,0.0199501246882793
"3153","Fes-Meknes","Marrakech-Safi","Aghbalou Aqorar","Taouloukoult",2,0.0187032418952618
"3154","Fes-Meknes","Marrakech-Safi","Ain Bida","Labrikiyne",1,0.00498753117206983
"3155","Fes-Meknes","Marrakech-Safi","Ain Bida","Lamzoudia",1,0.00249376558603491
"3156","Fes-Meknes","Marrakech-Safi","Ain Bida","Oued L'Bour",1,0.00748129675810474
"3157","Fes-Meknes","Marrakech-Safi","Ain Bida","Oulad Hassoune Hamri",1,0.00249376558603491
"3158","Fes-Meknes","Marrakech-Safi","Ain Bida","Oulad Zarrad",1,0.0149625935162095
"3159","Fes-Meknes","Marrakech-Safi","Ain Bou Ali","Labrikiyne",1,0.00498753117206983
"3160","Fes-Meknes","Marrakech-Safi","Ain Bou Ali","Lamzoudia",1,0.00498753117206983
"3161","Fes-Meknes","Marrakech-Safi","Ain Bou Ali","Oued L'Bour",1,0.00249376558603491
"3162","Fes-Meknes","Marrakech-Safi","Ain Bou Ali","Oulad Zarrad",1,0.0199501246882793
"3163","Fes-Meknes","Marrakech-Safi","Ain Chkef","Lamzoudia",1,0.00249376558603491
"3164","Fes-Meknes","Marrakech-Safi","Ain Chkef","Oued L'Bour",1,0.0124688279301746
"3165","Fes-Meknes","Marrakech-Safi","Ain Chkef","Oulad Zarrad",1,0.00748129675810474
"3166","Fes-Meknes","Marrakech-Safi","Ain Chkef","Saidate",1,0.00748129675810474
"3167","Fes-Meknes","Marrakech-Safi","Ain Kansra","Labrikiyne",1,0.00249376558603491
"3168","Fes-Meknes","Marrakech-Safi","Ain Kansra","Oued L'Bour",1,0.0199501246882793
"3169","Fes-Meknes","Marrakech-Safi","Ain Kansra","Oulad Zarrad",1,0.00249376558603491
"3170","Fes-Meknes","Marrakech-Safi","Ain Kansra","Saidate",1,0.00249376558603491
"3171","Fes-Meknes","Marrakech-Safi","Ain Karma- Oued Rommane","Labrikiyne",1,0.0324189526184539
"3172","Fes-Meknes","Marrakech-Safi","Ain Karma- Oued Rommane","Lamzoudia",1,0.0224438902743142
"3173","Fes-Meknes","Marrakech-Safi","Ain Karma- Oued Rommane","Oulad Zarrad",1,0.00249376558603491
"3174","Fes-Meknes","Marrakech-Safi","Ain Leuh","Labrikiyne",1,0.00498753117206983
"3175","Fes-Meknes","Marrakech-Safi","Ain Leuh","Lamzoudia",1,0.00872817955112219
"3176","Fes-Meknes","Marrakech-Safi","Ain Leuh","Oued L'Bour",1,0.0116375727348296
"3177","Fes-Meknes","Marrakech-Safi","Ain Leuh","Oulad Zarrad",1,0.0141313383208645
"3178","Fes-Meknes","Marrakech-Safi","Ain Leuh","Saidate",1,0.0124688279301746
"3179","Fes-Meknes","Marrakech-Safi","Ait Boubidmane","Labrikiyne",1,0.00249376558603491
"3180","Fes-Meknes","Marrakech-Safi","Ait Boubidmane","Oued L'Bour",1,0.0174563591022444
"3181","Fes-Meknes","Marrakech-Safi","Ait Boubidmane","Oulad Zarrad",1,0.00748129675810474
"3182","Fes-Meknes","Marrakech-Safi","Ait Naamane","Labrikiyne",1,0.00249376558603491
"3183","Fes-Meknes","Marrakech-Safi","Ait Naamane","Lamzoudia",1,0.00623441396508728
"3184","Fes-Meknes","Marrakech-Safi","Ait Naamane","Oued L'Bour",1,0.00748129675810474
"3185","Fes-Meknes","Marrakech-Safi","Ait Naamane","Oulad Zarrad",1,0.0108063175394846
"3186","Fes-Meknes","Marrakech-Safi","Ait Naamane","Saidate",1,0.00498753117206983
"3187","Fes-Meknes","Marrakech-Safi","Ait Sebaa Lajrouf","Jaafra",1,0.00498753117206983
"3188","Fes-Meknes","Marrakech-Safi","Ait Sebaa Lajrouf","Labrikiyne",1,0.029925187032419
"3189","Fes-Meknes","Marrakech-Safi","Ait Sebaa Lajrouf","Lamzoudia",1,0.0162094763092269
"3190","Fes-Meknes","Marrakech-Safi","Ait Sebaa Lajrouf","Oued L'Bour",1,0.00249376558603491
"3191","Fes-Meknes","Marrakech-Safi","Ait Sebaa Lajrouf","Oulad Zarrad",1,0.0224438902743142
"3192","Fes-Meknes","Marrakech-Safi","Almis Marmoucha","Benguerir",1,0.0249376558603491
"3193","Fes-Meknes","Marrakech-Safi","Almis Marmoucha","Jaafra",1,0.00249376558603491
"3194","Fes-Meknes","Marrakech-Safi","Almis Marmoucha","Oulad Hassoune Hamri",1,0.029925187032419
"3195","Fes-Meknes","Marrakech-Safi","Almis Marmoucha","Taouloukoult",2,0.00748129675810474
"3196","Fes-Meknes","Marrakech-Safi","Ben Smim","Lamzoudia",1,0.00748129675810474
"3197","Fes-Meknes","Marrakech-Safi","Ben Smim","M'Nabha",1,0.00249376558603491
"3198","Fes-Meknes","Marrakech-Safi","Ben Smim","Oued L'Bour",1,0.0187032418952618
"3199","Fes-Meknes","Marrakech-Safi","Ben Smim","Oulad Zarrad",1,0.00748129675810474
"3200","Fes-Meknes","Marrakech-Safi","Ben Smim","Saidate",1,0.0498753117206983
"3201","Fes-Meknes","Marrakech-Safi","Bni Snous","Labrikiyne",1,0.00249376558603491
"3202","Fes-Meknes","Marrakech-Safi","Bni Snous","Lamzoudia",1,0.00748129675810474
"3203","Fes-Meknes","Marrakech-Safi","Bni Snous","Oued L'Bour",1,0.0124688279301746
"3204","Fes-Meknes","Marrakech-Safi","Bni Snous","Oulad Zarrad",1,0.0149625935162095
"3205","Fes-Meknes","Marrakech-Safi","Dayat Aoua","Oued L'Bour",1,0.00249376558603491
"3206","Fes-Meknes","Marrakech-Safi","Dayat Aoua","Saidate",1,0.0399002493765586
"3207","Fes-Meknes","Marrakech-Safi","Enjil","M'Nabha",1,0.167082294264339
"3208","Fes-Meknes","Marrakech-Safi","Fes Medina","Oued L'Bour",1,0.00249376558603491
"3209","Fes-Meknes","Marrakech-Safi","Fes Medina","Saidate",1,0.0374064837905237
"3210","Fes-Meknes","Marrakech-Safi","Kandar Sidi Khiar","Jaafra",1,0.0423940149625935
"3211","Fes-Meknes","Marrakech-Safi","Kandar Sidi Khiar","Labrikiyne",1,0.00498753117206983
"3212","Fes-Meknes","Marrakech-Safi","Laanoussar","Jaafra",1,0.0124688279301746
"3213","Fes-Meknes","Marrakech-Safi","Laanoussar","Labrikiyne",1,0.0241064006650042
"3214","Fes-Meknes","Marrakech-Safi","Laanoussar","Lamzoudia",1,0.00374064837905237
"3215","Fes-Meknes","Marrakech-Safi","Laanoussar","Oulad Hassoune Hamri",1,0.00249376558603491
"3216","Fes-Meknes","Marrakech-Safi","Louadaine","Jaafra",1,0.00249376558603491
"3217","Fes-Meknes","Marrakech-Safi","Louadaine","Labrikiyne",1,0.0108063175394846
"3218","Fes-Meknes","Marrakech-Safi","Louadaine","Lamzoudia",1,0.0207813798836243
"3219","Fes-Meknes","Marrakech-Safi","Louadaine","Oulad Zarrad",1,0.0108063175394846
"3220","Fes-Meknes","Marrakech-Safi","Majjate","Benguerir",1,0.00498753117206983
"3221","Fes-Meknes","Marrakech-Safi","Majjate","Jaafra",1,0.0224438902743142
"3222","Fes-Meknes","Marrakech-Safi","Majjate","Oulad Hassoune Hamri",1,0.029925187032419
"3223","Fes-Meknes","Marrakech-Safi","Majjate","Taouloukoult",2,0.00249376558603491
"3224","Fes-Meknes","Marrakech-Safi","Matmata","Oulad Zarrad",1,0.00249376558603491
"3225","Fes-Meknes","Marrakech-Safi","Matmata","Saidate",1,0.0224438902743142
"3226","Fes-Meknes","Marrakech-Safi","Mezraoua","Labrikiyne",1,0.00249376558603491
"3227","Fes-Meknes","Marrakech-Safi","Mezraoua","Lamzoudia",1,0.00997506234413965
"3228","Fes-Meknes","Marrakech-Safi","Mezraoua","Oued L'Bour",1,0.0249376558603491
"3229","Fes-Meknes","Marrakech-Safi","Mezraoua","Oulad Zarrad",1,0.0324189526184539
"3230","Fes-Meknes","Marrakech-Safi","Moulay Idriss Zarhoun","Oued L'Bour",1,0.00997506234413965
"3231","Fes-Meknes","Marrakech-Safi","Moulay Idriss Zarhoun","Oulad Zarrad",1,0.00249376558603491
"3232","Fes-Meknes","Marrakech-Safi","Moulay Idriss Zarhoun","Saidate",1,0.00997506234413965
"3233","Fes-Meknes","Marrakech-Safi","Oued Ifrane","Labrikiyne",1,0.00997506234413965
"3234","Fes-Meknes","Marrakech-Safi","Oued Ifrane","Lamzoudia",1,0.0399002493765586
"3235","Fes-Meknes","Marrakech-Safi","Oued Jemaa","Jaafra",1,0.00249376558603491
"3236","Fes-Meknes","Marrakech-Safi","Oued Jemaa","Labrikiyne",1,0.0374064837905237
"3237","Fes-Meknes","Marrakech-Safi","Oued Jemaa","Lamzoudia",1,0.0249376558603491
"3238","Fes-Meknes","Marrakech-Safi","Ouizeght","Benguerir",1,0.0224438902743142
"3239","Fes-Meknes","Marrakech-Safi","Ouizeght","Jaafra",1,0.00249376558603491
"3240","Fes-Meknes","Marrakech-Safi","Ouizeght","Oulad Hassoune Hamri",1,0.0249376558603491
"3241","Fes-Meknes","Marrakech-Safi","Ouizeght","Taouloukoult",2,0.00623441396508728
"3242","Fes-Meknes","Marrakech-Safi","Oulad Mimoun","Oued L'Bour",1,0.0149625935162095
"3243","Fes-Meknes","Marrakech-Safi","Oulad Mimoun","Oulad Zarrad",1,0.00249376558603491
"3244","Fes-Meknes","Marrakech-Safi","Outat El Haj","Benguerir",1,0.0124688279301746
"3245","Fes-Meknes","Marrakech-Safi","Outat El Haj","Jaafra",1,0.00498753117206983
"3246","Fes-Meknes","Marrakech-Safi","Outat El Haj","Oulad Hassoune Hamri",1,0.029925187032419
"3247","Fes-Meknes","Marrakech-Safi","Outat El Haj","Taouloukoult",2,0.00748129675810474
"3248","Fes-Meknes","Marrakech-Safi","Rghioua","Labrikiyne",1,0.0224438902743142
"3249","Fes-Meknes","Marrakech-Safi","Rghioua","Lamzoudia",1,0.0124688279301746
"3250","Fes-Meknes","Marrakech-Safi","Sebaa Rouadi","Lamzoudia",1,0.0149625935162095
"3251","Fes-Meknes","Marrakech-Safi","Sebaa Rouadi","Oued L'Bour",1,0.0199501246882793
"3252","Fes-Meknes","Marrakech-Safi","Sebaa Rouadi","Oulad Zarrad",1,0.00997506234413965
"3253","Fes-Meknes","Marrakech-Safi","Sidi Boutayeb","Benguerir",1,0.027431421446384
"3254","Fes-Meknes","Marrakech-Safi","Sidi Boutayeb","Oulad Hassoune Hamri",1,0.00498753117206983
"3255","Fes-Meknes","Marrakech-Safi","Sidi Boutayeb","Taouloukoult",2,0.0187032418952618
"3256","Fes-Meknes","Marrakech-Safi","Sidi El Makhfi","Labrikiyne",1,0.00332502078137988
"3257","Fes-Meknes","Marrakech-Safi","Sidi El Makhfi","Lamzoudia",1,0.0166251039068994
"3258","Fes-Meknes","Marrakech-Safi","Sidi El Makhfi","Oued L'Bour",1,0.00249376558603491
"3259","Fes-Meknes","Marrakech-Safi","Sidi El Makhfi","Oulad Zarrad",1,0.0149625935162095
"3260","Fes-Meknes","Marrakech-Safi","Sidi El Makhfi","Saidate",1,0.0423940149625935
"3261","Fes-Meknes","Marrakech-Safi","Tigrigra","Jaafra",1,0.00249376558603491
"3262","Fes-Meknes","Marrakech-Safi","Tigrigra","Labrikiyne",1,0.0324189526184539
"3263","Fes-Meknes","Marrakech-Safi","Tigrigra","Lamzoudia",1,0.0149625935162095
"3264","Fes-Meknes","Marrakech-Safi","Timahdite","Labrikiyne",1,0.00561097256857855
"3265","Fes-Meknes","Marrakech-Safi","Timahdite","Lamzoudia",1,0.00605628785179907
"3266","Fes-Meknes","Marrakech-Safi","Timahdite","Oued L'Bour",1,0.0158977556109726
"3267","Fes-Meknes","Marrakech-Safi","Timahdite","Oulad Zarrad",1,0.0155860349127182
"3268","Fes-Meknes","Marrakech-Safi","Timahdite","Saidate",1,0.00249376558603491
"3269","Fes-Meknes","Marrakech-Safi","Zrarda","M'Nabha",1,0.114713216957606
"3270","Fes-Meknes","Oriental","Aghbalou Aqorar","Aghbal",2,0.0118453865336658
"3271","Fes-Meknes","Oriental","Aghbalou Aqorar","Ain Lehjer",1,0.00249376558603491
"3272","Fes-Meknes","Oriental","Aghbalou Aqorar","Ain Sfa",1,0.00997506234413965
"3273","Fes-Meknes","Oriental","Aghbalou Aqorar","Bni Khaled",2,0.0336658354114713
"3274","Fes-Meknes","Oriental","Aghbalou Aqorar","Bougriba",1,0.0187032418952618
"3275","Fes-Meknes","Oriental","Aghbalou Aqorar","Guenfouda",1,0.0199501246882793
"3276","Fes-Meknes","Oriental","Aghbalou Aqorar","Houara Oulad Raho",1,0.00997506234413965
"3277","Fes-Meknes","Oriental","Aghbalou Aqorar","Lamrija",1,0.0399002493765586
"3278","Fes-Meknes","Oriental","Aghbalou Aqorar","Madagh",1,0.0673316708229426
"3279","Fes-Meknes","Oriental","Aghbalou Aqorar","Oujda",1,0.0124688279301746
"3280","Fes-Meknes","Oriental","Aghbalou Aqorar","Sidi Moussa Lamhaya",1,0.0187032418952618
"3281","Fes-Meknes","Oriental","Aghbalou Aqorar","Zegzel",1,0.00997506234413965
"3282","Fes-Meknes","Oriental","Ain Bida","Ain Lehjer",1,0.0224438902743142
"3283","Fes-Meknes","Oriental","Ain Bida","Ain Sfa",1,0.00249376558603491
"3284","Fes-Meknes","Oriental","Ain Bida","Bni Khaled",2,0.00249376558603491
"3285","Fes-Meknes","Oriental","Ain Bida","Bougriba",1,0.00249376558603491
"3286","Fes-Meknes","Oriental","Ain Bida","Oujda",1,0.00498753117206983
"3287","Fes-Meknes","Oriental","Ain Bida","Sidi Moussa Lamhaya",1,0.00249376558603491
"3288","Fes-Meknes","Oriental","Ain Bou Ali","Ain Lehjer",1,0.00748129675810474
"3289","Fes-Meknes","Oriental","Ain Bou Ali","Ain Sfa",1,0.00498753117206983
"3290","Fes-Meknes","Oriental","Ain Bou Ali","Bni Khaled",2,0.00623441396508728
"3291","Fes-Meknes","Oriental","Ain Bou Ali","Bougriba",1,0.00498753117206983
"3292","Fes-Meknes","Oriental","Ain Bou Ali","Madagh",1,0.00249376558603491
"3293","Fes-Meknes","Oriental","Ain Bou Ali","Oujda",1,0.00249376558603491
"3294","Fes-Meknes","Oriental","Ain Bou Ali","Sidi Moussa Lamhaya",1,0.00997506234413965
"3295","Fes-Meknes","Oriental","Ain Chkef","Aghbal",1,0.00997506234413965
"3296","Fes-Meknes","Oriental","Ain Chkef","Ain Lehjer",1,0.00498753117206983
"3297","Fes-Meknes","Oriental","Ain Chkef","Bougriba",1,0.029925187032419
"3298","Fes-Meknes","Oriental","Ain Chkef","Lamrija",1,0.00249376558603491
"3299","Fes-Meknes","Oriental","Ain Chkef","Oujda",1,0.0124688279301746
"3300","Fes-Meknes","Oriental","Ain Chkef","Sidi Moussa Lamhaya",1,0.0174563591022444
"3301","Fes-Meknes","Oriental","Ain Kansra","Aghbal",1.5,0.00249376558603491
"3302","Fes-Meknes","Oriental","Ain Kansra","Ain Lehjer",1,0.00748129675810474
"3303","Fes-Meknes","Oriental","Ain Kansra","Bougriba",1,0.029925187032419
"3304","Fes-Meknes","Oriental","Ain Kansra","Houara Oulad Raho",2,0.104738154613466
"3305","Fes-Meknes","Oriental","Ain Kansra","Lamrija",1,0.00249376558603491
"3306","Fes-Meknes","Oriental","Ain Kansra","Oujda",1,0.027431421446384
"3307","Fes-Meknes","Oriental","Ain Kansra","Sidi Moussa Lamhaya",1,0.0224438902743142
"3308","Fes-Meknes","Oriental","Ain Karma- Oued Rommane","Ain Sfa",1,0.0224438902743142
"3309","Fes-Meknes","Oriental","Ain Karma- Oued Rommane","Bni Khaled",2,0.0249376558603491
"3310","Fes-Meknes","Oriental","Ain Karma- Oued Rommane","Guenfouda",1,0.0149625935162095
"3311","Fes-Meknes","Oriental","Ain Karma- Oued Rommane","Sidi Moussa Lamhaya",1,0.0149625935162095
"3312","Fes-Meknes","Oriental","Ain Leuh","Aghbal",2,0.0162094763092269
"3313","Fes-Meknes","Oriental","Ain Leuh","Ain Lehjer",1,0.0174563591022444
"3314","Fes-Meknes","Oriental","Ain Leuh","Ain Sfa",1,0.00498753117206983
"3315","Fes-Meknes","Oriental","Ain Leuh","Bni Khaled",1.5,0.0043640897755611
"3316","Fes-Meknes","Oriental","Ain Leuh","Bougriba",1,0.00831255195344971
"3317","Fes-Meknes","Oriental","Ain Leuh","Lamrija",1,0.0199501246882793
"3318","Fes-Meknes","Oriental","Ain Leuh","Oujda",1,0.00498753117206983
"3319","Fes-Meknes","Oriental","Ain Leuh","Sidi Moussa Lamhaya",1,0.00498753117206983
"3320","Fes-Meknes","Oriental","Ait Boubidmane","Ain Lehjer",1,0.00997506234413965
"3321","Fes-Meknes","Oriental","Ait Boubidmane","Bougriba",1,0.0349127182044888
"3322","Fes-Meknes","Oriental","Ait Boubidmane","Oujda",1,0.0224438902743142
"3323","Fes-Meknes","Oriental","Ait Boubidmane","Sidi Moussa Lamhaya",1,0.0224438902743142
"3324","Fes-Meknes","Oriental","Ait Naamane","Aghbal",1,0.00249376558603491
"3325","Fes-Meknes","Oriental","Ait Naamane","Ain Lehjer",1,0.0141313383208645
"3326","Fes-Meknes","Oriental","Ait Naamane","Ain Sfa",1,0.00498753117206983
"3327","Fes-Meknes","Oriental","Ait Naamane","Bni Khaled",2,0.00498753117206983
"3328","Fes-Meknes","Oriental","Ait Naamane","Bougriba",1,0.0141313383208645
"3329","Fes-Meknes","Oriental","Ait Naamane","Guenfouda",1,0.00249376558603491
"3330","Fes-Meknes","Oriental","Ait Naamane","Lamrija",1,0.00498753117206983
"3331","Fes-Meknes","Oriental","Ait Naamane","Oujda",1,0.0149625935162095
"3332","Fes-Meknes","Oriental","Ait Naamane","Sidi Moussa Lamhaya",1.33333333333333,0.0170407315045719
"3333","Fes-Meknes","Oriental","Ait Sebaa Lajrouf","Aghbal",1,0.00249376558603491
"3334","Fes-Meknes","Oriental","Ait Sebaa Lajrouf","Ain Lehjer",1,0.00748129675810474
"3335","Fes-Meknes","Oriental","Ait Sebaa Lajrouf","Ain Sfa",1,0.013715710723192
"3336","Fes-Meknes","Oriental","Ait Sebaa Lajrouf","Bni Khaled",2,0.0187032418952618
"3337","Fes-Meknes","Oriental","Ait Sebaa Lajrouf","Bougriba",1,0.00498753117206983
"3338","Fes-Meknes","Oriental","Ait Sebaa Lajrouf","Guenfouda",1,0.0199501246882793
"3339","Fes-Meknes","Oriental","Ait Sebaa Lajrouf","Sidi Moussa Lamhaya",1,0.0199501246882793
"3340","Fes-Meknes","Oriental","Almis Marmoucha","Ahl Angad",1,0.0174563591022444
"3341","Fes-Meknes","Oriental","Almis Marmoucha","Ain Lehjer",1,0.0174563591022444
"3342","Fes-Meknes","Oriental","Almis Marmoucha","Bougriba",1,0.0149625935162095
"3343","Fes-Meknes","Oriental","Almis Marmoucha","Guenfouda",1,0.0598503740648379
"3344","Fes-Meknes","Oriental","Almis Marmoucha","Houara Oulad Raho",1,0.0124688279301746
"3345","Fes-Meknes","Oriental","Almis Marmoucha","Sidi Boulenouar",1,0.027431421446384
"3346","Fes-Meknes","Oriental","Almis Marmoucha","Sidi Moussa Lamhaya",1,0.0224438902743142
"3347","Fes-Meknes","Oriental","Almis Marmoucha","Zegzel",1,0.0124688279301746
"3348","Fes-Meknes","Oriental","Ben Smim","Aghbal",2,0.0155860349127182
"3349","Fes-Meknes","Oriental","Ben Smim","Ain Lehjer",1,0.00249376558603491
"3350","Fes-Meknes","Oriental","Ben Smim","Bougriba",1,0.0224438902743142
"3351","Fes-Meknes","Oriental","Ben Smim","Houara Oulad Raho",2,0.0149625935162095
"3352","Fes-Meknes","Oriental","Ben Smim","Lamrija",1,0.00872817955112219
"3353","Fes-Meknes","Oriental","Ben Smim","Oujda",1,0.0199501246882793
"3354","Fes-Meknes","Oriental","Ben Smim","Sidi Moussa Lamhaya",1,0.00748129675810474
"3355","Fes-Meknes","Oriental","Bni Snous","Ain Lehjer",1,0.0174563591022444
"3356","Fes-Meknes","Oriental","Bni Snous","Ain Sfa",1,0.00249376558603491
"3357","Fes-Meknes","Oriental","Bni Snous","Bougriba",1,0.0224438902743142
"3358","Fes-Meknes","Oriental","Bni Snous","Oujda",1,0.0124688279301746
"3359","Fes-Meknes","Oriental","Bni Snous","Sidi Moussa Lamhaya",1,0.0174563591022444
"3360","Fes-Meknes","Oriental","Dayat Aoua","Aghbal",2,0.0411471321695761
"3361","Fes-Meknes","Oriental","Dayat Aoua","Houara Oulad Raho",2,0.00498753117206983
"3362","Fes-Meknes","Oriental","Dayat Aoua","Lamrija",1,0.0498753117206983
"3363","Fes-Meknes","Oriental","Dayat Aoua","Sidi Moussa Lamhaya",1,0.00748129675810474
"3364","Fes-Meknes","Oriental","Enjil","Madagh",1,0.00748129675810474
"3365","Fes-Meknes","Oriental","Fes Medina","Aghbal",2,0.0349127182044888
"3366","Fes-Meknes","Oriental","Fes Medina","Bougriba",1,0.00249376558603491
"3367","Fes-Meknes","Oriental","Fes Medina","Lamrija",1,0.0324189526184539
"3368","Fes-Meknes","Oriental","Fes Medina","Oujda",1,0.00748129675810474
"3369","Fes-Meknes","Oriental","Fes Medina","Sidi Moussa Lamhaya",1,0.00997506234413965
"3370","Fes-Meknes","Oriental","Kandar Sidi Khiar","Aghbal",1,0.0199501246882793
"3371","Fes-Meknes","Oriental","Kandar Sidi Khiar","Ahl Angad",1,0.00249376558603491
"3372","Fes-Meknes","Oriental","Kandar Sidi Khiar","Ain Lehjer",1,0.00498753117206983
"3373","Fes-Meknes","Oriental","Kandar Sidi Khiar","Ain Sfa",1,0.00748129675810474
"3374","Fes-Meknes","Oriental","Kandar Sidi Khiar","Bni Khaled",2,0.00997506234413965
"3375","Fes-Meknes","Oriental","Kandar Sidi Khiar","Bougriba",1,0.00748129675810474
"3376","Fes-Meknes","Oriental","Kandar Sidi Khiar","Guenfouda",2,0.00997506234413965
"3377","Fes-Meknes","Oriental","Kandar Sidi Khiar","Sidi Moussa Lamhaya",1,0.0149625935162095
"3378","Fes-Meknes","Oriental","Laanoussar","Aghbal",1,0.0058187863674148
"3379","Fes-Meknes","Oriental","Laanoussar","Ahl Angad",1,0.00498753117206983
"3380","Fes-Meknes","Oriental","Laanoussar","Ain Lehjer",1,0.00249376558603491
"3381","Fes-Meknes","Oriental","Laanoussar","Ain Sfa",1,0.0448877805486284
"3382","Fes-Meknes","Oriental","Laanoussar","Bni Khaled",2,0.0353283458021613
"3383","Fes-Meknes","Oriental","Laanoussar","Bougriba",1,0.00249376558603491
"3384","Fes-Meknes","Oriental","Laanoussar","Guenfouda",1.33333333333333,0.0295095594347465
"3385","Fes-Meknes","Oriental","Laanoussar","Sidi Moussa Lamhaya",1,0.028262676641729
"3386","Fes-Meknes","Oriental","Louadaine","Ain Lehjer",1,0.0141313383208645
"3387","Fes-Meknes","Oriental","Louadaine","Ain Sfa",1,0.00748129675810474
"3388","Fes-Meknes","Oriental","Louadaine","Bni Khaled",1.66666666666667,0.00706566916043225
"3389","Fes-Meknes","Oriental","Louadaine","Bougriba",1,0.00249376558603491
"3390","Fes-Meknes","Oriental","Louadaine","Guenfouda",1,0.0112219451371571
"3391","Fes-Meknes","Oriental","Louadaine","Oujda",1,0.00332502078137988
"3392","Fes-Meknes","Oriental","Louadaine","Sidi Moussa Lamhaya",1.33333333333333,0.0058187863674148
"3393","Fes-Meknes","Oriental","Majjate","Aghbal",1,0.0174563591022444
"3394","Fes-Meknes","Oriental","Majjate","Ahl Angad",1,0.0124688279301746
"3395","Fes-Meknes","Oriental","Majjate","Ain Lehjer",1,0.0399002493765586
"3396","Fes-Meknes","Oriental","Majjate","Bni Khaled",1,0.00249376558603491
"3397","Fes-Meknes","Oriental","Majjate","Bougriba",1,0.029925187032419
"3398","Fes-Meknes","Oriental","Majjate","Guenfouda",1,0.0174563591022444
"3399","Fes-Meknes","Oriental","Majjate","Houara Oulad Raho",1,0.00498753117206983
"3400","Fes-Meknes","Oriental","Majjate","Sidi Boulenouar",1,0.00249376558603491
"3401","Fes-Meknes","Oriental","Majjate","Sidi Moussa Lamhaya",1,0.00748129675810474
"3402","Fes-Meknes","Oriental","Majjate","Zegzel",1,0.00249376558603491
"3403","Fes-Meknes","Oriental","Matmata","Aghbal",2,0.0187032418952618
"3404","Fes-Meknes","Oriental","Matmata","Houara Oulad Raho",2,0.143391521197007
"3405","Fes-Meknes","Oriental","Matmata","Lamrija",1,0.0224438902743142
"3406","Fes-Meknes","Oriental","Mezraoua","Ain Lehjer",1,0.00748129675810474
"3407","Fes-Meknes","Oriental","Mezraoua","Ain Sfa",1,0.00249376558603491
"3408","Fes-Meknes","Oriental","Mezraoua","Bni Khaled",2,0.00249376558603491
"3409","Fes-Meknes","Oriental","Mezraoua","Bougriba",1,0.0124688279301746
"3410","Fes-Meknes","Oriental","Mezraoua","Oujda",1,0.00498753117206983
"3411","Fes-Meknes","Oriental","Mezraoua","Sidi Moussa Lamhaya",1,0.0249376558603491
"3412","Fes-Meknes","Oriental","Moulay Idriss Zarhoun","Aghbal",2,0.0162094763092269
"3413","Fes-Meknes","Oriental","Moulay Idriss Zarhoun","Bougriba",2,0.00623441396508728
"3414","Fes-Meknes","Oriental","Moulay Idriss Zarhoun","Lamrija",1,0.0174563591022444
"3415","Fes-Meknes","Oriental","Moulay Idriss Zarhoun","Oujda",1,0.00997506234413965
"3416","Fes-Meknes","Oriental","Moulay Idriss Zarhoun","Sidi Moussa Lamhaya",1,0.00498753117206983
"3417","Fes-Meknes","Oriental","Oued Ifrane","Ain Sfa",1,0.00748129675810474
"3418","Fes-Meknes","Oriental","Oued Ifrane","Bni Khaled",2,0.0124688279301746
"3419","Fes-Meknes","Oriental","Oued Ifrane","Guenfouda",1,0.0224438902743142
"3420","Fes-Meknes","Oriental","Oued Ifrane","Sidi Moussa Lamhaya",1,0.0174563591022444
"3421","Fes-Meknes","Oriental","Oued Jemaa","Ain Lehjer",1,0.00498753117206983
"3422","Fes-Meknes","Oriental","Oued Jemaa","Ain Sfa",1,0.0174563591022444
"3423","Fes-Meknes","Oriental","Oued Jemaa","Bni Khaled",2,0.0162094763092269
"3424","Fes-Meknes","Oriental","Oued Jemaa","Guenfouda",1,0.0224438902743142
"3425","Fes-Meknes","Oriental","Oued Jemaa","Sidi Moussa Lamhaya",1,0.0174563591022444
"3426","Fes-Meknes","Oriental","Ouislane","Aghbal",1,0.00249376558603491
"3427","Fes-Meknes","Oriental","Ouislane","Houara Oulad Raho",2,0.057356608478803
"3428","Fes-Meknes","Oriental","Ouizeght","Aghbal",1,0.00498753117206983
"3429","Fes-Meknes","Oriental","Ouizeght","Ahl Angad",1,0.0399002493765586
"3430","Fes-Meknes","Oriental","Ouizeght","Ain Lehjer",1,0.0174563591022444
"3431","Fes-Meknes","Oriental","Ouizeght","Bougriba",1,0.0224438902743142
"3432","Fes-Meknes","Oriental","Ouizeght","Guenfouda",1,0.0548628428927681
"3433","Fes-Meknes","Oriental","Ouizeght","Houara Oulad Raho",1,0.0199501246882793
"3434","Fes-Meknes","Oriental","Ouizeght","Sidi Boulenouar",1,0.0149625935162095
"3435","Fes-Meknes","Oriental","Ouizeght","Sidi Moussa Lamhaya",1,0.0199501246882793
"3436","Fes-Meknes","Oriental","Ouizeght","Zegzel",1,0.0149625935162095
"3437","Fes-Meknes","Oriental","Oulad Ayyad","Sidi Moussa Lamhaya",1,0.374064837905237
"3438","Fes-Meknes","Oriental","Oulad Mimoun","Aghbal",2,0.00249376558603491
"3439","Fes-Meknes","Oriental","Oulad Mimoun","Bougriba",1,0.00748129675810474
"3440","Fes-Meknes","Oriental","Oulad Mimoun","Lamrija",1,0.00498753117206983
"3441","Fes-Meknes","Oriental","Oulad Mimoun","Oujda",1,0.0149625935162095
"3442","Fes-Meknes","Oriental","Oulad Mimoun","Sidi Moussa Lamhaya",1,0.0174563591022444
"3443","Fes-Meknes","Oriental","Outat El Haj","Aghbal",1,0.00249376558603491
"3444","Fes-Meknes","Oriental","Outat El Haj","Ahl Angad",1,0.0498753117206983
"3445","Fes-Meknes","Oriental","Outat El Haj","Ain Lehjer",1,0.00498753117206983
"3446","Fes-Meknes","Oriental","Outat El Haj","Bougriba",1,0.0448877805486284
"3447","Fes-Meknes","Oriental","Outat El Haj","Guenfouda",1,0.0199501246882793
"3448","Fes-Meknes","Oriental","Outat El Haj","Houara Oulad Raho",1,0.00249376558603491
"3449","Fes-Meknes","Oriental","Outat El Haj","Madagh",1,0.00249376558603491
"3450","Fes-Meknes","Oriental","Outat El Haj","Sidi Boulenouar",1,0.0199501246882793
"3451","Fes-Meknes","Oriental","Outat El Haj","Sidi Moussa Lamhaya",1,0.0124688279301746
"3452","Fes-Meknes","Oriental","Outat El Haj","Zegzel",1,0.0199501246882793
"3453","Fes-Meknes","Oriental","Rghioua","Ain Lehjer",1,0.00249376558603491
"3454","Fes-Meknes","Oriental","Rghioua","Ain Sfa",1,0.00997506234413965
"3455","Fes-Meknes","Oriental","Rghioua","Bni Khaled",2,0.0124688279301746
"3456","Fes-Meknes","Oriental","Rghioua","Guenfouda",1,0.0124688279301746
"3457","Fes-Meknes","Oriental","Rghioua","Sidi Moussa Lamhaya",2,0.0112219451371571
"3458","Fes-Meknes","Oriental","Sebaa Rouadi","Ain Lehjer",1,0.0174563591022444
"3459","Fes-Meknes","Oriental","Sebaa Rouadi","Bni Khaled",1,0.00748129675810474
"3460","Fes-Meknes","Oriental","Sebaa Rouadi","Bougriba",1,0.00997506234413965
"3461","Fes-Meknes","Oriental","Sebaa Rouadi","Oujda",1,0.00748129675810474
"3462","Fes-Meknes","Oriental","Sebaa Rouadi","Sidi Moussa Lamhaya",1,0.0124688279301746
"3463","Fes-Meknes","Oriental","Sidi Boutayeb","Aghbal",1,0.00249376558603491
"3464","Fes-Meknes","Oriental","Sidi Boutayeb","Ahl Angad",1,0.00748129675810474
"3465","Fes-Meknes","Oriental","Sidi Boutayeb","Bougriba",1,0.00748129675810474
"3466","Fes-Meknes","Oriental","Sidi Boutayeb","Guenfouda",1,0.00997506234413965
"3467","Fes-Meknes","Oriental","Sidi Boutayeb","Houara Oulad Raho",1,0.027431421446384
"3468","Fes-Meknes","Oriental","Sidi Boutayeb","Madagh",1,0.0149625935162095
"3469","Fes-Meknes","Oriental","Sidi Boutayeb","Sidi Boulenouar",1,0.0349127182044888
"3470","Fes-Meknes","Oriental","Sidi Boutayeb","Sidi Moussa Lamhaya",1,0.0207813798836243
"3471","Fes-Meknes","Oriental","Sidi Boutayeb","Zegzel",1,0.0249376558603491
"3472","Fes-Meknes","Oriental","Sidi El Makhfi","Aghbal",2,0.0324189526184539
"3473","Fes-Meknes","Oriental","Sidi El Makhfi","Ain Lehjer",1,0.0157938487115544
"3474","Fes-Meknes","Oriental","Sidi El Makhfi","Ain Sfa",1,0.00498753117206983
"3475","Fes-Meknes","Oriental","Sidi El Makhfi","Bni Khaled",1.66666666666667,0.00623441396508728
"3476","Fes-Meknes","Oriental","Sidi El Makhfi","Bougriba",1,0.00374064837905237
"3477","Fes-Meknes","Oriental","Sidi El Makhfi","Guenfouda",1,0.00332502078137988
"3478","Fes-Meknes","Oriental","Sidi El Makhfi","Houara Oulad Raho",2,0.0149625935162095
"3479","Fes-Meknes","Oriental","Sidi El Makhfi","Lamrija",1,0.029925187032419
"3480","Fes-Meknes","Oriental","Sidi El Makhfi","Oujda",1,0.00498753117206983
"3481","Fes-Meknes","Oriental","Sidi El Makhfi","Sidi Moussa Lamhaya",1.33333333333333,0.00415627597672485
"3482","Fes-Meknes","Oriental","Tigrigra","Ain Sfa",1,0.0199501246882793
"3483","Fes-Meknes","Oriental","Tigrigra","Bni Khaled",2,0.027431421446384
"3484","Fes-Meknes","Oriental","Tigrigra","Guenfouda",1,0.0199501246882793
"3485","Fes-Meknes","Oriental","Tigrigra","Sidi Moussa Lamhaya",1,0.00748129675810474
"3486","Fes-Meknes","Oriental","Timahdite","Aghbal",1,0.00249376558603491
"3487","Fes-Meknes","Oriental","Timahdite","Ain Lehjer",1,0.0143391521197007
"3488","Fes-Meknes","Oriental","Timahdite","Ain Sfa",1,0.00498753117206983
"3489","Fes-Meknes","Oriental","Timahdite","Bni Khaled",1.75,0.003428927680798
"3490","Fes-Meknes","Oriental","Timahdite","Bougriba",1.125,0.0165211970074813
"3491","Fes-Meknes","Oriental","Timahdite","Guenfouda",1,0.00498753117206983
"3492","Fes-Meknes","Oriental","Timahdite","Lamrija",1,0.00249376558603491
"3493","Fes-Meknes","Oriental","Timahdite","Oujda",1,0.0155860349127182
"3494","Fes-Meknes","Oriental","Timahdite","Sidi Boulenouar",1,0.00249376558603491
"3495","Fes-Meknes","Oriental","Timahdite","Sidi Moussa Lamhaya",1.375,0.0144950124688279
"3496","Fes-Meknes","Rabat-Sale-Kenitra","Aghbalou Aqorar","Agdal Riyad",1,0.00249376558603491
"3497","Fes-Meknes","Rabat-Sale-Kenitra","Aghbalou Aqorar","Ain Attig",2,0.027431421446384
"3498","Fes-Meknes","Rabat-Sale-Kenitra","Aghbalou Aqorar","Ait Ikkou",1,0.0124688279301746
"3499","Fes-Meknes","Rabat-Sale-Kenitra","Aghbalou Aqorar","Arbaoua",1,0.0224438902743142
"3500","Fes-Meknes","Rabat-Sale-Kenitra","Aghbalou Aqorar","Boumaiz",1,0.00498753117206983
"3501","Fes-Meknes","Rabat-Sale-Kenitra","Aghbalou Aqorar","El Kansera",1,0.0108063175394846
"3502","Fes-Meknes","Rabat-Sale-Kenitra","Aghbalou Aqorar","Lalla Mimouna",1,0.0157938487115544
"3503","Fes-Meknes","Rabat-Sale-Kenitra","Aghbalou Aqorar","Maaziz",1,0.00748129675810474
"3504","Fes-Meknes","Rabat-Sale-Kenitra","Aghbalou Aqorar","Sidi Mohamed Lahmar",1,0.00249376558603491
"3505","Fes-Meknes","Rabat-Sale-Kenitra","Aghbalou Aqorar","Sidi Yahya Zaer",1,0.00997506234413965
"3506","Fes-Meknes","Rabat-Sale-Kenitra","Aghbalou Aqorar","Zaggota",1,0.00748129675810474
"3507","Fes-Meknes","Rabat-Sale-Kenitra","Ain Bida","Ain Attig",1,0.0149625935162095
"3508","Fes-Meknes","Rabat-Sale-Kenitra","Ain Bida","El Kansera",1,0.0224438902743142
"3509","Fes-Meknes","Rabat-Sale-Kenitra","Ain Bida","Sidi Yahya Zaer",1,0.0174563591022444
"3510","Fes-Meknes","Rabat-Sale-Kenitra","Ain Bou Ali","Ain Attig",1,0.029925187032419
"3511","Fes-Meknes","Rabat-Sale-Kenitra","Ain Bou Ali","El Kansera",1,0.0124688279301746
"3512","Fes-Meknes","Rabat-Sale-Kenitra","Ain Bou Ali","Sidi Yahya Zaer",1,0.0124688279301746
"3513","Fes-Meknes","Rabat-Sale-Kenitra","Ain Bou Ali","Zaggota",1,0.00249376558603491
"3514","Fes-Meknes","Rabat-Sale-Kenitra","Ain Chkef","Ain Attig",1,0.00249376558603491
"3515","Fes-Meknes","Rabat-Sale-Kenitra","Ain Chkef","El Kansera",1,0.00997506234413965
"3516","Fes-Meknes","Rabat-Sale-Kenitra","Ain Chkef","Lalla Mimouna",1,0.00748129675810474
"3517","Fes-Meknes","Rabat-Sale-Kenitra","Ain Chkef","Sidi Yahya Zaer",1,0.00249376558603491
"3518","Fes-Meknes","Rabat-Sale-Kenitra","Ain Kansra","El Kansera",1,0.00997506234413965
"3519","Fes-Meknes","Rabat-Sale-Kenitra","Ain Kansra","Sidi Yahya Zaer",1,0.00748129675810474
"3520","Fes-Meknes","Rabat-Sale-Kenitra","Ain Karma- Oued Rommane","Ain Attig",2,0.0199501246882793
"3521","Fes-Meknes","Rabat-Sale-Kenitra","Ain Karma- Oued Rommane","Sidi Yahya Zaer",1,0.00249376558603491
"3522","Fes-Meknes","Rabat-Sale-Kenitra","Ain Leuh","Ain Attig",2,0.00685785536159601
"3523","Fes-Meknes","Rabat-Sale-Kenitra","Ain Leuh","El Kansera",1,0.0211970074812968
"3524","Fes-Meknes","Rabat-Sale-Kenitra","Ain Leuh","Lalla Mimouna",1,0.00997506234413965
"3525","Fes-Meknes","Rabat-Sale-Kenitra","Ain Leuh","Sidi Yahya Zaer",1,0.0157938487115544
"3526","Fes-Meknes","Rabat-Sale-Kenitra","Ait Boubidmane","El Kansera",1,0.0199501246882793
"3527","Fes-Meknes","Rabat-Sale-Kenitra","Ait Boubidmane","Sidi Yahya Zaer",1,0.00748129675810474
"3528","Fes-Meknes","Rabat-Sale-Kenitra","Ait Naamane","Ain Attig",2,0.00872817955112219
"3529","Fes-Meknes","Rabat-Sale-Kenitra","Ait Naamane","Ait Ikkou",1,0.00249376558603491
"3530","Fes-Meknes","Rabat-Sale-Kenitra","Ait Naamane","Brachoua",1,0.00249376558603491
"3531","Fes-Meknes","Rabat-Sale-Kenitra","Ait Naamane","El Kansera",1,0.0149625935162095
"3532","Fes-Meknes","Rabat-Sale-Kenitra","Ait Naamane","Lalla Mimouna",1,0.00249376558603491
"3533","Fes-Meknes","Rabat-Sale-Kenitra","Ait Naamane","Sidi Yahya Zaer",1,0.0116375727348296
"3534","Fes-Meknes","Rabat-Sale-Kenitra","Ait Sebaa Lajrouf","Ain Attig",1.5,0.0155860349127182
"3535","Fes-Meknes","Rabat-Sale-Kenitra","Ait Sebaa Lajrouf","El Kansera",1,0.00997506234413965
"3536","Fes-Meknes","Rabat-Sale-Kenitra","Ait Sebaa Lajrouf","Sidi Yahya Zaer",1,0.0149625935162095
"3537","Fes-Meknes","Rabat-Sale-Kenitra","Almis Marmoucha","Ait Ikkou",1,0.00249376558603491
"3538","Fes-Meknes","Rabat-Sale-Kenitra","Almis Marmoucha","Boumaiz",1,0.0399002493765586
"3539","Fes-Meknes","Rabat-Sale-Kenitra","Almis Marmoucha","Brachoua",1,0.00748129675810474
"3540","Fes-Meknes","Rabat-Sale-Kenitra","Almis Marmoucha","Lalla Mimouna",1,0.0199501246882793
"3541","Fes-Meknes","Rabat-Sale-Kenitra","Almis Marmoucha","Maaziz",1,0.00249376558603491
"3542","Fes-Meknes","Rabat-Sale-Kenitra","Almis Marmoucha","Sidi Mohamed Lahmar",1,0.00997506234413965
"3543","Fes-Meknes","Rabat-Sale-Kenitra","Almis Marmoucha","Sidi Yahya Zaer",1,0.027431421446384
"3544","Fes-Meknes","Rabat-Sale-Kenitra","Almis Marmoucha","Zaggota",1,0.00997506234413965
"3545","Fes-Meknes","Rabat-Sale-Kenitra","Ben Smim","El Kansera",1,0.00498753117206983
"3546","Fes-Meknes","Rabat-Sale-Kenitra","Ben Smim","Lalla Mimouna",1,0.0087281795511222
"3547","Fes-Meknes","Rabat-Sale-Kenitra","Bni Snous","El Kansera",1,0.0349127182044888
"3548","Fes-Meknes","Rabat-Sale-Kenitra","Bni Snous","Sidi Yahya Zaer",1,0.0224438902743142
"3549","Fes-Meknes","Rabat-Sale-Kenitra","Dayat Aoua","Lalla Mimouna",1,0.0349127182044888
"3550","Fes-Meknes","Rabat-Sale-Kenitra","Enjil","Agdal Riyad",1,0.0399002493765586
"3551","Fes-Meknes","Rabat-Sale-Kenitra","Enjil","Arbaoua",1,0.174563591022444
"3552","Fes-Meknes","Rabat-Sale-Kenitra","Enjil","Maaziz",1,0.127182044887781
"3553","Fes-Meknes","Rabat-Sale-Kenitra","Fes Medina","Lalla Mimouna",1,0.0324189526184539
"3554","Fes-Meknes","Rabat-Sale-Kenitra","Kandar Sidi Khiar","Ain Attig",1,0.00249376558603491
"3555","Fes-Meknes","Rabat-Sale-Kenitra","Kandar Sidi Khiar","Brachoua",1,0.0249376558603491
"3556","Fes-Meknes","Rabat-Sale-Kenitra","Laanoussar","Agdal Riyad",1,0.00249376558603491
"3557","Fes-Meknes","Rabat-Sale-Kenitra","Laanoussar","Ain Attig",1.33333333333333,0.0245220282626766
"3558","Fes-Meknes","Rabat-Sale-Kenitra","Laanoussar","Brachoua",1,0.0108063175394846
"3559","Fes-Meknes","Rabat-Sale-Kenitra","Laanoussar","Sidi Yahya Zaer",1,0.00249376558603491
"3560","Fes-Meknes","Rabat-Sale-Kenitra","Louadaine","Ain Attig",2,0.013715710723192
"3561","Fes-Meknes","Rabat-Sale-Kenitra","Louadaine","El Kansera",1,0.00831255195344971
"3562","Fes-Meknes","Rabat-Sale-Kenitra","Louadaine","Sidi Yahya Zaer",1,0.00914380714879468
"3563","Fes-Meknes","Rabat-Sale-Kenitra","Majjate","Ait Ikkou",1,0.00498753117206983
"3564","Fes-Meknes","Rabat-Sale-Kenitra","Majjate","Boumaiz",1,0.00249376558603491
"3565","Fes-Meknes","Rabat-Sale-Kenitra","Majjate","Brachoua",1,0.0324189526184539
"3566","Fes-Meknes","Rabat-Sale-Kenitra","Majjate","Sidi Mohamed Lahmar",1,0.00498753117206983
"3567","Fes-Meknes","Rabat-Sale-Kenitra","Majjate","Sidi Yahya Zaer",1,0.0149625935162095
"3568","Fes-Meknes","Rabat-Sale-Kenitra","Matmata","Lalla Mimouna",1,0.00748129675810474
"3569","Fes-Meknes","Rabat-Sale-Kenitra","Mezraoua","Ain Attig",2,0.00249376558603491
"3570","Fes-Meknes","Rabat-Sale-Kenitra","Mezraoua","El Kansera",1,0.0224438902743142
"3571","Fes-Meknes","Rabat-Sale-Kenitra","Mezraoua","Sidi Yahya Zaer",1,0.0174563591022444
"3572","Fes-Meknes","Rabat-Sale-Kenitra","Moulay Idriss Zarhoun","El Kansera",1,0.00498753117206983
"3573","Fes-Meknes","Rabat-Sale-Kenitra","Moulay Idriss Zarhoun","Lalla Mimouna",1,0.0174563591022444
"3574","Fes-Meknes","Rabat-Sale-Kenitra","Oued Ifrane","Ain Attig",2,0.0249376558603491
"3575","Fes-Meknes","Rabat-Sale-Kenitra","Oued Ifrane","Brachoua",1,0.00249376558603491
"3576","Fes-Meknes","Rabat-Sale-Kenitra","Oued Jemaa","Ain Attig",2,0.0211970074812968
"3577","Fes-Meknes","Rabat-Sale-Kenitra","Ouizeght","Ait Ikkou",1,0.00249376558603491
"3578","Fes-Meknes","Rabat-Sale-Kenitra","Ouizeght","Boumaiz",1,0.0324189526184539
"3579","Fes-Meknes","Rabat-Sale-Kenitra","Ouizeght","Brachoua",1,0.00748129675810474
"3580","Fes-Meknes","Rabat-Sale-Kenitra","Ouizeght","Lalla Mimouna",1,0.0199501246882793
"3581","Fes-Meknes","Rabat-Sale-Kenitra","Ouizeght","Sidi Mohamed Lahmar",1,0.00997506234413965
"3582","Fes-Meknes","Rabat-Sale-Kenitra","Ouizeght","Sidi Yahya Zaer",1,0.0224438902743142
"3583","Fes-Meknes","Rabat-Sale-Kenitra","Ouizeght","Zaggota",1,0.0124688279301746
"3584","Fes-Meknes","Rabat-Sale-Kenitra","Oulad Mimoun","Lalla Mimouna",1,0.00748129675810474
"3585","Fes-Meknes","Rabat-Sale-Kenitra","Oulad Mimoun","Sidi Yahya Zaer",1,0.00249376558603491
"3586","Fes-Meknes","Rabat-Sale-Kenitra","Outat El Haj","Agdal Riyad",1,0.00249376558603491
"3587","Fes-Meknes","Rabat-Sale-Kenitra","Outat El Haj","Ait Ikkou",1,0.0124688279301746
"3588","Fes-Meknes","Rabat-Sale-Kenitra","Outat El Haj","Boumaiz",1,0.0249376558603491
"3589","Fes-Meknes","Rabat-Sale-Kenitra","Outat El Haj","Lalla Mimouna",1,0.00748129675810474
"3590","Fes-Meknes","Rabat-Sale-Kenitra","Outat El Haj","Sidi Mohamed Lahmar",1,0.0249376558603491
"3591","Fes-Meknes","Rabat-Sale-Kenitra","Outat El Haj","Sidi Yahya Zaer",1,0.0199501246882793
"3592","Fes-Meknes","Rabat-Sale-Kenitra","Outat El Haj","Zaggota",1,0.0224438902743142
"3593","Fes-Meknes","Rabat-Sale-Kenitra","Rghioua","Ain Attig",2,0.0249376558603491
"3594","Fes-Meknes","Rabat-Sale-Kenitra","Rghioua","Brachoua",1,0.00249376558603491
"3595","Fes-Meknes","Rabat-Sale-Kenitra","Rghioua","El Kansera",1,0.00249376558603491
"3596","Fes-Meknes","Rabat-Sale-Kenitra","Sebaa Rouadi","Ain Attig",1,0.00748129675810474
"3597","Fes-Meknes","Rabat-Sale-Kenitra","Sebaa Rouadi","El Kansera",1,0.0174563591022444
"3598","Fes-Meknes","Rabat-Sale-Kenitra","Sebaa Rouadi","Sidi Yahya Zaer",1,0.0174563591022444
"3599","Fes-Meknes","Rabat-Sale-Kenitra","Sidi Boutayeb","Agdal Riyad",1,0.0461346633416459
"3600","Fes-Meknes","Rabat-Sale-Kenitra","Sidi Boutayeb","Ait Ikkou",1,0.0174563591022444
"3601","Fes-Meknes","Rabat-Sale-Kenitra","Sidi Boutayeb","Boumaiz",1,0.0224438902743142
"3602","Fes-Meknes","Rabat-Sale-Kenitra","Sidi Boutayeb","Lalla Mimouna",1,0.0174563591022444
"3603","Fes-Meknes","Rabat-Sale-Kenitra","Sidi Boutayeb","Maaziz",1,0.00249376558603491
"3604","Fes-Meknes","Rabat-Sale-Kenitra","Sidi Boutayeb","Sidi Mohamed Lahmar",1,0.0174563591022444
"3605","Fes-Meknes","Rabat-Sale-Kenitra","Sidi Boutayeb","Sidi Yahya Zaer",1,0.0324189526184539
"3606","Fes-Meknes","Rabat-Sale-Kenitra","Sidi Boutayeb","Zaggota",1,0.029925187032419
"3607","Fes-Meknes","Rabat-Sale-Kenitra","Sidi El Makhfi","Ain Attig",1.33333333333333,0.0170407315045719
"3608","Fes-Meknes","Rabat-Sale-Kenitra","Sidi El Makhfi","El Kansera",1,0.00498753117206983
"3609","Fes-Meknes","Rabat-Sale-Kenitra","Sidi El Makhfi","Lalla Mimouna",1,0.0374064837905237
"3610","Fes-Meknes","Rabat-Sale-Kenitra","Sidi El Makhfi","Sidi Yahya Zaer",1,0.0216126350789692
"3611","Fes-Meknes","Rabat-Sale-Kenitra","Tigrigra","Ain Attig",2,0.0286783042394015
"3612","Fes-Meknes","Rabat-Sale-Kenitra","Tigrigra","Brachoua",1,0.00249376558603491
"3613","Fes-Meknes","Rabat-Sale-Kenitra","Tigrigra","Sidi Yahya Zaer",1,0.00249376558603491
"3614","Fes-Meknes","Rabat-Sale-Kenitra","Timahdite","Ain Attig",1.5,0.00519534497090607
"3615","Fes-Meknes","Rabat-Sale-Kenitra","Timahdite","El Kansera",1,0.0121571072319202
"3616","Fes-Meknes","Rabat-Sale-Kenitra","Timahdite","Lalla Mimouna",1,0.00249376558603491
"3617","Fes-Meknes","Rabat-Sale-Kenitra","Timahdite","Sidi Yahya Zaer",1,0.0168329177057357
"3618","Fes-Meknes","Rabat-Sale-Kenitra","Zrarda","Agdal Riyad",1,0.0872817955112219
"3619","Fes-Meknes","Rabat-Sale-Kenitra","Zrarda","Arbaoua",1,0.162094763092269
"3620","Fes-Meknes","Rabat-Sale-Kenitra","Zrarda","Maaziz",1,0.189526184538653
"3621","Fes-Meknes","Souss-Massa","Aghbalou Aqorar","Arazene",1,0.00249376558603491
"3622","Fes-Meknes","Souss-Massa","Aghbalou Aqorar","Igoudar Mnabha",1,0.00748129675810474
"3623","Fes-Meknes","Souss-Massa","Aghbalou Aqorar","Ouad Essafa",1,0.027431421446384
"3624","Fes-Meknes","Souss-Massa","Aghbalou Aqorar","Ouled Teima",1,0.00374064837905237
"3625","Fes-Meknes","Souss-Massa","Aghbalou Aqorar","Sidi Bibi",1,0.0174563591022444
"3626","Fes-Meknes","Souss-Massa","Ain Bida","Igoudar Mnabha",1,0.0174563591022444
"3627","Fes-Meknes","Souss-Massa","Ain Bida","Ouad Essafa",1,0.00249376558603491
"3628","Fes-Meknes","Souss-Massa","Ain Bida","Ouled Teima",1,0.0149625935162095
"3629","Fes-Meknes","Souss-Massa","Ain Bou Ali","Igoudar Mnabha",1,0.00498753117206983
"3630","Fes-Meknes","Souss-Massa","Ain Bou Ali","Ouled Teima",1,0.0149625935162095
"3631","Fes-Meknes","Souss-Massa","Ain Chkef","Igoudar Mnabha",1,0.00748129675810474
"3632","Fes-Meknes","Souss-Massa","Ain Kansra","Igoudar Mnabha",1,0.00997506234413965
"3633","Fes-Meknes","Souss-Massa","Ain Kansra","Ouled Teima",1,0.00249376558603491
"3634","Fes-Meknes","Souss-Massa","Ain Karma- Oued Rommane","Ouad Essafa",1,0.00997506234413965
"3635","Fes-Meknes","Souss-Massa","Ain Karma- Oued Rommane","Sidi Bibi",1,0.00249376558603491
"3636","Fes-Meknes","Souss-Massa","Ain Leuh","Igoudar Mnabha",1,0.0133000831255195
"3637","Fes-Meknes","Souss-Massa","Ain Leuh","Ouad Essafa",1,0.00249376558603491
"3638","Fes-Meknes","Souss-Massa","Ain Leuh","Ouled Teima",1,0.0116375727348296
"3639","Fes-Meknes","Souss-Massa","Ain Leuh","Sidi Bibi",1,0.00249376558603491
"3640","Fes-Meknes","Souss-Massa","Ait Boubidmane","Igoudar Mnabha",1,0.0174563591022444
"3641","Fes-Meknes","Souss-Massa","Ait Boubidmane","Ouled Teima",1,0.00997506234413965
"3642","Fes-Meknes","Souss-Massa","Ait Naamane","Igoudar Mnabha",1,0.0216126350789692
"3643","Fes-Meknes","Souss-Massa","Ait Naamane","Ouad Essafa",1,0.00249376558603491
"3644","Fes-Meknes","Souss-Massa","Ait Naamane","Ouled Teima",1,0.0174563591022444
"3645","Fes-Meknes","Souss-Massa","Ait Sebaa Lajrouf","Arazene",1,0.00498753117206983
"3646","Fes-Meknes","Souss-Massa","Ait Sebaa Lajrouf","Igoudar Mnabha",1,0.0174563591022444
"3647","Fes-Meknes","Souss-Massa","Ait Sebaa Lajrouf","Ouad Essafa",1,0.0199501246882793
"3648","Fes-Meknes","Souss-Massa","Ait Sebaa Lajrouf","Ouled Teima",1,0.0124688279301746
"3649","Fes-Meknes","Souss-Massa","Ait Sebaa Lajrouf","Sidi Bibi",1,0.0112219451371571
"3650","Fes-Meknes","Souss-Massa","Ben Smim","Igoudar Mnabha",1,0.0149625935162095
"3651","Fes-Meknes","Souss-Massa","Ben Smim","Ouled Teima",1,0.00249376558603491
"3652","Fes-Meknes","Souss-Massa","Bni Snous","Igoudar Mnabha",1,0.0224438902743142
"3653","Fes-Meknes","Souss-Massa","Bni Snous","Ouled Teima",1,0.00997506234413965
"3654","Fes-Meknes","Souss-Massa","Kandar Sidi Khiar","Arazene",1,0.0249376558603491
"3655","Fes-Meknes","Souss-Massa","Kandar Sidi Khiar","Ouad Essafa",1,0.0249376558603491
"3656","Fes-Meknes","Souss-Massa","Kandar Sidi Khiar","Sidi Bibi",1,0.0448877805486284
"3657","Fes-Meknes","Souss-Massa","Laanoussar","Arazene",1,0.0141313383208645
"3658","Fes-Meknes","Souss-Massa","Laanoussar","Ouad Essafa",1,0.0324189526184539
"3659","Fes-Meknes","Souss-Massa","Laanoussar","Sidi Bibi",1,0.0432252701579385
"3660","Fes-Meknes","Souss-Massa","Louadaine","Igoudar Mnabha",1,0.00498753117206983
"3661","Fes-Meknes","Souss-Massa","Louadaine","Ouad Essafa",1,0.0058187863674148
"3662","Fes-Meknes","Souss-Massa","Louadaine","Ouled Teima",1,0.00498753117206983
"3663","Fes-Meknes","Souss-Massa","Louadaine","Sidi Bibi",1,0.00249376558603491
"3664","Fes-Meknes","Souss-Massa","Majjate","Arazene",1,0.0174563591022444
"3665","Fes-Meknes","Souss-Massa","Mezraoua","Igoudar Mnabha",1,0.0124688279301746
"3666","Fes-Meknes","Souss-Massa","Mezraoua","Ouled Teima",1,0.0149625935162095
"3667","Fes-Meknes","Souss-Massa","Moulay Idriss Zarhoun","Arazene",1,0.00249376558603491
"3668","Fes-Meknes","Souss-Massa","Moulay Idriss Zarhoun","Ouled Teima",1,0.00249376558603491
"3669","Fes-Meknes","Souss-Massa","Oued Ifrane","Ouad Essafa",1,0.00748129675810474
"3670","Fes-Meknes","Souss-Massa","Oued Ifrane","Sidi Bibi",1,0.00997506234413965
"3671","Fes-Meknes","Souss-Massa","Oued Jemaa","Arazene",1,0.00249376558603491
"3672","Fes-Meknes","Souss-Massa","Oued Jemaa","Ouad Essafa",1,0.0149625935162095
"3673","Fes-Meknes","Souss-Massa","Oued Jemaa","Sidi Bibi",1,0.00748129675810474
"3674","Fes-Meknes","Souss-Massa","Oulad Mimoun","Igoudar Mnabha",1,0.00498753117206983
"3675","Fes-Meknes","Souss-Massa","Oulad Mimoun","Ouled Teima",1,0.00997506234413965
"3676","Fes-Meknes","Souss-Massa","Outat El Haj","Arazene",1,0.00249376558603491
"3677","Fes-Meknes","Souss-Massa","Rghioua","Arazene",1,0.00498753117206983
"3678","Fes-Meknes","Souss-Massa","Rghioua","Ouad Essafa",1,0.00748129675810474
"3679","Fes-Meknes","Souss-Massa","Rghioua","Ouled Teima",1,0.00249376558603491
"3680","Fes-Meknes","Souss-Massa","Rghioua","Sidi Bibi",1,0.00748129675810474
"3681","Fes-Meknes","Souss-Massa","Sebaa Rouadi","Igoudar Mnabha",1,0.0149625935162095
"3682","Fes-Meknes","Souss-Massa","Sebaa Rouadi","Ouled Teima",1,0.0174563591022444
"3683","Fes-Meknes","Souss-Massa","Sidi El Makhfi","Igoudar Mnabha",1,0.00831255195344971
"3684","Fes-Meknes","Souss-Massa","Sidi El Makhfi","Ouad Essafa",1,0.00249376558603491
"3685","Fes-Meknes","Souss-Massa","Sidi El Makhfi","Ouled Teima",1,0.0124688279301746
"3686","Fes-Meknes","Souss-Massa","Sidi El Makhfi","Sidi Bibi",1,0.00249376558603491
"3687","Fes-Meknes","Souss-Massa","Tigrigra","Ouad Essafa",1,0.0199501246882793
"3688","Fes-Meknes","Souss-Massa","Tigrigra","Ouled Teima",1,0.00249376558603491
"3689","Fes-Meknes","Souss-Massa","Tigrigra","Sidi Bibi",1,0.0124688279301746
"3690","Fes-Meknes","Souss-Massa","Timahdite","Igoudar Mnabha",1,0.0146063412896331
"3691","Fes-Meknes","Souss-Massa","Timahdite","Ouad Essafa",1,0.00249376558603491
"3692","Fes-Meknes","Souss-Massa","Timahdite","Ouled Teima",1,0.0202618453865337
"3693","Fes-Meknes","Souss-Massa","Timahdite","Sidi Bibi",1,0.00249376558603491
"3694","Fes-Meknes","Tanger-Tetouan-Al Hoceima","Aghbalou Aqorar","Beni Boufrah",1,0.0241064006650042
"3695","Fes-Meknes","Tanger-Tetouan-Al Hoceima","Aghbalou Aqorar","Bni Faghloum",1,0.0224438902743142
"3696","Fes-Meknes","Tanger-Tetouan-Al Hoceima","Aghbalou Aqorar","Chefchaouen",1,0.0224438902743142
"3697","Fes-Meknes","Tanger-Tetouan-Al Hoceima","Aghbalou Aqorar","Issaguen",2,0.00249376558603491
"3698","Fes-Meknes","Tanger-Tetouan-Al Hoceima","Aghbalou Aqorar","Souk L'Qolla",2,0.0170407315045719
"3699","Fes-Meknes","Tanger-Tetouan-Al Hoceima","Aghbalou Aqorar","Tetouan",1,0.0174563591022444
"3700","Fes-Meknes","Tanger-Tetouan-Al Hoceima","Ain Bida","Beni Boufrah",1,0.00997506234413965
"3701","Fes-Meknes","Tanger-Tetouan-Al Hoceima","Ain Bida","Bni Faghloum",1,0.00748129675810474
"3702","Fes-Meknes","Tanger-Tetouan-Al Hoceima","Ain Bida","Souk L'Qolla",5,0.00947630922693267
"3703","Fes-Meknes","Tanger-Tetouan-Al Hoceima","Ain Bida","Tetouan",1,0.00748129675810474
"3704","Fes-Meknes","Tanger-Tetouan-Al Hoceima","Ain Bou Ali","Beni Boufrah",1,0.027431421446384
"3705","Fes-Meknes","Tanger-Tetouan-Al Hoceima","Ain Bou Ali","Souk L'Qolla",4,0.0087281795511222
"3706","Fes-Meknes","Tanger-Tetouan-Al Hoceima","Ain Chkef","Beni Boufrah",1,0.027431421446384
"3707","Fes-Meknes","Tanger-Tetouan-Al Hoceima","Ain Chkef","Bni Faghloum",1,0.0374064837905237
"3708","Fes-Meknes","Tanger-Tetouan-Al Hoceima","Ain Chkef","Chefchaouen",1,0.029925187032419
"3709","Fes-Meknes","Tanger-Tetouan-Al Hoceima","Ain Chkef","Moulay Ahmed Cherif",1,0.0673316708229426
"3710","Fes-Meknes","Tanger-Tetouan-Al Hoceima","Ain Chkef","Ouazzane",1,0.00997506234413965
"3711","Fes-Meknes","Tanger-Tetouan-Al Hoceima","Ain Chkef","Souk L'Qolla",5,0.00897755610972569
"3712","Fes-Meknes","Tanger-Tetouan-Al Hoceima","Ain Chkef","Tetouan",1,0.029925187032419
"3713","Fes-Meknes","Tanger-Tetouan-Al Hoceima","Ain Kansra","Beni Boufrah",1,0.00997506234413965
"3714","Fes-Meknes","Tanger-Tetouan-Al Hoceima","Ain Kansra","Bni Faghloum",1,0.0149625935162095
"3715","Fes-Meknes","Tanger-Tetouan-Al Hoceima","Ain Kansra","Chefchaouen",1,0.0349127182044888
"3716","Fes-Meknes","Tanger-Tetouan-Al Hoceima","Ain Kansra","Moulay Ahmed Cherif",1,0.108478802992519
"3717","Fes-Meknes","Tanger-Tetouan-Al Hoceima","Ain Kansra","Ouazzane",1,0.174563591022444
"3718","Fes-Meknes","Tanger-Tetouan-Al Hoceima","Ain Kansra","Sidi Boutmim",1,0.0174563591022444
"3719","Fes-Meknes","Tanger-Tetouan-Al Hoceima","Ain Kansra","Souk L'Qolla",4,0.0149625935162095
"3720","Fes-Meknes","Tanger-Tetouan-Al Hoceima","Ain Kansra","Tetouan",1,0.00997506234413965
"3721","Fes-Meknes","Tanger-Tetouan-Al Hoceima","Ain Karma- Oued Rommane","Beni Boufrah",1,0.00997506234413965
"3722","Fes-Meknes","Tanger-Tetouan-Al Hoceima","Ain Karma- Oued Rommane","Issaguen",3,0.00332502078137988
"3723","Fes-Meknes","Tanger-Tetouan-Al Hoceima","Ain Karma- Oued Rommane","Souk L'Qolla",2,0.0311720698254364
"3724","Fes-Meknes","Tanger-Tetouan-Al Hoceima","Ain Karma- Oued Rommane","Zouada",1,0.00498753117206983
"3725","Fes-Meknes","Tanger-Tetouan-Al Hoceima","Ain Leuh","Beni Boufrah",1.33333333333333,0.0174563591022444
"3726","Fes-Meknes","Tanger-Tetouan-Al Hoceima","Ain Leuh","Bni Faghloum",1,0.00997506234413965
"3727","Fes-Meknes","Tanger-Tetouan-Al Hoceima","Ain Leuh","Chefchaouen",1,0.0124688279301746
"3728","Fes-Meknes","Tanger-Tetouan-Al Hoceima","Ain Leuh","Sidi Boutmim",1,0.00249376558603491
"3729","Fes-Meknes","Tanger-Tetouan-Al Hoceima","Ain Leuh","Souk L'Qolla",3.66666666666667,0.00955943474646717
"3730","Fes-Meknes","Tanger-Tetouan-Al Hoceima","Ain Leuh","Tetouan",1,0.00415627597672485
"3731","Fes-Meknes","Tanger-Tetouan-Al Hoceima","Ait Boubidmane","Beni Boufrah",2,0.0124688279301746
"3732","Fes-Meknes","Tanger-Tetouan-Al Hoceima","Ait Boubidmane","Bni Faghloum",1,0.00997506234413965
"3733","Fes-Meknes","Tanger-Tetouan-Al Hoceima","Ait Boubidmane","Chefchaouen",1,0.0174563591022444
"3734","Fes-Meknes","Tanger-Tetouan-Al Hoceima","Ait Boubidmane","Souk L'Qolla",4,0.0162094763092269
"3735","Fes-Meknes","Tanger-Tetouan-Al Hoceima","Ait Boubidmane","Tetouan",1,0.0174563591022444
"3736","Fes-Meknes","Tanger-Tetouan-Al Hoceima","Ait Naamane","Beni Boufrah",1.33333333333333,0.0170407315045719
"3737","Fes-Meknes","Tanger-Tetouan-Al Hoceima","Ait Naamane","Bni Faghloum",1,0.0199501246882793
"3738","Fes-Meknes","Tanger-Tetouan-Al Hoceima","Ait Naamane","Chefchaouen",1,0.0236907730673317
"3739","Fes-Meknes","Tanger-Tetouan-Al Hoceima","Ait Naamane","Souk L'Qolla",4.33333333333333,0.0130229980604045
"3740","Fes-Meknes","Tanger-Tetouan-Al Hoceima","Ait Naamane","Tetouan",1,0.0108063175394846
"3741","Fes-Meknes","Tanger-Tetouan-Al Hoceima","Ait Sebaa Lajrouf","Beni Boufrah",1,0.013715710723192
"3742","Fes-Meknes","Tanger-Tetouan-Al Hoceima","Ait Sebaa Lajrouf","Chefchaouen",1,0.00249376558603491
"3743","Fes-Meknes","Tanger-Tetouan-Al Hoceima","Ait Sebaa Lajrouf","Issaguen",2,0.00249376558603491
"3744","Fes-Meknes","Tanger-Tetouan-Al Hoceima","Ait Sebaa Lajrouf","Souk L'Qolla",3,0.0109102244389027
"3745","Fes-Meknes","Tanger-Tetouan-Al Hoceima","Ait Sebaa Lajrouf","Tetouan",1,0.00249376558603491
"3746","Fes-Meknes","Tanger-Tetouan-Al Hoceima","Ait Sebaa Lajrouf","Zouada",1,0.0149625935162095
"3747","Fes-Meknes","Tanger-Tetouan-Al Hoceima","Almis Marmoucha","Issaguen",3,0.0108063175394846
"3748","Fes-Meknes","Tanger-Tetouan-Al Hoceima","Almis Marmoucha","Lamjaara",1,0.00748129675810474
"3749","Fes-Meknes","Tanger-Tetouan-Al Hoceima","Almis Marmoucha","Souk L'Qolla",1,0.0399002493765586
"3750","Fes-Meknes","Tanger-Tetouan-Al Hoceima","Almis Marmoucha","Zouada",1,0.00498753117206983
"3751","Fes-Meknes","Tanger-Tetouan-Al Hoceima","Ben Smim","Beni Boufrah",1,0.0124688279301746
"3752","Fes-Meknes","Tanger-Tetouan-Al Hoceima","Ben Smim","Bni Faghloum",1,0.0149625935162095
"3753","Fes-Meknes","Tanger-Tetouan-Al Hoceima","Ben Smim","Chefchaouen",1,0.0174563591022444
"3754","Fes-Meknes","Tanger-Tetouan-Al Hoceima","Ben Smim","Sidi Boutmim",1,0.0972568578553616
"3755","Fes-Meknes","Tanger-Tetouan-Al Hoceima","Ben Smim","Souk L'Qolla",3,0.00748129675810474
"3756","Fes-Meknes","Tanger-Tetouan-Al Hoceima","Ben Smim","Tetouan",1,0.0224438902743142
"3757","Fes-Meknes","Tanger-Tetouan-Al Hoceima","Bni Snous","Beni Boufrah",2,0.00498753117206983
"3758","Fes-Meknes","Tanger-Tetouan-Al Hoceima","Bni Snous","Bni Faghloum",1,0.00249376558603491
"3759","Fes-Meknes","Tanger-Tetouan-Al Hoceima","Bni Snous","Chefchaouen",1,0.00249376558603491
"3760","Fes-Meknes","Tanger-Tetouan-Al Hoceima","Bni Snous","Souk L'Qolla",4,0.0149625935162095
"3761","Fes-Meknes","Tanger-Tetouan-Al Hoceima","Bni Snous","Tetouan",1,0.0149625935162095
"3762","Fes-Meknes","Tanger-Tetouan-Al Hoceima","Dayat Aoua","Beni Boufrah",1,0.0224438902743142
"3763","Fes-Meknes","Tanger-Tetouan-Al Hoceima","Dayat Aoua","Bni Faghloum",1,0.0124688279301746
"3764","Fes-Meknes","Tanger-Tetouan-Al Hoceima","Dayat Aoua","Chefchaouen",1,0.0149625935162095
"3765","Fes-Meknes","Tanger-Tetouan-Al Hoceima","Dayat Aoua","Sidi Boutmim",1,0.0149625935162095
"3766","Fes-Meknes","Tanger-Tetouan-Al Hoceima","Dayat Aoua","Souk L'Qolla",2,0.00374064837905237
"3767","Fes-Meknes","Tanger-Tetouan-Al Hoceima","Dayat Aoua","Tetouan",1,0.00748129675810474
"3768","Fes-Meknes","Tanger-Tetouan-Al Hoceima","Fes Medina","Beni Boufrah",1,0.0249376558603491
"3769","Fes-Meknes","Tanger-Tetouan-Al Hoceima","Fes Medina","Bni Faghloum",1,0.00997506234413965
"3770","Fes-Meknes","Tanger-Tetouan-Al Hoceima","Fes Medina","Chefchaouen",1,0.00249376558603491
"3771","Fes-Meknes","Tanger-Tetouan-Al Hoceima","Fes Medina","Sidi Boutmim",1,0.00498753117206983
"3772","Fes-Meknes","Tanger-Tetouan-Al Hoceima","Fes Medina","Souk L'Qolla",2,0.00249376558603491
"3773","Fes-Meknes","Tanger-Tetouan-Al Hoceima","Fes Medina","Tetouan",1,0.00249376558603491
"3774","Fes-Meknes","Tanger-Tetouan-Al Hoceima","Kandar Sidi Khiar","Issaguen",4,0.0211970074812968
"3775","Fes-Meknes","Tanger-Tetouan-Al Hoceima","Kandar Sidi Khiar","Lamjaara",1,0.00249376558603491
"3776","Fes-Meknes","Tanger-Tetouan-Al Hoceima","Kandar Sidi Khiar","Zouada",1,0.0349127182044888
"3777","Fes-Meknes","Tanger-Tetouan-Al Hoceima","Laanoussar","Issaguen",3.33333333333333,0.00761983929066223
"3778","Fes-Meknes","Tanger-Tetouan-Al Hoceima","Laanoussar","Souk L'Qolla",1.33333333333333,0.00374064837905237
"3779","Fes-Meknes","Tanger-Tetouan-Al Hoceima","Laanoussar","Zouada",1,0.0232751454696592
"3780","Fes-Meknes","Tanger-Tetouan-Al Hoceima","Louadaine","Beni Boufrah",1,0.0207813798836243
"3781","Fes-Meknes","Tanger-Tetouan-Al Hoceima","Louadaine","Souk L'Qolla",4,0.0100581878636741
"3782","Fes-Meknes","Tanger-Tetouan-Al Hoceima","Louadaine","Zouada",1,0.00249376558603491
"3783","Fes-Meknes","Tanger-Tetouan-Al Hoceima","Majjate","Issaguen",4,0.027431421446384
"3784","Fes-Meknes","Tanger-Tetouan-Al Hoceima","Majjate","Lamjaara",1,0.00249376558603491
"3785","Fes-Meknes","Tanger-Tetouan-Al Hoceima","Majjate","Souk L'Qolla",1,0.00748129675810474
"3786","Fes-Meknes","Tanger-Tetouan-Al Hoceima","Majjate","Zouada",1,0.00249376558603491
"3787","Fes-Meknes","Tanger-Tetouan-Al Hoceima","Matmata","Beni Boufrah",1,0.00249376558603491
"3788","Fes-Meknes","Tanger-Tetouan-Al Hoceima","Matmata","Bni Faghloum",1,0.00249376558603491
"3789","Fes-Meknes","Tanger-Tetouan-Al Hoceima","Matmata","Moulay Ahmed Cherif",1,0.00249376558603491
"3790","Fes-Meknes","Tanger-Tetouan-Al Hoceima","Matmata","Ouazzane",1,0.00249376558603491
"3791","Fes-Meknes","Tanger-Tetouan-Al Hoceima","Matmata","Sidi Boutmim",1,0.102244389027431
"3792","Fes-Meknes","Tanger-Tetouan-Al Hoceima","Mezraoua","Beni Boufrah",2,0.00498753117206983
"3793","Fes-Meknes","Tanger-Tetouan-Al Hoceima","Mezraoua","Bni Faghloum",1,0.00498753117206983
"3794","Fes-Meknes","Tanger-Tetouan-Al Hoceima","Mezraoua","Chefchaouen",1,0.0149625935162095
"3795","Fes-Meknes","Tanger-Tetouan-Al Hoceima","Mezraoua","Souk L'Qolla",5,0.0129675810473815
"3796","Fes-Meknes","Tanger-Tetouan-Al Hoceima","Mezraoua","Tetouan",1,0.0174563591022444
"3797","Fes-Meknes","Tanger-Tetouan-Al Hoceima","Moulay Idriss Zarhoun","Beni Boufrah",1,0.0249376558603491
"3798","Fes-Meknes","Tanger-Tetouan-Al Hoceima","Moulay Idriss Zarhoun","Bni Faghloum",1,0.0423940149625935
"3799","Fes-Meknes","Tanger-Tetouan-Al Hoceima","Moulay Idriss Zarhoun","Chefchaouen",1,0.0199501246882793
"3800","Fes-Meknes","Tanger-Tetouan-Al Hoceima","Moulay Idriss Zarhoun","Sidi Boutmim",1,0.00249376558603491
"3801","Fes-Meknes","Tanger-Tetouan-Al Hoceima","Moulay Idriss Zarhoun","Souk L'Qolla",3,0.00831255195344971
"3802","Fes-Meknes","Tanger-Tetouan-Al Hoceima","Moulay Idriss Zarhoun","Tetouan",1,0.0199501246882793
"3803","Fes-Meknes","Tanger-Tetouan-Al Hoceima","Oued Ifrane","Beni Boufrah",1,0.00748129675810474
"3804","Fes-Meknes","Tanger-Tetouan-Al Hoceima","Oued Ifrane","Issaguen",1,0.00498753117206983
"3805","Fes-Meknes","Tanger-Tetouan-Al Hoceima","Oued Ifrane","Souk L'Qolla",2,0.0336658354114713
"3806","Fes-Meknes","Tanger-Tetouan-Al Hoceima","Oued Jemaa","Beni Boufrah",1,0.0124688279301746
"3807","Fes-Meknes","Tanger-Tetouan-Al Hoceima","Oued Jemaa","Issaguen",1,0.00249376558603491
"3808","Fes-Meknes","Tanger-Tetouan-Al Hoceima","Oued Jemaa","Souk L'Qolla",3,0.0157938487115544
"3809","Fes-Meknes","Tanger-Tetouan-Al Hoceima","Ouislane","Moulay Ahmed Cherif",1,0.189526184538653
"3810","Fes-Meknes","Tanger-Tetouan-Al Hoceima","Ouislane","Ouazzane",1,0.204488778054863
"3811","Fes-Meknes","Tanger-Tetouan-Al Hoceima","Ouislane","Sidi Boutmim",1,0.00748129675810474
"3812","Fes-Meknes","Tanger-Tetouan-Al Hoceima","Ouizeght","Issaguen",4,0.0043640897755611
"3813","Fes-Meknes","Tanger-Tetouan-Al Hoceima","Ouizeght","Lamjaara",1,0.00997506234413965
"3814","Fes-Meknes","Tanger-Tetouan-Al Hoceima","Ouizeght","Souk L'Qolla",1,0.0199501246882793
"3815","Fes-Meknes","Tanger-Tetouan-Al Hoceima","Oulad Mimoun","Beni Boufrah",2,0.0112219451371571
"3816","Fes-Meknes","Tanger-Tetouan-Al Hoceima","Oulad Mimoun","Bni Faghloum",1,0.0349127182044888
"3817","Fes-Meknes","Tanger-Tetouan-Al Hoceima","Oulad Mimoun","Chefchaouen",1,0.0374064837905237
"3818","Fes-Meknes","Tanger-Tetouan-Al Hoceima","Oulad Mimoun","Souk L'Qolla",3,0.0108063175394846
"3819","Fes-Meknes","Tanger-Tetouan-Al Hoceima","Oulad Mimoun","Tetouan",1,0.0249376558603491
"3820","Fes-Meknes","Tanger-Tetouan-Al Hoceima","Outat El Haj","Issaguen",3,0.00748129675810474
"3821","Fes-Meknes","Tanger-Tetouan-Al Hoceima","Outat El Haj","Lamjaara",1,0.0174563591022444
"3822","Fes-Meknes","Tanger-Tetouan-Al Hoceima","Outat El Haj","Souk L'Qolla",1,0.029925187032419
"3823","Fes-Meknes","Tanger-Tetouan-Al Hoceima","Rghioua","Beni Boufrah",1,0.00997506234413965
"3824","Fes-Meknes","Tanger-Tetouan-Al Hoceima","Rghioua","Issaguen",1,0.00249376558603491
"3825","Fes-Meknes","Tanger-Tetouan-Al Hoceima","Rghioua","Souk L'Qolla",3,0.0216126350789692
"3826","Fes-Meknes","Tanger-Tetouan-Al Hoceima","Rghioua","Zouada",1,0.00249376558603491
"3827","Fes-Meknes","Tanger-Tetouan-Al Hoceima","Sebaa Rouadi","Beni Boufrah",1,0.0124688279301746
"3828","Fes-Meknes","Tanger-Tetouan-Al Hoceima","Sebaa Rouadi","Bni Faghloum",1,0.00249376558603491
"3829","Fes-Meknes","Tanger-Tetouan-Al Hoceima","Sebaa Rouadi","Chefchaouen",1,0.00249376558603491
"3830","Fes-Meknes","Tanger-Tetouan-Al Hoceima","Sebaa Rouadi","Issaguen",1,0.00249376558603491
"3831","Fes-Meknes","Tanger-Tetouan-Al Hoceima","Sebaa Rouadi","Souk L'Qolla",5,0.0139650872817955
"3832","Fes-Meknes","Tanger-Tetouan-Al Hoceima","Sebaa Rouadi","Tetouan",1,0.00997506234413965
"3833","Fes-Meknes","Tanger-Tetouan-Al Hoceima","Sidi Boutayeb","Lamjaara",1,0.0349127182044888
"3834","Fes-Meknes","Tanger-Tetouan-Al Hoceima","Sidi Boutayeb","Souk L'Qolla",1,0.0224438902743142
"3835","Fes-Meknes","Tanger-Tetouan-Al Hoceima","Sidi El Makhfi","Beni Boufrah",1,0.00935162094763092
"3836","Fes-Meknes","Tanger-Tetouan-Al Hoceima","Sidi El Makhfi","Bni Faghloum",1,0.00249376558603491
"3837","Fes-Meknes","Tanger-Tetouan-Al Hoceima","Sidi El Makhfi","Chefchaouen",1,0.00249376558603491
"3838","Fes-Meknes","Tanger-Tetouan-Al Hoceima","Sidi El Makhfi","Sidi Boutmim",1,0.109725685785536
"3839","Fes-Meknes","Tanger-Tetouan-Al Hoceima","Sidi El Makhfi","Souk L'Qolla",3.75,0.0102244389027431
"3840","Fes-Meknes","Tanger-Tetouan-Al Hoceima","Sidi El Makhfi","Tetouan",1,0.00249376558603491
"3841","Fes-Meknes","Tanger-Tetouan-Al Hoceima","Sidi El Makhfi","Zouada",1,0.00249376558603491
"3842","Fes-Meknes","Tanger-Tetouan-Al Hoceima","Tigrigra","Beni Boufrah",1,0.00748129675810474
"3843","Fes-Meknes","Tanger-Tetouan-Al Hoceima","Tigrigra","Issaguen",2,0.00623441396508728
"3844","Fes-Meknes","Tanger-Tetouan-Al Hoceima","Tigrigra","Souk L'Qolla",2,0.029925187032419
"3845","Fes-Meknes","Tanger-Tetouan-Al Hoceima","Tigrigra","Zouada",1,0.00249376558603491
"3846","Fes-Meknes","Tanger-Tetouan-Al Hoceima","Timahdite","Beni Boufrah",1.5,0.0123129675810474
"3847","Fes-Meknes","Tanger-Tetouan-Al Hoceima","Timahdite","Bni Faghloum",1,0.010286783042394
"3848","Fes-Meknes","Tanger-Tetouan-Al Hoceima","Timahdite","Chefchaouen",1,0.0124688279301746
"3849","Fes-Meknes","Tanger-Tetouan-Al Hoceima","Timahdite","Souk L'Qolla",3.875,0.0154041978387365
"3850","Fes-Meknes","Tanger-Tetouan-Al Hoceima","Timahdite","Tetouan",1,0.0190149625935162
"3851","Marrakech-Safi","Beni Mellal-Khenifra","Benguerir","Aguelmouss",5,0.00798004987531172
"3852","Marrakech-Safi","Beni Mellal-Khenifra","Benguerir","Bni Ayat",1,0.00748129675810474
"3853","Marrakech-Safi","Beni Mellal-Khenifra","Benguerir","Khmis Bni Chegdale",1,0.00498753117206983
"3854","Marrakech-Safi","Beni Mellal-Khenifra","Benguerir","Oum Rabia",1,0.00997506234413965
"3855","Marrakech-Safi","Beni Mellal-Khenifra","Benguerir","Sidi Hcine",1,0.0124688279301746
"3856","Marrakech-Safi","Beni Mellal-Khenifra","Benguerir","Tanourdi",1,0.00748129675810474
"3857","Marrakech-Safi","Beni Mellal-Khenifra","Benguerir","Tighassaline",1,0.00997506234413965
"3858","Marrakech-Safi","Beni Mellal-Khenifra","Jaafra","Aguelmouss",10,0.0224438902743142
"3859","Marrakech-Safi","Beni Mellal-Khenifra","Jaafra","Bni Ayat",1,0.00748129675810474
"3860","Marrakech-Safi","Beni Mellal-Khenifra","Jaafra","Bni Ykhlef",1,0.00249376558603491
"3861","Marrakech-Safi","Beni Mellal-Khenifra","Jaafra","El Borj",2,0.0199501246882793
"3862","Marrakech-Safi","Beni Mellal-Khenifra","Jaafra","El Hammam",2,0.0236907730673317
"3863","Marrakech-Safi","Beni Mellal-Khenifra","Jaafra","Fkih Ben Salah",1,0.0224438902743142
"3864","Marrakech-Safi","Beni Mellal-Khenifra","Jaafra","Had Bouhssoussen",1,0.0224438902743142
"3865","Marrakech-Safi","Beni Mellal-Khenifra","Jaafra","Khmis Bni Chegdale",3,0.0249376558603491
"3866","Marrakech-Safi","Beni Mellal-Khenifra","Jaafra","Krifate",1,0.0174563591022444
"3867","Marrakech-Safi","Beni Mellal-Khenifra","Jaafra","Oulad Zmam",1,0.027431421446384
"3868","Marrakech-Safi","Beni Mellal-Khenifra","Jaafra","Sidi Hcine",1,0.00249376558603491
"3869","Marrakech-Safi","Beni Mellal-Khenifra","Jaafra","Tanourdi",1,0.0124688279301746
"3870","Marrakech-Safi","Beni Mellal-Khenifra","Labrikiyne","Aguelmouss",10,0.0184538653366584
"3871","Marrakech-Safi","Beni Mellal-Khenifra","Labrikiyne","Bni Oukil",2,0.0199501246882793
"3872","Marrakech-Safi","Beni Mellal-Khenifra","Labrikiyne","Bni Ykhlef",1,0.0249376558603491
"3873","Marrakech-Safi","Beni Mellal-Khenifra","Labrikiyne","El Borj",1,0.00498753117206983
"3874","Marrakech-Safi","Beni Mellal-Khenifra","Labrikiyne","El Hammam",2,0.0124688279301746
"3875","Marrakech-Safi","Beni Mellal-Khenifra","Labrikiyne","Fkih Ben Salah",1,0.00498753117206983
"3876","Marrakech-Safi","Beni Mellal-Khenifra","Labrikiyne","Had Bouhssoussen",1,0.00249376558603491
"3877","Marrakech-Safi","Beni Mellal-Khenifra","Labrikiyne","Khmis Bni Chegdale",1,0.00249376558603491
"3878","Marrakech-Safi","Beni Mellal-Khenifra","Labrikiyne","Krifate",1,0.00997506234413965
"3879","Marrakech-Safi","Beni Mellal-Khenifra","Labrikiyne","Oulad Abdoune",1,0.0498753117206983
"3880","Marrakech-Safi","Beni Mellal-Khenifra","Labrikiyne","Oulad Zmam",1,0.00498753117206983
"3881","Marrakech-Safi","Beni Mellal-Khenifra","Lamzoudia","Aguelmouss",7,0.0142500890630566
"3882","Marrakech-Safi","Beni Mellal-Khenifra","Lamzoudia","Bni Oukil",3,0.0124688279301746
"3883","Marrakech-Safi","Beni Mellal-Khenifra","Lamzoudia","Bni Ykhlef",1,0.00997506234413965
"3884","Marrakech-Safi","Beni Mellal-Khenifra","Lamzoudia","El Borj",2,0.00249376558603491
"3885","Marrakech-Safi","Beni Mellal-Khenifra","Lamzoudia","El Hammam",2,0.00249376558603491
"3886","Marrakech-Safi","Beni Mellal-Khenifra","Lamzoudia","Fkih Ben Salah",1,0.00249376558603491
"3887","Marrakech-Safi","Beni Mellal-Khenifra","Lamzoudia","Oulad Abdoune",1,0.0124688279301746
"3888","Marrakech-Safi","Beni Mellal-Khenifra","Lamzoudia","Oulad Boughadi",1,0.0174563591022444
"3889","Marrakech-Safi","Beni Mellal-Khenifra","Lamzoudia","Oulad Zmam",1,0.00748129675810474
"3890","Marrakech-Safi","Beni Mellal-Khenifra","Lamzoudia","Sidi Yacoub",3,0.00249376558603491
"3891","Marrakech-Safi","Beni Mellal-Khenifra","M'Nabha","Bni Oukil",2,0.0211970074812968
"3892","Marrakech-Safi","Beni Mellal-Khenifra","M'Nabha","Krifate",1,0.00249376558603491
"3893","Marrakech-Safi","Beni Mellal-Khenifra","M'Nabha","Oulad M'Barek",1,0.0349127182044888
"3894","Marrakech-Safi","Beni Mellal-Khenifra","M'Nabha","Oum Rabia",1,0.0448877805486284
"3895","Marrakech-Safi","Beni Mellal-Khenifra","M'Nabha","Sidi Amar",1,0.0972568578553616
"3896","Marrakech-Safi","Beni Mellal-Khenifra","M'Nabha","Tighassaline",1,0.0249376558603491
"3897","Marrakech-Safi","Beni Mellal-Khenifra","Oued L'Bour","Ait Saadelli",1,0.0199501246882793
"3898","Marrakech-Safi","Beni Mellal-Khenifra","Oued L'Bour","Bni Oukil",3,0.0207813798836243
"3899","Marrakech-Safi","Beni Mellal-Khenifra","Oued L'Bour","El Borj",1,0.0124688279301746
"3900","Marrakech-Safi","Beni Mellal-Khenifra","Oued L'Bour","El Hammam",1,0.029925187032419
"3901","Marrakech-Safi","Beni Mellal-Khenifra","Oued L'Bour","Lagnadiz",1,0.0174563591022444
"3902","Marrakech-Safi","Beni Mellal-Khenifra","Oued L'Bour","Oulad Boughadi",1,0.00498753117206983
"3903","Marrakech-Safi","Beni Mellal-Khenifra","Oued L'Bour","Oulad Zmam",1,0.0124688279301746
"3904","Marrakech-Safi","Beni Mellal-Khenifra","Oued L'Bour","Sidi Yacoub",5,0.0179551122194514
"3905","Marrakech-Safi","Beni Mellal-Khenifra","Oulad Hassoune Hamri","Aguelmouss",8,0.0187032418952618
"3906","Marrakech-Safi","Beni Mellal-Khenifra","Oulad Hassoune Hamri","Bni Ayat",1,0.0423940149625935
"3907","Marrakech-Safi","Beni Mellal-Khenifra","Oulad Hassoune Hamri","El Borj",2,0.0112219451371571
"3908","Marrakech-Safi","Beni Mellal-Khenifra","Oulad Hassoune Hamri","Had Bouhssoussen",1,0.00249376558603491
"3909","Marrakech-Safi","Beni Mellal-Khenifra","Oulad Hassoune Hamri","Khmis Bni Chegdale",3,0.0141313383208645
"3910","Marrakech-Safi","Beni Mellal-Khenifra","Oulad Hassoune Hamri","Krifate",1,0.00249376558603491
"3911","Marrakech-Safi","Beni Mellal-Khenifra","Oulad Hassoune Hamri","Sidi Hcine",1,0.0174563591022444
"3912","Marrakech-Safi","Beni Mellal-Khenifra","Oulad Hassoune Hamri","Tanourdi",1,0.0174563591022444
"3913","Marrakech-Safi","Beni Mellal-Khenifra","Oulad Zarrad","Aguelmouss",4,0.00623441396508728
"3914","Marrakech-Safi","Beni Mellal-Khenifra","Oulad Zarrad","Ait Saadelli",1,0.00997506234413965
"3915","Marrakech-Safi","Beni Mellal-Khenifra","Oulad Zarrad","Bni Oukil",4,0.0112219451371571
"3916","Marrakech-Safi","Beni Mellal-Khenifra","Oulad Zarrad","Bni Ykhlef",1,0.00249376558603491
"3917","Marrakech-Safi","Beni Mellal-Khenifra","Oulad Zarrad","El Borj",1,0.0174563591022444
"3918","Marrakech-Safi","Beni Mellal-Khenifra","Oulad Zarrad","El Hammam",2,0.00997506234413965
"3919","Marrakech-Safi","Beni Mellal-Khenifra","Oulad Zarrad","Oulad Abdoune",1,0.00249376558603491
"3920","Marrakech-Safi","Beni Mellal-Khenifra","Oulad Zarrad","Oulad Boughadi",1,0.00997506234413965
"3921","Marrakech-Safi","Beni Mellal-Khenifra","Oulad Zarrad","Oulad Zmam",2,0.00498753117206983
"3922","Marrakech-Safi","Beni Mellal-Khenifra","Oulad Zarrad","Sidi Yacoub",5,0.0114713216957606
"3923","Marrakech-Safi","Beni Mellal-Khenifra","Saidate","Aguelmouss",8,0.0152743142144638
"3924","Marrakech-Safi","Beni Mellal-Khenifra","Saidate","Ait Saadelli",1,0.00498753117206983
"3925","Marrakech-Safi","Beni Mellal-Khenifra","Saidate","Bni Oukil",2,0.00249376558603491
"3926","Marrakech-Safi","Beni Mellal-Khenifra","Saidate","El Borj",1,0.00498753117206983
"3927","Marrakech-Safi","Beni Mellal-Khenifra","Saidate","El Hammam",2,0.0124688279301746
"3928","Marrakech-Safi","Beni Mellal-Khenifra","Saidate","Khmis Bni Chegdale",1,0.027431421446384
"3929","Marrakech-Safi","Beni Mellal-Khenifra","Saidate","Lagnadiz",1,0.0124688279301746
"3930","Marrakech-Safi","Beni Mellal-Khenifra","Saidate","Oulad Zmam",2,0.00623441396508728
"3931","Marrakech-Safi","Beni Mellal-Khenifra","Saidate","Sidi Yacoub",2,0.00498753117206983
"3932","Marrakech-Safi","Beni Mellal-Khenifra","Saidate","Tighassaline",1,0.0149625935162095
"3933","Marrakech-Safi","Beni Mellal-Khenifra","Taouloukoult","Aguelmouss",3.5,0.00384455527847049
"3934","Marrakech-Safi","Beni Mellal-Khenifra","Taouloukoult","Bni Ayat",1,0.00249376558603491
"3935","Marrakech-Safi","Beni Mellal-Khenifra","Taouloukoult","Oum Rabia",1,0.0336658354114713
"3936","Marrakech-Safi","Beni Mellal-Khenifra","Taouloukoult","Sidi Hcine",1,0.00498753117206983
"3937","Marrakech-Safi","Beni Mellal-Khenifra","Taouloukoult","Tighassaline",1,0.0536159600997506
"3938","Marrakech-Safi","Casablanca-Settat","Benguerir","Lambarkiyine",1,0.0399002493765586
"3939","Marrakech-Safi","Casablanca-Settat","Benguerir","Sidi Bernoussi",1,0.0448877805486284
"3940","Marrakech-Safi","Casablanca-Settat","Jaafra","El Borouj",1,0.029925187032419
"3941","Marrakech-Safi","Casablanca-Settat","Jaafra","Guisser",1,0.0473815461346633
"3942","Marrakech-Safi","Casablanca-Settat","Labrikiyne","Guisser",1,0.00498753117206983
"3943","Marrakech-Safi","Casablanca-Settat","Labrikiyne","Laaounate",1,0.029925187032419
"3944","Marrakech-Safi","Casablanca-Settat","Labrikiyne","Moualine El Oued",1,0.0174563591022444
"3945","Marrakech-Safi","Casablanca-Settat","Lamzoudia","Laaounate",1,0.027431421446384
"3946","Marrakech-Safi","Casablanca-Settat","Lamzoudia","Moualine El Oued",1,0.029925187032419
"3947","Marrakech-Safi","Casablanca-Settat","M'Nabha","Lambarkiyine",1,0.00748129675810474
"3948","Marrakech-Safi","Casablanca-Settat","Oued L'Bour","Bouznika",1,0.0224438902743142
"3949","Marrakech-Safi","Casablanca-Settat","Oued L'Bour","Oulad Yahya Louta",1,0.00997506234413965
"3950","Marrakech-Safi","Casablanca-Settat","Oued L'Bour","Sidi Bettache",2,0.00374064837905237
"3951","Marrakech-Safi","Casablanca-Settat","Oued L'Bour","Sidi Hajjaj",1,0.0249376558603491
"3952","Marrakech-Safi","Casablanca-Settat","Oulad Hassoune Hamri","El Borouj",1,0.0224438902743142
"3953","Marrakech-Safi","Casablanca-Settat","Oulad Hassoune Hamri","Guisser",1,0.00498753117206983
"3954","Marrakech-Safi","Casablanca-Settat","Oulad Hassoune Hamri","Lambarkiyine",1,0.00498753117206983
"3955","Marrakech-Safi","Casablanca-Settat","Oulad Hassoune Hamri","Sidi Bernoussi",1,0.0124688279301746
"3956","Marrakech-Safi","Casablanca-Settat","Oulad Zarrad","Bouznika",1,0.00249376558603491
"3957","Marrakech-Safi","Casablanca-Settat","Oulad Zarrad","Laaounate",1,0.0124688279301746
"3958","Marrakech-Safi","Casablanca-Settat","Oulad Zarrad","Moualine El Oued",1,0.00249376558603491
"3959","Marrakech-Safi","Casablanca-Settat","Oulad Zarrad","Oulad Yahya Louta",1,0.00249376558603491
"3960","Marrakech-Safi","Casablanca-Settat","Oulad Zarrad","Sidi Bettache",1,0.00748129675810474
"3961","Marrakech-Safi","Casablanca-Settat","Oulad Zarrad","Sidi Hajjaj",1,0.00498753117206983
"3962","Marrakech-Safi","Casablanca-Settat","Saidate","Bouznika",1,0.00997506234413965
"3963","Marrakech-Safi","Casablanca-Settat","Saidate","Koudiat Bni Dghough",1,0.027431421446384
"3964","Marrakech-Safi","Casablanca-Settat","Saidate","Oulad Yahya Louta",1,0.00748129675810474
"3965","Marrakech-Safi","Casablanca-Settat","Saidate","Sidi Bettache",6,0.0232751454696592
"3966","Marrakech-Safi","Casablanca-Settat","Saidate","Sidi Hajjaj Oued Hassar",1,0.0149625935162095
"3967","Marrakech-Safi","Casablanca-Settat","Taouloukoult","Lambarkiyine",1,0.0598503740648379
"3968","Marrakech-Safi","Casablanca-Settat","Taouloukoult","Sidi Bernoussi",1,0.029925187032419
"3969","Marrakech-Safi","Daraa-Tafilalet","Benguerir","Aghbalou",1,0.00498753117206983
"3970","Marrakech-Safi","Daraa-Tafilalet","Benguerir","Sidi Yahya ou Youssef",1,0.00498753117206983
"3971","Marrakech-Safi","Daraa-Tafilalet","Jaafra","Aghbalou",3,0.0124688279301746
"3972","Marrakech-Safi","Daraa-Tafilalet","Jaafra","Sidi Yahya ou Youssef",1,0.0124688279301746
"3973","Marrakech-Safi","Daraa-Tafilalet","Labrikiyne","Aghbalou",2,0.00748129675810474
"3974","Marrakech-Safi","Daraa-Tafilalet","Lamzoudia","Aghbalou",1,0.00249376558603491
"3975","Marrakech-Safi","Daraa-Tafilalet","Oued L'Bour","Aghbalou",3,0.00831255195344971
"3976","Marrakech-Safi","Daraa-Tafilalet","Oulad Hassoune Hamri","Aghbalou",2,0.0224438902743142
"3977","Marrakech-Safi","Daraa-Tafilalet","Oulad Hassoune Hamri","Sidi Yahya ou Youssef",1,0.0199501246882793
"3978","Marrakech-Safi","Daraa-Tafilalet","Oulad Zarrad","Aghbalou",2,0.0087281795511222
"3979","Marrakech-Safi","Daraa-Tafilalet","Saidate","Aghbalou",6,0.0187032418952618
"3980","Marrakech-Safi","Daraa-Tafilalet","Taouloukoult","Sidi Yahya ou Youssef",1,0.00249376558603491
"3981","Marrakech-Safi","Fes-Meknes","Benguerir","Aghbalou Aqorar",1,0.0399002493765586
"3982","Marrakech-Safi","Fes-Meknes","Benguerir","Enjil",1,0.0149625935162095
"3983","Marrakech-Safi","Fes-Meknes","Benguerir","Zrarda",1,0.00249376558603491
"3984","Marrakech-Safi","Fes-Meknes","Jaafra","Almis Marmoucha",1,0.0374064837905237
"3985","Marrakech-Safi","Fes-Meknes","Jaafra","Majjate",1,0.0523690773067332
"3986","Marrakech-Safi","Fes-Meknes","Jaafra","Ouizeght",1,0.0349127182044888
"3987","Marrakech-Safi","Fes-Meknes","Jaafra","Outat El Haj",1,0.0199501246882793
"3988","Marrakech-Safi","Fes-Meknes","Jaafra","Sidi Boutayeb",1,0.00498753117206983
"3989","Marrakech-Safi","Fes-Meknes","Labrikiyne","Ain Karma- Oued Rommane",1,0.00249376558603491
"3990","Marrakech-Safi","Fes-Meknes","Labrikiyne","Ait Sebaa Lajrouf",1,0.00249376558603491
"3991","Marrakech-Safi","Fes-Meknes","Labrikiyne","Kandar Sidi Khiar",1,0.0523690773067332
"3992","Marrakech-Safi","Fes-Meknes","Labrikiyne","Laanoussar",3,0.0232751454696592
"3993","Marrakech-Safi","Fes-Meknes","Labrikiyne","Majjate",1,0.00748129675810474
"3994","Marrakech-Safi","Fes-Meknes","Labrikiyne","Oued Jemaa",1,0.00249376558603491
"3995","Marrakech-Safi","Fes-Meknes","Labrikiyne","Ouizeght",1,0.00249376558603491
"3996","Marrakech-Safi","Fes-Meknes","Labrikiyne","Outat El Haj",1,0.00498753117206983
"3997","Marrakech-Safi","Fes-Meknes","Labrikiyne","Tigrigra",1,0.00249376558603491
"3998","Marrakech-Safi","Fes-Meknes","Lamzoudia","Aghbalou Aqorar",1,0.0199501246882793
"3999","Marrakech-Safi","Fes-Meknes","Lamzoudia","Ain Karma- Oued Rommane",1,0.00748129675810474
"4000","Marrakech-Safi","Fes-Meknes","Lamzoudia","Ait Naamane",1,0.00498753117206983
"4001","Marrakech-Safi","Fes-Meknes","Lamzoudia","Ait Sebaa Lajrouf",1,0.0324189526184539
"4002","Marrakech-Safi","Fes-Meknes","Lamzoudia","Almis Marmoucha",1,0.00249376558603491
"4003","Marrakech-Safi","Fes-Meknes","Lamzoudia","Laanoussar",3,0.0266001662510391
"4004","Marrakech-Safi","Fes-Meknes","Lamzoudia","Oued Ifrane",1,0.00748129675810474
"4005","Marrakech-Safi","Fes-Meknes","Lamzoudia","Oued Jemaa",1,0.00249376558603491
"4006","Marrakech-Safi","Fes-Meknes","Lamzoudia","Rghioua",1,0.00249376558603491
"4007","Marrakech-Safi","Fes-Meknes","Lamzoudia","Sidi El Makhfi",1,0.00249376558603491
"4008","Marrakech-Safi","Fes-Meknes","Lamzoudia","Tigrigra",1,0.0224438902743142
"4009","Marrakech-Safi","Fes-Meknes","M'Nabha","Enjil",1,0.0224438902743142
"4010","Marrakech-Safi","Fes-Meknes","M'Nabha","Oulad Ayyad",1,0.00498753117206983
"4011","Marrakech-Safi","Fes-Meknes","M'Nabha","Sidi Boutayeb",2,0.0498753117206983
"4012","Marrakech-Safi","Fes-Meknes","M'Nabha","Zrarda",1,0.13715710723192
"4013","Marrakech-Safi","Fes-Meknes","Oued L'Bour","Aghbalou Aqorar",1,0.00748129675810474
"4014","Marrakech-Safi","Fes-Meknes","Oued L'Bour","Ain Bida",1,0.027431421446384
"4015","Marrakech-Safi","Fes-Meknes","Oued L'Bour","Ain Bou Ali",1,0.00997506234413965
"4016","Marrakech-Safi","Fes-Meknes","Oued L'Bour","Ain Karma- Oued Rommane",1,0.0224438902743142
"4017","Marrakech-Safi","Fes-Meknes","Oued L'Bour","Ain Leuh",2,0.0124688279301746
"4018","Marrakech-Safi","Fes-Meknes","Oued L'Bour","Ait Boubidmane",1,0.00249376558603491
"4019","Marrakech-Safi","Fes-Meknes","Oued L'Bour","Ait Naamane",2,0.013715710723192
"4020","Marrakech-Safi","Fes-Meknes","Oued L'Bour","Ait Sebaa Lajrouf",2,0.00997506234413965
"4021","Marrakech-Safi","Fes-Meknes","Oued L'Bour","Bni Snous",1,0.0224438902743142
"4022","Marrakech-Safi","Fes-Meknes","Oued L'Bour","Laanoussar",3,0.00415627597672485
"4023","Marrakech-Safi","Fes-Meknes","Oued L'Bour","Louadaine",3,0.0133000831255195
"4024","Marrakech-Safi","Fes-Meknes","Oued L'Bour","Mezraoua",1,0.0174563591022444
"4025","Marrakech-Safi","Fes-Meknes","Oued L'Bour","Oued Ifrane",1,0.00748129675810474
"4026","Marrakech-Safi","Fes-Meknes","Oued L'Bour","Oued Jemaa",1,0.0199501246882793
"4027","Marrakech-Safi","Fes-Meknes","Oued L'Bour","Rghioua",1,0.00748129675810474
"4028","Marrakech-Safi","Fes-Meknes","Oued L'Bour","Sebaa Rouadi",1,0.0174563591022444
"4029","Marrakech-Safi","Fes-Meknes","Oued L'Bour","Sidi El Makhfi",3,0.0191188694929343
"4030","Marrakech-Safi","Fes-Meknes","Oued L'Bour","Tigrigra",1,0.00997506234413965
"4031","Marrakech-Safi","Fes-Meknes","Oued L'Bour","Timahdite",8,0.0121571072319202
"4032","Marrakech-Safi","Fes-Meknes","Oulad Hassoune Hamri","Aghbalou Aqorar",1,0.0149625935162095
"4033","Marrakech-Safi","Fes-Meknes","Oulad Hassoune Hamri","Almis Marmoucha",1,0.00748129675810474
"4034","Marrakech-Safi","Fes-Meknes","Oulad Hassoune Hamri","Enjil",1,0.00498753117206983
"4035","Marrakech-Safi","Fes-Meknes","Oulad Hassoune Hamri","Ouizeght",1,0.0124688279301746
"4036","Marrakech-Safi","Fes-Meknes","Oulad Hassoune Hamri","Outat El Haj",1,0.00997506234413965
"4037","Marrakech-Safi","Fes-Meknes","Oulad Hassoune Hamri","Sidi Boutayeb",1,0.0224438902743142
"4038","Marrakech-Safi","Fes-Meknes","Oulad Zarrad","Aghbalou Aqorar",1,0.0324189526184539
"4039","Marrakech-Safi","Fes-Meknes","Oulad Zarrad","Ain Bou Ali",1,0.00997506234413965
"4040","Marrakech-Safi","Fes-Meknes","Oulad Zarrad","Ain Karma- Oued Rommane",1,0.00997506234413965
"4041","Marrakech-Safi","Fes-Meknes","Oulad Zarrad","Ain Leuh",2,0.00374064837905237
"4042","Marrakech-Safi","Fes-Meknes","Oulad Zarrad","Ait Naamane",2,0.00374064837905237
"4043","Marrakech-Safi","Fes-Meknes","Oulad Zarrad","Ait Sebaa Lajrouf",2,0.00748129675810474
"4044","Marrakech-Safi","Fes-Meknes","Oulad Zarrad","Kandar Sidi Khiar",1,0.00249376558603491
"4045","Marrakech-Safi","Fes-Meknes","Oulad Zarrad","Laanoussar",3,0.0058187863674148
"4046","Marrakech-Safi","Fes-Meknes","Oulad Zarrad","Louadaine",3,0.0116375727348296
"4047","Marrakech-Safi","Fes-Meknes","Oulad Zarrad","Oued Ifrane",1,0.0174563591022444
"4048","Marrakech-Safi","Fes-Meknes","Oulad Zarrad","Oued Jemaa",1,0.0224438902743142
"4049","Marrakech-Safi","Fes-Meknes","Oulad Zarrad","Rghioua",1,0.0174563591022444
"4050","Marrakech-Safi","Fes-Meknes","Oulad Zarrad","Sebaa Rouadi",1,0.00249376558603491
"4051","Marrakech-Safi","Fes-Meknes","Oulad Zarrad","Sidi El Makhfi",2,0.0174563591022444
"4052","Marrakech-Safi","Fes-Meknes","Oulad Zarrad","Tigrigra",1,0.0249376558603491
"4053","Marrakech-Safi","Fes-Meknes","Oulad Zarrad","Timahdite",3,0.00665004156275977
"4054","Marrakech-Safi","Fes-Meknes","Saidate","Aghbalou Aqorar",2,0.0199501246882793
"4055","Marrakech-Safi","Fes-Meknes","Saidate","Ain Bida",1,0.00498753117206983
"4056","Marrakech-Safi","Fes-Meknes","Saidate","Ain Bou Ali",1,0.00997506234413965
"4057","Marrakech-Safi","Fes-Meknes","Saidate","Ain Chkef",1,0.0423940149625935
"4058","Marrakech-Safi","Fes-Meknes","Saidate","Ain Kansra",1,0.0349127182044888
"4059","Marrakech-Safi","Fes-Meknes","Saidate","Ain Leuh",2,0.0174563591022444
"4060","Marrakech-Safi","Fes-Meknes","Saidate","Ait Boubidmane",1,0.00997506234413965
"4061","Marrakech-Safi","Fes-Meknes","Saidate","Ait Naamane",3,0.0124688279301746
"4062","Marrakech-Safi","Fes-Meknes","Saidate","Ait Sebaa Lajrouf",1,0.00249376558603491
"4063","Marrakech-Safi","Fes-Meknes","Saidate","Ben Smim",1,0.0374064837905237
"4064","Marrakech-Safi","Fes-Meknes","Saidate","Bni Snous",1,0.00249376558603491
"4065","Marrakech-Safi","Fes-Meknes","Saidate","Dayat Aoua",1,0.00498753117206983
"4066","Marrakech-Safi","Fes-Meknes","Saidate","Fes Medina",1,0.0199501246882793
"4067","Marrakech-Safi","Fes-Meknes","Saidate","Mezraoua",1,0.00748129675810474
"4068","Marrakech-Safi","Fes-Meknes","Saidate","Moulay Idriss Zarhoun",1,0.0448877805486284
"4069","Marrakech-Safi","Fes-Meknes","Saidate","Oulad Mimoun",1,0.0249376558603491
"4070","Marrakech-Safi","Fes-Meknes","Saidate","Sebaa Rouadi",1,0.00498753117206983
"4071","Marrakech-Safi","Fes-Meknes","Saidate","Sidi El Makhfi",3,0.00249376558603491
"4072","Marrakech-Safi","Fes-Meknes","Saidate","Timahdite",8,0.0121571072319202
"4073","Marrakech-Safi","Fes-Meknes","Taouloukoult","Aghbalou Aqorar",1,0.0286783042394015
"4074","Marrakech-Safi","Fes-Meknes","Taouloukoult","Enjil",1,0.0548628428927681
"4075","Marrakech-Safi","Fes-Meknes","Taouloukoult","Zrarda",1,0.0236907730673317
"4076","Marrakech-Safi","Marrakech-Safi","Benguerir","M'Nabha",1,0.0149625935162095
"4077","Marrakech-Safi","Marrakech-Safi","Benguerir","Oulad Hassoune Hamri",1,0.00498753117206983
"4078","Marrakech-Safi","Marrakech-Safi","Benguerir","Taouloukoult",2,0.0261845386533666
"4079","Marrakech-Safi","Marrakech-Safi","Jaafra","Oulad Hassoune Hamri",1,0.027431421446384
"4080","Marrakech-Safi","Marrakech-Safi","Labrikiyne","Jaafra",1,0.0199501246882793
"4081","Marrakech-Safi","Marrakech-Safi","Lamzoudia","Labrikiyne",1,0.0498753117206983
"4082","Marrakech-Safi","Marrakech-Safi","Lamzoudia","Oulad Zarrad",1,0.00249376558603491
"4083","Marrakech-Safi","Marrakech-Safi","Oued L'Bour","Labrikiyne",1,0.00249376558603491
"4084","Marrakech-Safi","Marrakech-Safi","Oued L'Bour","Oulad Zarrad",1,0.0149625935162095
"4085","Marrakech-Safi","Marrakech-Safi","Oulad Hassoune Hamri","Benguerir",1,0.0324189526184539
"4086","Marrakech-Safi","Marrakech-Safi","Oulad Hassoune Hamri","Taouloukoult",2,0.0162094763092269
"4087","Marrakech-Safi","Marrakech-Safi","Oulad Zarrad","Labrikiyne",1,0.00498753117206983
"4088","Marrakech-Safi","Marrakech-Safi","Oulad Zarrad","Lamzoudia",1,0.027431421446384
"4089","Marrakech-Safi","Marrakech-Safi","Oulad Zarrad","Oued L'Bour",1,0.00498753117206983
"4090","Marrakech-Safi","Marrakech-Safi","Saidate","Oulad Zarrad",1,0.00249376558603491
"4091","Marrakech-Safi","Marrakech-Safi","Taouloukoult","Benguerir",1,0.00748129675810474
"4092","Marrakech-Safi","Marrakech-Safi","Taouloukoult","M'Nabha",1,0.0199501246882793
"4093","Marrakech-Safi","Marrakech-Safi","Taouloukoult","Taouloukoult",1,0.0249376558603491
"4094","Marrakech-Safi","Oriental","Benguerir","Bougriba",1,0.00748129675810474
"4095","Marrakech-Safi","Oriental","Benguerir","Houara Oulad Raho",1,0.029925187032419
"4096","Marrakech-Safi","Oriental","Benguerir","Madagh",1,0.0349127182044888
"4097","Marrakech-Safi","Oriental","Benguerir","Sidi Boulenouar",1,0.00748129675810474
"4098","Marrakech-Safi","Oriental","Benguerir","Sidi Moussa Lamhaya",1,0.00498753117206983
"4099","Marrakech-Safi","Oriental","Benguerir","Zegzel",1,0.0174563591022444
"4100","Marrakech-Safi","Oriental","Jaafra","Aghbal",1,0.029925187032419
"4101","Marrakech-Safi","Oriental","Jaafra","Ahl Angad",1,0.00997506234413965
"4102","Marrakech-Safi","Oriental","Jaafra","Ain Lehjer",1,0.027431421446384
"4103","Marrakech-Safi","Oriental","Jaafra","Ain Sfa",1,0.00249376558603491
"4104","Marrakech-Safi","Oriental","Jaafra","Bougriba",1,0.0199501246882793
"4105","Marrakech-Safi","Oriental","Jaafra","Guenfouda",2,0.00872817955112219
"4106","Marrakech-Safi","Oriental","Jaafra","Houara Oulad Raho",1,0.00748129675810474
"4107","Marrakech-Safi","Oriental","Jaafra","Sidi Boulenouar",1,0.00498753117206983
"4108","Marrakech-Safi","Oriental","Jaafra","Sidi Moussa Lamhaya",2,0.00623441396508728
"4109","Marrakech-Safi","Oriental","Jaafra","Zegzel",1,0.00498753117206983
"4110","Marrakech-Safi","Oriental","Labrikiyne","Aghbal",1,0.00997506234413965
"4111","Marrakech-Safi","Oriental","Labrikiyne","Ain Lehjer",1,0.00498753117206983
"4112","Marrakech-Safi","Oriental","Labrikiyne","Ain Sfa",1,0.0423940149625935
"4113","Marrakech-Safi","Oriental","Labrikiyne","Bni Khaled",2,0.027431421446384
"4114","Marrakech-Safi","Oriental","Labrikiyne","Guenfouda",2,0.0286783042394015
"4115","Marrakech-Safi","Oriental","Labrikiyne","Sidi Moussa Lamhaya",1,0.0199501246882793
"4116","Marrakech-Safi","Oriental","Lamzoudia","Aghbal",1,0.00249376558603491
"4117","Marrakech-Safi","Oriental","Lamzoudia","Ain Sfa",1,0.0224438902743142
"4118","Marrakech-Safi","Oriental","Lamzoudia","Bni Khaled",2,0.0324189526184539
"4119","Marrakech-Safi","Oriental","Lamzoudia","Guenfouda",1,0.0174563591022444
"4120","Marrakech-Safi","Oriental","Lamzoudia","Sidi Moussa Lamhaya",1,0.0224438902743142
"4121","Marrakech-Safi","Oriental","M'Nabha","Madagh",1,0.00249376558603491
"4122","Marrakech-Safi","Oriental","Oued L'Bour","Ain Lehjer",1,0.0174563591022444
"4123","Marrakech-Safi","Oriental","Oued L'Bour","Bni Khaled",1,0.00498753117206983
"4124","Marrakech-Safi","Oriental","Oued L'Bour","Bougriba",1,0.0124688279301746
"4125","Marrakech-Safi","Oriental","Oued L'Bour","Oujda",1,0.0199501246882793
"4126","Marrakech-Safi","Oriental","Oued L'Bour","Sidi Moussa Lamhaya",2,0.013715710723192
"4127","Marrakech-Safi","Oriental","Oulad Hassoune Hamri","Aghbal",1,0.00249376558603491
"4128","Marrakech-Safi","Oriental","Oulad Hassoune Hamri","Ahl Angad",1,0.0374064837905237
"4129","Marrakech-Safi","Oriental","Oulad Hassoune Hamri","Ain Lehjer",1,0.00498753117206983
"4130","Marrakech-Safi","Oriental","Oulad Hassoune Hamri","Bougriba",1,0.0149625935162095
"4131","Marrakech-Safi","Oriental","Oulad Hassoune Hamri","Guenfouda",1,0.0174563591022444
"4132","Marrakech-Safi","Oriental","Oulad Hassoune Hamri","Houara Oulad Raho",1,0.0224438902743142
"4133","Marrakech-Safi","Oriental","Oulad Hassoune Hamri","Madagh",1,0.00498753117206983
"4134","Marrakech-Safi","Oriental","Oulad Hassoune Hamri","Sidi Boulenouar",1,0.0349127182044888
"4135","Marrakech-Safi","Oriental","Oulad Hassoune Hamri","Sidi Moussa Lamhaya",1,0.0249376558603491
"4136","Marrakech-Safi","Oriental","Oulad Hassoune Hamri","Zegzel",1,0.029925187032419
"4137","Marrakech-Safi","Oriental","Oulad Zarrad","Ain Lehjer",1,0.0124688279301746
"4138","Marrakech-Safi","Oriental","Oulad Zarrad","Ain Sfa",1,0.00498753117206983
"4139","Marrakech-Safi","Oriental","Oulad Zarrad","Bni Khaled",2,0.00872817955112219
"4140","Marrakech-Safi","Oriental","Oulad Zarrad","Guenfouda",1,0.00249376558603491
"4141","Marrakech-Safi","Oriental","Oulad Zarrad","Oujda",1,0.00249376558603491
"4142","Marrakech-Safi","Oriental","Oulad Zarrad","Sidi Moussa Lamhaya",1,0.00498753117206983
"4143","Marrakech-Safi","Oriental","Saidate","Aghbal",2,0.0286783042394015
"4144","Marrakech-Safi","Oriental","Saidate","Ain Lehjer",1,0.00249376558603491
"4145","Marrakech-Safi","Oriental","Saidate","Bougriba",1,0.00997506234413965
"4146","Marrakech-Safi","Oriental","Saidate","Lamrija",1,0.0349127182044888
"4147","Marrakech-Safi","Oriental","Saidate","Oujda",1,0.0149625935162095
"4148","Marrakech-Safi","Oriental","Saidate","Sidi Boulenouar",1,0.00249376558603491
"4149","Marrakech-Safi","Oriental","Saidate","Sidi Moussa Lamhaya",1,0.00498753117206983
"4150","Marrakech-Safi","Oriental","Taouloukoult","Houara Oulad Raho",1,0.00748129675810474
"4151","Marrakech-Safi","Oriental","Taouloukoult","Madagh",1,0.0586034912718204
"4152","Marrakech-Safi","Oriental","Taouloukoult","Sidi Boulenouar",1,0.00249376558603491
"4153","Marrakech-Safi","Oriental","Taouloukoult","Sidi Moussa Lamhaya",1,0.00249376558603491
"4154","Marrakech-Safi","Oriental","Taouloukoult","Zegzel",1,0.00997506234413965
"4155","Marrakech-Safi","Rabat-Sale-Kenitra","Benguerir","Ait Ikkou",1,0.0399002493765586
"4156","Marrakech-Safi","Rabat-Sale-Kenitra","Benguerir","Arbaoua",1,0.00498753117206983
"4157","Marrakech-Safi","Rabat-Sale-Kenitra","Benguerir","Boumaiz",1,0.00498753117206983
"4158","Marrakech-Safi","Rabat-Sale-Kenitra","Benguerir","Lalla Mimouna",1,0.0224438902743142
"4159","Marrakech-Safi","Rabat-Sale-Kenitra","Benguerir","Sidi Mohamed Lahmar",1,0.0249376558603491
"4160","Marrakech-Safi","Rabat-Sale-Kenitra","Benguerir","Sidi Yahya Zaer",1,0.00498753117206983
"4161","Marrakech-Safi","Rabat-Sale-Kenitra","Benguerir","Zaggota",1,0.0224438902743142
"4162","Marrakech-Safi","Rabat-Sale-Kenitra","Jaafra","Arbaoua",1,0.00249376558603491
"4163","Marrakech-Safi","Rabat-Sale-Kenitra","Jaafra","Boumaiz",1,0.00748129675810474
"4164","Marrakech-Safi","Rabat-Sale-Kenitra","Jaafra","Brachoua",1,0.0349127182044888
"4165","Marrakech-Safi","Rabat-Sale-Kenitra","Jaafra","Lalla Mimouna",1,0.00249376558603491
"4166","Marrakech-Safi","Rabat-Sale-Kenitra","Jaafra","Sidi Yahya Zaer",1,0.0124688279301746
"4167","Marrakech-Safi","Rabat-Sale-Kenitra","Labrikiyne","Ain Attig",2,0.0199501246882793
"4168","Marrakech-Safi","Rabat-Sale-Kenitra","Labrikiyne","Brachoua",1,0.0174563591022444
"4169","Marrakech-Safi","Rabat-Sale-Kenitra","Lamzoudia","Ain Attig",2,0.0411471321695761
"4170","Marrakech-Safi","Rabat-Sale-Kenitra","Lamzoudia","Brachoua",1,0.00249376558603491
"4171","Marrakech-Safi","Rabat-Sale-Kenitra","Lamzoudia","El Kansera",1,0.00249376558603491
"4172","Marrakech-Safi","Rabat-Sale-Kenitra","M'Nabha","Agdal Riyad",1,0.0947630922693267
"4173","Marrakech-Safi","Rabat-Sale-Kenitra","M'Nabha","Arbaoua",1,0.139650872817955
"4174","Marrakech-Safi","Rabat-Sale-Kenitra","M'Nabha","Maaziz",1,0.179551122194514
"4175","Marrakech-Safi","Rabat-Sale-Kenitra","Oued L'Bour","Ain Attig",1,0.00748129675810474
"4176","Marrakech-Safi","Rabat-Sale-Kenitra","Oued L'Bour","El Kansera",1,0.0199501246882793
"4177","Marrakech-Safi","Rabat-Sale-Kenitra","Oued L'Bour","Sidi Yahya Zaer",1,0.0124688279301746
"4178","Marrakech-Safi","Rabat-Sale-Kenitra","Oulad Hassoune Hamri","Ait Ikkou",1,0.00498753117206983
"4179","Marrakech-Safi","Rabat-Sale-Kenitra","Oulad Hassoune Hamri","Boumaiz",1,0.0199501246882793
"4180","Marrakech-Safi","Rabat-Sale-Kenitra","Oulad Hassoune Hamri","Lalla Mimouna",1,0.0124688279301746
"4181","Marrakech-Safi","Rabat-Sale-Kenitra","Oulad Hassoune Hamri","Sidi Mohamed Lahmar",1,0.0174563591022444
"4182","Marrakech-Safi","Rabat-Sale-Kenitra","Oulad Hassoune Hamri","Sidi Yahya Zaer",1,0.0349127182044888
"4183","Marrakech-Safi","Rabat-Sale-Kenitra","Oulad Hassoune Hamri","Zaggota",1,0.0199501246882793
"4184","Marrakech-Safi","Rabat-Sale-Kenitra","Oulad Zarrad","Ain Attig",2,0.0124688279301746
"4185","Marrakech-Safi","Rabat-Sale-Kenitra","Oulad Zarrad","Boumaiz",1,0.00249376558603491
"4186","Marrakech-Safi","Rabat-Sale-Kenitra","Oulad Zarrad","El Kansera",1,0.00997506234413965
"4187","Marrakech-Safi","Rabat-Sale-Kenitra","Oulad Zarrad","Sidi Yahya Zaer",1,0.00997506234413965
"4188","Marrakech-Safi","Rabat-Sale-Kenitra","Saidate","Lalla Mimouna",1,0.0224438902743142
"4189","Marrakech-Safi","Rabat-Sale-Kenitra","Saidate","Sidi Yahya Zaer",1,0.00748129675810474
"4190","Marrakech-Safi","Rabat-Sale-Kenitra","Taouloukoult","Agdal Riyad",1,0.00249376558603491
"4191","Marrakech-Safi","Rabat-Sale-Kenitra","Taouloukoult","Ait Ikkou",1,0.0174563591022444
"4192","Marrakech-Safi","Rabat-Sale-Kenitra","Taouloukoult","Arbaoua",1,0.00872817955112219
"4193","Marrakech-Safi","Rabat-Sale-Kenitra","Taouloukoult","Boumaiz",1,0.00249376558603491
"4194","Marrakech-Safi","Rabat-Sale-Kenitra","Taouloukoult","Lalla Mimouna",1,0.00872817955112219
"4195","Marrakech-Safi","Rabat-Sale-Kenitra","Taouloukoult","Maaziz",1,0.00249376558603491
"4196","Marrakech-Safi","Rabat-Sale-Kenitra","Taouloukoult","Sidi Mohamed Lahmar",1,0.00498753117206983
"4197","Marrakech-Safi","Rabat-Sale-Kenitra","Taouloukoult","Sidi Yahya Zaer",1,0.00249376558603491
"4198","Marrakech-Safi","Rabat-Sale-Kenitra","Taouloukoult","Zaggota",1,0.0162094763092269
"4199","Marrakech-Safi","Souss-Massa","Jaafra","Arazene",1,0.0349127182044888
"4200","Marrakech-Safi","Souss-Massa","Jaafra","Ouad Essafa",1,0.00249376558603491
"4201","Marrakech-Safi","Souss-Massa","Jaafra","Sidi Bibi",1,0.00249376558603491
"4202","Marrakech-Safi","Souss-Massa","Labrikiyne","Arazene",1,0.0199501246882793
"4203","Marrakech-Safi","Souss-Massa","Labrikiyne","Ouad Essafa",1,0.0448877805486284
"4204","Marrakech-Safi","Souss-Massa","Labrikiyne","Sidi Bibi",1,0.0324189526184539
"4205","Marrakech-Safi","Souss-Massa","Lamzoudia","Arazene",1,0.0124688279301746
"4206","Marrakech-Safi","Souss-Massa","Lamzoudia","Ouad Essafa",1,0.0124688279301746
"4207","Marrakech-Safi","Souss-Massa","Lamzoudia","Sidi Bibi",1,0.00748129675810474
"4208","Marrakech-Safi","Souss-Massa","Oued L'Bour","Igoudar Mnabha",1,0.0174563591022444
"4209","Marrakech-Safi","Souss-Massa","Oued L'Bour","Ouled Teima",1,0.0149625935162095
"4210","Marrakech-Safi","Souss-Massa","Oulad Zarrad","Igoudar Mnabha",1,0.0149625935162095
"4211","Marrakech-Safi","Souss-Massa","Oulad Zarrad","Ouad Essafa",1,0.00997506234413965
"4212","Marrakech-Safi","Souss-Massa","Oulad Zarrad","Ouled Teima",1,0.0174563591022444
"4213","Marrakech-Safi","Souss-Massa","Oulad Zarrad","Sidi Bibi",1,0.00498753117206983
"4214","Marrakech-Safi","Souss-Massa","Saidate","Igoudar Mnabha",1,0.00498753117206983
"4215","Marrakech-Safi","Tanger-Tetouan-Al Hoceima","Benguerir","Lamjaara",1,0.0349127182044888
"4216","Marrakech-Safi","Tanger-Tetouan-Al Hoceima","Benguerir","Souk L'Qolla",1,0.00748129675810474
"4217","Marrakech-Safi","Tanger-Tetouan-Al Hoceima","Jaafra","Issaguen",4,0.0361596009975062
"4218","Marrakech-Safi","Tanger-Tetouan-Al Hoceima","Jaafra","Lamjaara",1,0.00249376558603491
"4219","Marrakech-Safi","Tanger-Tetouan-Al Hoceima","Jaafra","Souk L'Qolla",1,0.00748129675810474
"4220","Marrakech-Safi","Tanger-Tetouan-Al Hoceima","Jaafra","Zouada",1,0.00498753117206983
"4221","Marrakech-Safi","Tanger-Tetouan-Al Hoceima","Labrikiyne","Issaguen",4,0.00685785536159601
"4222","Marrakech-Safi","Tanger-Tetouan-Al Hoceima","Labrikiyne","Lamjaara",1,0.00249376558603491
"4223","Marrakech-Safi","Tanger-Tetouan-Al Hoceima","Labrikiyne","Zouada",1,0.027431421446384
"4224","Marrakech-Safi","Tanger-Tetouan-Al Hoceima","Lamzoudia","Beni Boufrah",1,0.0124688279301746
"4225","Marrakech-Safi","Tanger-Tetouan-Al Hoceima","Lamzoudia","Issaguen",3,0.00249376558603491
"4226","Marrakech-Safi","Tanger-Tetouan-Al Hoceima","Lamzoudia","Souk L'Qolla",2,0.029925187032419
"4227","Marrakech-Safi","Tanger-Tetouan-Al Hoceima","Lamzoudia","Zouada",1,0.00249376558603491
"4228","Marrakech-Safi","Tanger-Tetouan-Al Hoceima","Oued L'Bour","Beni Boufrah",2,0.00872817955112219
"4229","Marrakech-Safi","Tanger-Tetouan-Al Hoceima","Oued L'Bour","Bni Faghloum",1,0.00249376558603491
"4230","Marrakech-Safi","Tanger-Tetouan-Al Hoceima","Oued L'Bour","Chefchaouen",1,0.00249376558603491
"4231","Marrakech-Safi","Tanger-Tetouan-Al Hoceima","Oued L'Bour","Souk L'Qolla",4,0.0211970074812968
"4232","Marrakech-Safi","Tanger-Tetouan-Al Hoceima","Oued L'Bour","Tetouan",1,0.029925187032419
"4233","Marrakech-Safi","Tanger-Tetouan-Al Hoceima","Oulad Hassoune Hamri","Issaguen",1,0.00748129675810474
"4234","Marrakech-Safi","Tanger-Tetouan-Al Hoceima","Oulad Hassoune Hamri","Lamjaara",1,0.0124688279301746
"4235","Marrakech-Safi","Tanger-Tetouan-Al Hoceima","Oulad Hassoune Hamri","Souk L'Qolla",1,0.0349127182044888
"4236","Marrakech-Safi","Tanger-Tetouan-Al Hoceima","Oulad Zarrad","Beni Boufrah",1,0.0124688279301746
"4237","Marrakech-Safi","Tanger-Tetouan-Al Hoceima","Oulad Zarrad","Bni Faghloum",1,0.00249376558603491
"4238","Marrakech-Safi","Tanger-Tetouan-Al Hoceima","Oulad Zarrad","Souk L'Qolla",5,0.0104738154613466
"4239","Marrakech-Safi","Tanger-Tetouan-Al Hoceima","Oulad Zarrad","Tetouan",1,0.00249376558603491
"4240","Marrakech-Safi","Tanger-Tetouan-Al Hoceima","Saidate","Beni Boufrah",2,0.013715710723192
"4241","Marrakech-Safi","Tanger-Tetouan-Al Hoceima","Saidate","Bni Faghloum",1,0.0149625935162095
"4242","Marrakech-Safi","Tanger-Tetouan-Al Hoceima","Saidate","Chefchaouen",1,0.00498753117206983
"4243","Marrakech-Safi","Tanger-Tetouan-Al Hoceima","Saidate","Sidi Boutmim",1,0.00249376558603491
"4244","Marrakech-Safi","Tanger-Tetouan-Al Hoceima","Saidate","Souk L'Qolla",2,0.00498753117206983
"4245","Marrakech-Safi","Tanger-Tetouan-Al Hoceima","Saidate","Tetouan",1,0.00997506234413965
"4246","Marrakech-Safi","Tanger-Tetouan-Al Hoceima","Taouloukoult","Lamjaara",1,0.00748129675810474
"4247","Marrakech-Safi","Tanger-Tetouan-Al Hoceima","Taouloukoult","Souk L'Qolla",1,0.00249376558603491
"4248","Oriental","Beni Mellal-Khenifra","Aghbal","Aguelmouss",8.66666666666667,0.0165627597672485
"4249","Oriental","Beni Mellal-Khenifra","Aghbal","Bni Ayat",1,0.0174563591022444
"4250","Oriental","Beni Mellal-Khenifra","Aghbal","Bni Oukil",1.5,0.0043640897755611
"4251","Oriental","Beni Mellal-Khenifra","Aghbal","El Borj",2,0.0311720698254364
"4252","Oriental","Beni Mellal-Khenifra","Aghbal","El Hammam",2,0.00789692435577722
"4253","Oriental","Beni Mellal-Khenifra","Aghbal","Fkih Ben Salah",1,0.0149625935162095
"4254","Oriental","Beni Mellal-Khenifra","Aghbal","Had Bouhssoussen",1,0.027431421446384
"4255","Oriental","Beni Mellal-Khenifra","Aghbal","Khmis Bni Chegdale",1.66666666666667,0.0315876974231089
"4256","Oriental","Beni Mellal-Khenifra","Aghbal","Krifate",1,0.00997506234413965
"4257","Oriental","Beni Mellal-Khenifra","Aghbal","Oulad Zmam",1.66666666666667,0.00872817955112219
"4258","Oriental","Beni Mellal-Khenifra","Aghbal","Sidi Hcine",1,0.0224438902743142
"4259","Oriental","Beni Mellal-Khenifra","Aghbal","Sidi Yacoub",2.5,0.0058187863674148
"4260","Oriental","Beni Mellal-Khenifra","Aghbal","Tanourdi",1,0.0174563591022444
"4261","Oriental","Beni Mellal-Khenifra","Aghbal","Tighassaline",1,0.00831255195344971
"4262","Oriental","Beni Mellal-Khenifra","Ahl Angad","Aguelmouss",7,0.017100106875668
"4263","Oriental","Beni Mellal-Khenifra","Ahl Angad","Bni Ayat",1,0.0249376558603491
"4264","Oriental","Beni Mellal-Khenifra","Ahl Angad","El Borj",2,0.00748129675810474
"4265","Oriental","Beni Mellal-Khenifra","Ahl Angad","Had Bouhssoussen",1,0.00748129675810474
"4266","Oriental","Beni Mellal-Khenifra","Ahl Angad","Khmis Bni Chegdale",3,0.0141313383208645
"4267","Oriental","Beni Mellal-Khenifra","Ahl Angad","Sidi Hcine",1,0.027431421446384
"4268","Oriental","Beni Mellal-Khenifra","Ahl Angad","Tanourdi",1,0.0349127182044888
"4269","Oriental","Beni Mellal-Khenifra","Ain Lehjer","Aguelmouss",6.5,0.0124688279301746
"4270","Oriental","Beni Mellal-Khenifra","Ain Lehjer","Ait Saadelli",1,0.0124688279301746
"4271","Oriental","Beni Mellal-Khenifra","Ain Lehjer","Bni Ayat",1,0.0349127182044888
"4272","Oriental","Beni Mellal-Khenifra","Ain Lehjer","Bni Oukil",3,0.0174563591022444
"4273","Oriental","Beni Mellal-Khenifra","Ain Lehjer","El Borj",1.5,0.0211970074812968
"4274","Oriental","Beni Mellal-Khenifra","Ain Lehjer","El Hammam",1.5,0.00561097256857855
"4275","Oriental","Beni Mellal-Khenifra","Ain Lehjer","Fkih Ben Salah",1,0.00498753117206983
"4276","Oriental","Beni Mellal-Khenifra","Ain Lehjer","Had Bouhssoussen",1,0.0423940149625935
"4277","Oriental","Beni Mellal-Khenifra","Ain Lehjer","Khmis Bni Chegdale",3,0.0407315045719036
"4278","Oriental","Beni Mellal-Khenifra","Ain Lehjer","Lagnadiz",1,0.00249376558603491
"4279","Oriental","Beni Mellal-Khenifra","Ain Lehjer","Oulad Abdoune",1,0.00249376558603491
"4280","Oriental","Beni Mellal-Khenifra","Ain Lehjer","Oulad Boughadi",1,0.0199501246882793
"4281","Oriental","Beni Mellal-Khenifra","Ain Lehjer","Oulad Zmam",1,0.00249376558603491
"4282","Oriental","Beni Mellal-Khenifra","Ain Lehjer","Oum Rabia",1,0.00249376558603491
"4283","Oriental","Beni Mellal-Khenifra","Ain Lehjer","Sidi Hcine",1,0.0149625935162095
"4284","Oriental","Beni Mellal-Khenifra","Ain Lehjer","Sidi Yacoub",5,0.0144638403990025
"4285","Oriental","Beni Mellal-Khenifra","Ain Lehjer","Tanourdi",1,0.0349127182044888
"4286","Oriental","Beni Mellal-Khenifra","Ain Lehjer","Tighassaline",1,0.00249376558603491
"4287","Oriental","Beni Mellal-Khenifra","Ain Sfa","Aguelmouss",11,0.0174563591022444
"4288","Oriental","Beni Mellal-Khenifra","Ain Sfa","Bni Ayat",1,0.00249376558603491
"4289","Oriental","Beni Mellal-Khenifra","Ain Sfa","Bni Oukil",2,0.0162094763092269
"4290","Oriental","Beni Mellal-Khenifra","Ain Sfa","Bni Ykhlef",1,0.0324189526184539
"4291","Oriental","Beni Mellal-Khenifra","Ain Sfa","El Borj",2,0.00249376558603491
"4292","Oriental","Beni Mellal-Khenifra","Ain Sfa","El Hammam",2,0.0361596009975062
"4293","Oriental","Beni Mellal-Khenifra","Ain Sfa","Fkih Ben Salah",1,0.0224438902743142
"4294","Oriental","Beni Mellal-Khenifra","Ain Sfa","Khmis Bni Chegdale",3,0.00332502078137988
"4295","Oriental","Beni Mellal-Khenifra","Ain Sfa","Krifate",1,0.0324189526184539
"4296","Oriental","Beni Mellal-Khenifra","Ain Sfa","Oulad Abdoune",1,0.0349127182044888
"4297","Oriental","Beni Mellal-Khenifra","Ain Sfa","Oulad Zmam",1,0.0199501246882793
"4298","Oriental","Beni Mellal-Khenifra","Bni Khaled","Aguelmouss",10.5,0.0218431194740422
"4299","Oriental","Beni Mellal-Khenifra","Bni Khaled","Bni Ayat",1,0.00249376558603491
"4300","Oriental","Beni Mellal-Khenifra","Bni Khaled","Bni Oukil",2,0.0220282626766417
"4301","Oriental","Beni Mellal-Khenifra","Bni Khaled","Bni Ykhlef",1,0.0336658354114713
"4302","Oriental","Beni Mellal-Khenifra","Bni Khaled","El Borj",1.5,0.00311720698254364
"4303","Oriental","Beni Mellal-Khenifra","Bni Khaled","El Hammam",2,0.0255610972568579
"4304","Oriental","Beni Mellal-Khenifra","Bni Khaled","Fkih Ben Salah",1,0.0286783042394015
"4305","Oriental","Beni Mellal-Khenifra","Bni Khaled","Had Bouhssoussen",1,0.00374064837905237
"4306","Oriental","Beni Mellal-Khenifra","Bni Khaled","Khmis Bni Chegdale",2,0.00249376558603491
"4307","Oriental","Beni Mellal-Khenifra","Bni Khaled","Krifate",1,0.0174563591022444
"4308","Oriental","Beni Mellal-Khenifra","Bni Khaled","Oulad Abdoune",1,0.0261845386533666
"4309","Oriental","Beni Mellal-Khenifra","Bni Khaled","Oulad Zmam",1,0.0162094763092269
"4310","Oriental","Beni Mellal-Khenifra","Bni Khaled","Sidi Hcine",1,0.00249376558603491
"4311","Oriental","Beni Mellal-Khenifra","Bougriba","Aguelmouss",4.5,0.0139235245220283
"4312","Oriental","Beni Mellal-Khenifra","Bougriba","Ait Saadelli",1,0.0124688279301746
"4313","Oriental","Beni Mellal-Khenifra","Bougriba","Bni Ayat",1,0.0374064837905237
"4314","Oriental","Beni Mellal-Khenifra","Bougriba","Bni Oukil",4,0.00685785536159601
"4315","Oriental","Beni Mellal-Khenifra","Bougriba","El Borj",1.5,0.0112219451371571
"4316","Oriental","Beni Mellal-Khenifra","Bougriba","El Hammam",1,0.0174563591022444
"4317","Oriental","Beni Mellal-Khenifra","Bougriba","Had Bouhssoussen",1,0.00997506234413965
"4318","Oriental","Beni Mellal-Khenifra","Bougriba","Khmis Bni Chegdale",2,0.0124688279301746
"4319","Oriental","Beni Mellal-Khenifra","Bougriba","Lagnadiz",1,0.0174563591022444
"4320","Oriental","Beni Mellal-Khenifra","Bougriba","Oulad Zmam",1,0.0199501246882793
"4321","Oriental","Beni Mellal-Khenifra","Bougriba","Oum Rabia",1,0.00498753117206983
"4322","Oriental","Beni Mellal-Khenifra","Bougriba","Sidi Hcine",1,0.027431421446384
"4323","Oriental","Beni Mellal-Khenifra","Bougriba","Sidi Yacoub",5,0.0139650872817955
"4324","Oriental","Beni Mellal-Khenifra","Bougriba","Tanourdi",1,0.027431421446384
"4325","Oriental","Beni Mellal-Khenifra","Bougriba","Tighassaline",1,0.00249376558603491
"4326","Oriental","Beni Mellal-Khenifra","Guenfouda","Aguelmouss",8,0.0218204488778055
"4327","Oriental","Beni Mellal-Khenifra","Guenfouda","Bni Ayat",1,0.029925187032419
"4328","Oriental","Beni Mellal-Khenifra","Guenfouda","Bni Oukil",1,0.0224438902743142
"4329","Oriental","Beni Mellal-Khenifra","Guenfouda","Bni Ykhlef",1,0.0374064837905237
"4330","Oriental","Beni Mellal-Khenifra","Guenfouda","El Borj",2,0.00498753117206983
"4331","Oriental","Beni Mellal-Khenifra","Guenfouda","El Hammam",2,0.0211970074812968
"4332","Oriental","Beni Mellal-Khenifra","Guenfouda","Fkih Ben Salah",1,0.0349127182044888
"4333","Oriental","Beni Mellal-Khenifra","Guenfouda","Had Bouhssoussen",1,0.00374064837905237
"4334","Oriental","Beni Mellal-Khenifra","Guenfouda","Khmis Bni Chegdale",2,0.00955943474646717
"4335","Oriental","Beni Mellal-Khenifra","Guenfouda","Krifate",1,0.0174563591022444
"4336","Oriental","Beni Mellal-Khenifra","Guenfouda","Oulad Abdoune",1,0.0399002493765586
"4337","Oriental","Beni Mellal-Khenifra","Guenfouda","Oulad Zmam",1,0.0149625935162095
"4338","Oriental","Beni Mellal-Khenifra","Guenfouda","Oum Rabia",1,0.00249376558603491
"4339","Oriental","Beni Mellal-Khenifra","Guenfouda","Sidi Hcine",1,0.0349127182044888
"4340","Oriental","Beni Mellal-Khenifra","Guenfouda","Tanourdi",1,0.0124688279301746
"4341","Oriental","Beni Mellal-Khenifra","Guenfouda","Tighassaline",1,0.00748129675810474
"4342","Oriental","Beni Mellal-Khenifra","Houara Oulad Raho","Aguelmouss",6.33333333333333,0.0314392589953687
"4343","Oriental","Beni Mellal-Khenifra","Houara Oulad Raho","Bni Ayat",1,0.00249376558603491
"4344","Oriental","Beni Mellal-Khenifra","Houara Oulad Raho","El Hammam",1,0.0261845386533666
"4345","Oriental","Beni Mellal-Khenifra","Houara Oulad Raho","Khmis Bni Chegdale",1,0.00997506234413965
"4346","Oriental","Beni Mellal-Khenifra","Houara Oulad Raho","Oulad M'Barek",1,0.00249376558603491
"4347","Oriental","Beni Mellal-Khenifra","Houara Oulad Raho","Oulad Zmam",1,0.0872817955112219
"4348","Oriental","Beni Mellal-Khenifra","Houara Oulad Raho","Oum Rabia",1,0.027431421446384
"4349","Oriental","Beni Mellal-Khenifra","Houara Oulad Raho","Sidi Hcine",1,0.0124688279301746
"4350","Oriental","Beni Mellal-Khenifra","Houara Oulad Raho","Sidi Yacoub",2,0.00249376558603491
"4351","Oriental","Beni Mellal-Khenifra","Houara Oulad Raho","Tanourdi",1,0.0149625935162095
"4352","Oriental","Beni Mellal-Khenifra","Houara Oulad Raho","Tighassaline",1,0.0324189526184539
"4353","Oriental","Beni Mellal-Khenifra","Lamrija","Aguelmouss",7,0.00926255789098682
"4354","Oriental","Beni Mellal-Khenifra","Lamrija","Bni Oukil",1,0.00249376558603491
"4355","Oriental","Beni Mellal-Khenifra","Lamrija","El Borj",1,0.00249376558603491
"4356","Oriental","Beni Mellal-Khenifra","Lamrija","El Hammam",1,0.0199501246882793
"4357","Oriental","Beni Mellal-Khenifra","Lamrija","Khmis Bni Chegdale",1,0.0448877805486284
"4358","Oriental","Beni Mellal-Khenifra","Lamrija","Lagnadiz",1,0.0124688279301746
"4359","Oriental","Beni Mellal-Khenifra","Lamrija","Oulad Zmam",1,0.0124688279301746
"4360","Oriental","Beni Mellal-Khenifra","Lamrija","Sidi Yacoub",2,0.00623441396508728
"4361","Oriental","Beni Mellal-Khenifra","Lamrija","Tighassaline",1,0.00748129675810474
"4362","Oriental","Beni Mellal-Khenifra","Madagh","Aguelmouss",1,0.00249376558603491
"4363","Oriental","Beni Mellal-Khenifra","Madagh","Oum Rabia",1,0.122194513715711
"4364","Oriental","Beni Mellal-Khenifra","Madagh","Sidi Amar",1,0.0124688279301746
"4365","Oriental","Beni Mellal-Khenifra","Madagh","Tighassaline",1,0.107231920199501
"4366","Oriental","Beni Mellal-Khenifra","Oujda","Ait Saadelli",1,0.0124688279301746
"4367","Oriental","Beni Mellal-Khenifra","Oujda","Bni Oukil",2,0.0199501246882793
"4368","Oriental","Beni Mellal-Khenifra","Oujda","El Borj",1,0.00748129675810474
"4369","Oriental","Beni Mellal-Khenifra","Oujda","El Hammam",1,0.0124688279301746
"4370","Oriental","Beni Mellal-Khenifra","Oujda","Lagnadiz",1,0.0149625935162095
"4371","Oriental","Beni Mellal-Khenifra","Oujda","Oulad Boughadi",1,0.00498753117206983
"4372","Oriental","Beni Mellal-Khenifra","Oujda","Oulad Zmam",1,0.0174563591022444
"4373","Oriental","Beni Mellal-Khenifra","Oujda","Sidi Yacoub",5,0.0169576059850374
"4374","Oriental","Beni Mellal-Khenifra","Sidi Boulenouar","Aguelmouss",5,0.0159600997506234
"4375","Oriental","Beni Mellal-Khenifra","Sidi Boulenouar","Bni Ayat",1,0.00498753117206983
"4376","Oriental","Beni Mellal-Khenifra","Sidi Boulenouar","El Borj",1,0.00249376558603491
"4377","Oriental","Beni Mellal-Khenifra","Sidi Boulenouar","Had Bouhssoussen",1,0.00249376558603491
"4378","Oriental","Beni Mellal-Khenifra","Sidi Boulenouar","Khmis Bni Chegdale",2,0.00249376558603491
"4379","Oriental","Beni Mellal-Khenifra","Sidi Boulenouar","Oum Rabia",1,0.00748129675810474
"4380","Oriental","Beni Mellal-Khenifra","Sidi Boulenouar","Sidi Amar",1,0.00498753117206983
"4381","Oriental","Beni Mellal-Khenifra","Sidi Boulenouar","Sidi Hcine",1,0.0149625935162095
"4382","Oriental","Beni Mellal-Khenifra","Sidi Boulenouar","Tanourdi",1,0.00498753117206983
"4383","Oriental","Beni Mellal-Khenifra","Sidi Boulenouar","Tighassaline",1,0.00498753117206983
"4384","Oriental","Beni Mellal-Khenifra","Sidi Moussa Lamhaya","Aguelmouss",7,0.0103906899418121
"4385","Oriental","Beni Mellal-Khenifra","Sidi Moussa Lamhaya","Ait Saadelli",1,0.0224438902743142
"4386","Oriental","Beni Mellal-Khenifra","Sidi Moussa Lamhaya","Bni Ayat",1,0.00997506234413965
"4387","Oriental","Beni Mellal-Khenifra","Sidi Moussa Lamhaya","Bni Oukil",2,0.0224438902743142
"4388","Oriental","Beni Mellal-Khenifra","Sidi Moussa Lamhaya","Bni Ykhlef",1,0.0224438902743142
"4389","Oriental","Beni Mellal-Khenifra","Sidi Moussa Lamhaya","El Borj",1.33333333333333,0.00997506234413965
"4390","Oriental","Beni Mellal-Khenifra","Sidi Moussa Lamhaya","El Hammam",1.5,0.0149625935162095
"4391","Oriental","Beni Mellal-Khenifra","Sidi Moussa Lamhaya","Fkih Ben Salah",1,0.0199501246882793
"4392","Oriental","Beni Mellal-Khenifra","Sidi Moussa Lamhaya","Had Bouhssoussen",1,0.0149625935162095
"4393","Oriental","Beni Mellal-Khenifra","Sidi Moussa Lamhaya","Khmis Bni Chegdale",2,0.0029093931837074
"4394","Oriental","Beni Mellal-Khenifra","Sidi Moussa Lamhaya","Krifate",1,0.0336658354114713
"4395","Oriental","Beni Mellal-Khenifra","Sidi Moussa Lamhaya","Lagnadiz",1,0.00997506234413965
"4396","Oriental","Beni Mellal-Khenifra","Sidi Moussa Lamhaya","Oulad Abdoune",1,0.0374064837905237
"4397","Oriental","Beni Mellal-Khenifra","Sidi Moussa Lamhaya","Oulad Boughadi",1,0.00249376558603491
"4398","Oriental","Beni Mellal-Khenifra","Sidi Moussa Lamhaya","Oulad Zmam",1,0.0124688279301746
"4399","Oriental","Beni Mellal-Khenifra","Sidi Moussa Lamhaya","Oum Rabia",1,0.00997506234413965
"4400","Oriental","Beni Mellal-Khenifra","Sidi Moussa Lamhaya","Sidi Hcine",1,0.0174563591022444
"4401","Oriental","Beni Mellal-Khenifra","Sidi Moussa Lamhaya","Sidi Yacoub",5,0.0174563591022444
"4402","Oriental","Beni Mellal-Khenifra","Sidi Moussa Lamhaya","Tanourdi",1,0.013715710723192
"4403","Oriental","Beni Mellal-Khenifra","Sidi Moussa Lamhaya","Tighassaline",1,0.00498753117206983
"4404","Oriental","Beni Mellal-Khenifra","Zegzel","Aguelmouss",2,0.00623441396508728
"4405","Oriental","Beni Mellal-Khenifra","Zegzel","Bni Ayat",1,0.00498753117206983
"4406","Oriental","Beni Mellal-Khenifra","Zegzel","Oum Rabia",1,0.0149625935162095
"4407","Oriental","Beni Mellal-Khenifra","Zegzel","Sidi Hcine",1,0.00498753117206983
"4408","Oriental","Beni Mellal-Khenifra","Zegzel","Tanourdi",1,0.00249376558603491
"4409","Oriental","Beni Mellal-Khenifra","Zegzel","Tighassaline",1,0.00748129675810474
"4410","Oriental","Casablanca-Settat","Aghbal","Bouznika",1,0.00374064837905237
"4411","Oriental","Casablanca-Settat","Aghbal","El Borouj",1,0.0174563591022444
"4412","Oriental","Casablanca-Settat","Aghbal","Guisser",1,0.0249376558603491
"4413","Oriental","Casablanca-Settat","Aghbal","Koudiat Bni Dghough",1,0.0211970074812968
"4414","Oriental","Casablanca-Settat","Aghbal","Oulad Yahya Louta",1,0.00498753117206983
"4415","Oriental","Casablanca-Settat","Aghbal","Sidi Bettache",5.5,0.0229426433915212
"4416","Oriental","Casablanca-Settat","Aghbal","Sidi Hajjaj",1,0.00623441396508728
"4417","Oriental","Casablanca-Settat","Aghbal","Sidi Hajjaj Oued Hassar",1,0.0236907730673317
"4418","Oriental","Casablanca-Settat","Ahl Angad","El Borouj",1,0.0224438902743142
"4419","Oriental","Casablanca-Settat","Ahl Angad","Lambarkiyine",1,0.00498753117206983
"4420","Oriental","Casablanca-Settat","Ahl Angad","Sidi Bernoussi",1,0.0224438902743142
"4421","Oriental","Casablanca-Settat","Ain Lehjer","El Borouj",1,0.0324189526184539
"4422","Oriental","Casablanca-Settat","Ain Lehjer","Guisser",1,0.0224438902743142
"4423","Oriental","Casablanca-Settat","Ain Lehjer","Laaounate",1,0.00748129675810474
"4424","Oriental","Casablanca-Settat","Ain Lehjer","Moualine El Oued",1,0.0149625935162095
"4425","Oriental","Casablanca-Settat","Ain Lehjer","Oulad Yahya Louta",1,0.00498753117206983
"4426","Oriental","Casablanca-Settat","Ain Lehjer","Sidi Bernoussi",1,0.00498753117206983
"4427","Oriental","Casablanca-Settat","Ain Lehjer","Sidi Bettache",1,0.00249376558603491
"4428","Oriental","Casablanca-Settat","Ain Sfa","El Borouj",1,0.00498753117206983
"4429","Oriental","Casablanca-Settat","Ain Sfa","Guisser",1,0.00748129675810474
"4430","Oriental","Casablanca-Settat","Ain Sfa","Laaounate",1,0.00498753117206983
"4431","Oriental","Casablanca-Settat","Ain Sfa","Moualine El Oued",1,0.0124688279301746
"4432","Oriental","Casablanca-Settat","Bni Khaled","El Borouj",1,0.00249376558603491
"4433","Oriental","Casablanca-Settat","Bni Khaled","Guisser",1,0.00748129675810474
"4434","Oriental","Casablanca-Settat","Bni Khaled","Laaounate",1,0.0124688279301746
"4435","Oriental","Casablanca-Settat","Bni Khaled","Moualine El Oued",1,0.013715710723192
"4436","Oriental","Casablanca-Settat","Bougriba","Bouznika",1,0.0249376558603491
"4437","Oriental","Casablanca-Settat","Bougriba","El Borouj",1,0.0112219451371571
"4438","Oriental","Casablanca-Settat","Bougriba","Guisser",1,0.00249376558603491
"4439","Oriental","Casablanca-Settat","Bougriba","Laaounate",1,0.00498753117206983
"4440","Oriental","Casablanca-Settat","Bougriba","Lambarkiyine",1,0.00498753117206983
"4441","Oriental","Casablanca-Settat","Bougriba","Moualine El Oued",1,0.00249376558603491
"4442","Oriental","Casablanca-Settat","Bougriba","Oulad Yahya Louta",1,0.027431421446384
"4443","Oriental","Casablanca-Settat","Bougriba","Sidi Bernoussi",1,0.00997506234413965
"4444","Oriental","Casablanca-Settat","Bougriba","Sidi Bettache",1,0.0224438902743142
"4445","Oriental","Casablanca-Settat","Bougriba","Sidi Hajjaj",1,0.0199501246882793
"4446","Oriental","Casablanca-Settat","Guenfouda","El Borouj",1,0.00997506234413965
"4447","Oriental","Casablanca-Settat","Guenfouda","Guisser",1,0.00748129675810474
"4448","Oriental","Casablanca-Settat","Guenfouda","Laaounate",1,0.00498753117206983
"4449","Oriental","Casablanca-Settat","Guenfouda","Lambarkiyine",1,0.00748129675810474
"4450","Oriental","Casablanca-Settat","Guenfouda","Moualine El Oued",1,0.00249376558603491
"4451","Oriental","Casablanca-Settat","Guenfouda","Sidi Bernoussi",1,0.00748129675810474
"4452","Oriental","Casablanca-Settat","Houara Oulad Raho","Had Soualem",1,0.150872817955112
"4453","Oriental","Casablanca-Settat","Houara Oulad Raho","Koudiat Bni Dghough",1,0.0162094763092269
"4454","Oriental","Casablanca-Settat","Houara Oulad Raho","Lambarkiyine",1,0.0498753117206983
"4455","Oriental","Casablanca-Settat","Houara Oulad Raho","Sahel Oulad H'Riz",1,0.108478802992519
"4456","Oriental","Casablanca-Settat","Houara Oulad Raho","Sidi Bernoussi",1,0.0399002493765586
"4457","Oriental","Casablanca-Settat","Houara Oulad Raho","Sidi Bettache",5,0.0162094763092269
"4458","Oriental","Casablanca-Settat","Houara Oulad Raho","Sidi Hajjaj Oued Hassar",1,0.0149625935162095
"4459","Oriental","Casablanca-Settat","Lamrija","Bouznika",1,0.00748129675810474
"4460","Oriental","Casablanca-Settat","Lamrija","Koudiat Bni Dghough",1,0.0224438902743142
"4461","Oriental","Casablanca-Settat","Lamrija","Oulad Yahya Louta",1,0.00997506234413965
"4462","Oriental","Casablanca-Settat","Lamrija","Sidi Bettache",6,0.0207813798836243
"4463","Oriental","Casablanca-Settat","Lamrija","Sidi Hajjaj",1,0.0174563591022444
"4464","Oriental","Casablanca-Settat","Lamrija","Sidi Hajjaj Oued Hassar",1,0.00748129675810474
"4465","Oriental","Casablanca-Settat","Madagh","Lambarkiyine",1,0.107231920199501
"4466","Oriental","Casablanca-Settat","Madagh","Sidi Bernoussi",1,0.00498753117206983
"4467","Oriental","Casablanca-Settat","Oujda","Bouznika",1,0.029925187032419
"4468","Oriental","Casablanca-Settat","Oujda","Laaounate",1,0.00249376558603491
"4469","Oriental","Casablanca-Settat","Oujda","Moualine El Oued",1,0.00249376558603491
"4470","Oriental","Casablanca-Settat","Oujda","Oulad Yahya Louta",1,0.0149625935162095
"4471","Oriental","Casablanca-Settat","Oujda","Sidi Bettache",1,0.0149625935162095
"4472","Oriental","Casablanca-Settat","Oujda","Sidi Hajjaj",1,0.0249376558603491
"4473","Oriental","Casablanca-Settat","Sidi Boulenouar","El Borouj",1,0.00249376558603491
"4474","Oriental","Casablanca-Settat","Sidi Boulenouar","Guisser",1,0.00249376558603491
"4475","Oriental","Casablanca-Settat","Sidi Boulenouar","Lambarkiyine",1,0.0149625935162095
"4476","Oriental","Casablanca-Settat","Sidi Boulenouar","Sidi Bernoussi",1,0.0399002493765586
"4477","Oriental","Casablanca-Settat","Sidi Moussa Lamhaya","Bouznika",1,0.0174563591022444
"4478","Oriental","Casablanca-Settat","Sidi Moussa Lamhaya","Guisser",1,0.0149625935162095
"4479","Oriental","Casablanca-Settat","Sidi Moussa Lamhaya","Laaounate",1,0.00748129675810474
"4480","Oriental","Casablanca-Settat","Sidi Moussa Lamhaya","Lambarkiyine",1,0.0199501246882793
"4481","Oriental","Casablanca-Settat","Sidi Moussa Lamhaya","Moualine El Oued",1,0.00249376558603491
"4482","Oriental","Casablanca-Settat","Sidi Moussa Lamhaya","Oulad Yahya Louta",1,0.0124688279301746
"4483","Oriental","Casablanca-Settat","Sidi Moussa Lamhaya","Sidi Bernoussi",1,0.0249376558603491
"4484","Oriental","Casablanca-Settat","Sidi Moussa Lamhaya","Sidi Bettache",1,0.00498753117206983
"4485","Oriental","Casablanca-Settat","Sidi Moussa Lamhaya","Sidi Hajjaj",1,0.0199501246882793
"4486","Oriental","Casablanca-Settat","Zegzel","El Borouj",1,0.00249376558603491
"4487","Oriental","Casablanca-Settat","Zegzel","Guisser",1,0.00249376558603491
"4488","Oriental","Casablanca-Settat","Zegzel","Lambarkiyine",1,0.0423940149625935
"4489","Oriental","Casablanca-Settat","Zegzel","Sidi Bernoussi",1,0.0399002493765586
"4490","Oriental","Daraa-Tafilalet","Aghbal","Aghbalou",5,0.0184459486205122
"4491","Oriental","Daraa-Tafilalet","Aghbal","Sidi Yahya ou Youssef",1,0.0324189526184539
"4492","Oriental","Daraa-Tafilalet","Ahl Angad","Aghbalou",2,0.0112219451371571
"4493","Oriental","Daraa-Tafilalet","Ahl Angad","Sidi Yahya ou Youssef",1,0.00997506234413965
"4494","Oriental","Daraa-Tafilalet","Ain Lehjer","Aghbalou",2,0.0199501246882793
"4495","Oriental","Daraa-Tafilalet","Ain Lehjer","Sidi Yahya ou Youssef",1,0.0224438902743142
"4496","Oriental","Daraa-Tafilalet","Ain Sfa","Aghbalou",3,0.0124688279301746
"4497","Oriental","Daraa-Tafilalet","Ain Sfa","Sidi Yahya ou Youssef",1,0.00249376558603491
"4498","Oriental","Daraa-Tafilalet","Bni Khaled","Aghbalou",2,0.014546965918537
"4499","Oriental","Daraa-Tafilalet","Bougriba","Aghbalou",2.5,0.0170407315045719
"4500","Oriental","Daraa-Tafilalet","Bougriba","Sidi Yahya ou Youssef",1,0.029925187032419
"4501","Oriental","Daraa-Tafilalet","Guenfouda","Aghbalou",2,0.0199501246882793
"4502","Oriental","Daraa-Tafilalet","Guenfouda","Sidi Yahya ou Youssef",1,0.0112219451371571
"4503","Oriental","Daraa-Tafilalet","Houara Oulad Raho","Aghbalou",3.33333333333333,0.0103491271820449
"4504","Oriental","Daraa-Tafilalet","Houara Oulad Raho","Sidi Yahya ou Youssef",1,0.00249376558603491
"4505","Oriental","Daraa-Tafilalet","Lamrija","Aghbalou",7,0.0121125757035981
"4506","Oriental","Daraa-Tafilalet","Oujda","Aghbalou",4,0.0112219451371571
"4507","Oriental","Daraa-Tafilalet","Sidi Boulenouar","Aghbalou",2,0.00623441396508728
"4508","Oriental","Daraa-Tafilalet","Sidi Boulenouar","Sidi Yahya ou Youssef",1,0.00498753117206983
"4509","Oriental","Daraa-Tafilalet","Sidi Moussa Lamhaya","Aghbalou",2,0.013161540592962
"4510","Oriental","Daraa-Tafilalet","Sidi Moussa Lamhaya","Sidi Yahya ou Youssef",1,0.00498753117206983
"4511","Oriental","Daraa-Tafilalet","Zegzel","Sidi Yahya ou Youssef",1,0.00997506234413965
"4512","Oriental","Fes-Meknes","Aghbal","Aghbalou Aqorar",2,0.0230673316708229
"4513","Oriental","Fes-Meknes","Aghbal","Ain Bida",1,0.00374064837905237
"4514","Oriental","Fes-Meknes","Aghbal","Ain Bou Ali",1,0.00249376558603491
"4515","Oriental","Fes-Meknes","Aghbal","Ain Chkef",1,0.0261845386533666
"4516","Oriental","Fes-Meknes","Aghbal","Ain Kansra",1,0.0211970074812968
"4517","Oriental","Fes-Meknes","Aghbal","Ain Leuh",2,0.0155860349127182
"4518","Oriental","Fes-Meknes","Aghbal","Ait Boubidmane",1,0.0124688279301746
"4519","Oriental","Fes-Meknes","Aghbal","Ait Naamane",2.5,0.0170407315045719
"4520","Oriental","Fes-Meknes","Aghbal","Ait Sebaa Lajrouf",1,0.00249376558603491
"4521","Oriental","Fes-Meknes","Aghbal","Almis Marmoucha",1,0.0224438902743142
"4522","Oriental","Fes-Meknes","Aghbal","Ben Smim",1.5,0.0180798004987531
"4523","Oriental","Fes-Meknes","Aghbal","Bni Snous",1,0.00623441396508728
"4524","Oriental","Fes-Meknes","Aghbal","Dayat Aoua",1,0.013715710723192
"4525","Oriental","Fes-Meknes","Aghbal","Fes Medina",1,0.0149625935162095
"4526","Oriental","Fes-Meknes","Aghbal","Kandar Sidi Khiar",1,0.00249376558603491
"4527","Oriental","Fes-Meknes","Aghbal","Majjate",1,0.0174563591022444
"4528","Oriental","Fes-Meknes","Aghbal","Mezraoua",1,0.0112219451371571
"4529","Oriental","Fes-Meknes","Aghbal","Moulay Idriss Zarhoun",1,0.0261845386533666
"4530","Oriental","Fes-Meknes","Aghbal","Ouizeght",1,0.0399002493765586
"4531","Oriental","Fes-Meknes","Aghbal","Oulad Mimoun",1,0.0236907730673317
"4532","Oriental","Fes-Meknes","Aghbal","Outat El Haj",1,0.0249376558603491
"4533","Oriental","Fes-Meknes","Aghbal","Sebaa Rouadi",1,0.00748129675810474
"4534","Oriental","Fes-Meknes","Aghbal","Sidi Boutayeb",1,0.0149625935162095
"4535","Oriental","Fes-Meknes","Aghbal","Sidi El Makhfi",3,0.0029093931837074
"4536","Oriental","Fes-Meknes","Aghbal","Timahdite",6.5,0.0132703954399715
"4537","Oriental","Fes-Meknes","Ahl Angad","Aghbalou Aqorar",1,0.0174563591022444
"4538","Oriental","Fes-Meknes","Ahl Angad","Almis Marmoucha",1,0.00498753117206983
"4539","Oriental","Fes-Meknes","Ahl Angad","Enjil",1,0.00249376558603491
"4540","Oriental","Fes-Meknes","Ahl Angad","Outat El Haj",1,0.00249376558603491
"4541","Oriental","Fes-Meknes","Ahl Angad","Sidi Boutayeb",1,0.0324189526184539
"4542","Oriental","Fes-Meknes","Ahl Angad","Zrarda",1,0.00249376558603491
"4543","Oriental","Fes-Meknes","Ain Lehjer","Aghbalou Aqorar",1,0.0261845386533666
"4544","Oriental","Fes-Meknes","Ain Lehjer","Ain Bou Ali",1,0.00249376558603491
"4545","Oriental","Fes-Meknes","Ain Lehjer","Ain Karma- Oued Rommane",1,0.0349127182044888
"4546","Oriental","Fes-Meknes","Ain Lehjer","Ain Leuh",2,0.00623441396508728
"4547","Oriental","Fes-Meknes","Ain Lehjer","Ait Naamane",2,0.00498753117206983
"4548","Oriental","Fes-Meknes","Ain Lehjer","Ait Sebaa Lajrouf",2,0.0124688279301746
"4549","Oriental","Fes-Meknes","Ain Lehjer","Almis Marmoucha",1,0.0199501246882793
"4550","Oriental","Fes-Meknes","Ain Lehjer","Kandar Sidi Khiar",1,0.00498753117206983
"4551","Oriental","Fes-Meknes","Ain Lehjer","Laanoussar",3,0.00831255195344971
"4552","Oriental","Fes-Meknes","Ain Lehjer","Louadaine",3,0.00831255195344971
"4553","Oriental","Fes-Meknes","Ain Lehjer","Majjate",1,0.0149625935162095
"4554","Oriental","Fes-Meknes","Ain Lehjer","Oued Ifrane",1,0.0199501246882793
"4555","Oriental","Fes-Meknes","Ain Lehjer","Oued Jemaa",1,0.00748129675810474
"4556","Oriental","Fes-Meknes","Ain Lehjer","Ouizeght",1,0.0448877805486284
"4557","Oriental","Fes-Meknes","Ain Lehjer","Outat El Haj",1,0.0399002493765586
"4558","Oriental","Fes-Meknes","Ain Lehjer","Rghioua",1,0.027431421446384
"4559","Oriental","Fes-Meknes","Ain Lehjer","Sidi Boutayeb",1,0.0324189526184539
"4560","Oriental","Fes-Meknes","Ain Lehjer","Sidi El Makhfi",3,0.00831255195344971
"4561","Oriental","Fes-Meknes","Ain Lehjer","Tigrigra",1,0.0199501246882793
"4562","Oriental","Fes-Meknes","Ain Lehjer","Timahdite",4,0.00374064837905237
"4563","Oriental","Fes-Meknes","Ain Sfa","Almis Marmoucha",1,0.00997506234413965
"4564","Oriental","Fes-Meknes","Ain Sfa","Kandar Sidi Khiar",1,0.0199501246882793
"4565","Oriental","Fes-Meknes","Ain Sfa","Laanoussar",3,0.0124688279301746
"4566","Oriental","Fes-Meknes","Ain Sfa","Majjate",1,0.027431421446384
"4567","Oriental","Fes-Meknes","Ain Sfa","Ouizeght",1,0.00249376558603491
"4568","Oriental","Fes-Meknes","Ain Sfa","Outat El Haj",1,0.00748129675810474
"4569","Oriental","Fes-Meknes","Bni Khaled","Ain Karma- Oued Rommane",1,0.00249376558603491
"4570","Oriental","Fes-Meknes","Bni Khaled","Ait Sebaa Lajrouf",1,0.00498753117206983
"4571","Oriental","Fes-Meknes","Bni Khaled","Almis Marmoucha",1,0.00997506234413965
"4572","Oriental","Fes-Meknes","Bni Khaled","Kandar Sidi Khiar",1,0.0336658354114713
"4573","Oriental","Fes-Meknes","Bni Khaled","Laanoussar",3,0.0116375727348296
"4574","Oriental","Fes-Meknes","Bni Khaled","Majjate",1,0.0149625935162095
"4575","Oriental","Fes-Meknes","Bni Khaled","Oued Jemaa",1,0.00249376558603491
"4576","Oriental","Fes-Meknes","Bni Khaled","Ouizeght",1,0.00249376558603491
"4577","Oriental","Fes-Meknes","Bni Khaled","Outat El Haj",1,0.00249376558603491
"4578","Oriental","Fes-Meknes","Bni Khaled","Sidi Boutayeb",1,0.00249376558603491
"4579","Oriental","Fes-Meknes","Bougriba","Aghbalou Aqorar",1,0.013715710723192
"4580","Oriental","Fes-Meknes","Bougriba","Ain Bida",1,0.0174563591022444
"4581","Oriental","Fes-Meknes","Bougriba","Ain Bou Ali",1,0.00997506234413965
"4582","Oriental","Fes-Meknes","Bougriba","Ain Chkef",1,0.00249376558603491
"4583","Oriental","Fes-Meknes","Bougriba","Ain Karma- Oued Rommane",1,0.00498753117206983
"4584","Oriental","Fes-Meknes","Bougriba","Ain Leuh",2,0.0199501246882793
"4585","Oriental","Fes-Meknes","Bougriba","Ait Boubidmane",1,0.00249376558603491
"4586","Oriental","Fes-Meknes","Bougriba","Ait Naamane",2,0.0249376558603491
"4587","Oriental","Fes-Meknes","Bougriba","Ait Sebaa Lajrouf",2,0.0124688279301746
"4588","Oriental","Fes-Meknes","Bougriba","Almis Marmoucha",1,0.00498753117206983
"4589","Oriental","Fes-Meknes","Bougriba","Bni Snous",1,0.0149625935162095
"4590","Oriental","Fes-Meknes","Bougriba","Enjil",1,0.00249376558603491
"4591","Oriental","Fes-Meknes","Bougriba","Laanoussar",1,0.00498753117206983
"4592","Oriental","Fes-Meknes","Bougriba","Louadaine",3,0.029925187032419
"4593","Oriental","Fes-Meknes","Bougriba","Mezraoua",1,0.00748129675810474
"4594","Oriental","Fes-Meknes","Bougriba","Oued Ifrane",1,0.00748129675810474
"4595","Oriental","Fes-Meknes","Bougriba","Oued Jemaa",1,0.00997506234413965
"4596","Oriental","Fes-Meknes","Bougriba","Ouizeght",1,0.00249376558603491
"4597","Oriental","Fes-Meknes","Bougriba","Outat El Haj",1,0.00748129675810474
"4598","Oriental","Fes-Meknes","Bougriba","Rghioua",1,0.00997506234413965
"4599","Oriental","Fes-Meknes","Bougriba","Sebaa Rouadi",1,0.0224438902743142
"4600","Oriental","Fes-Meknes","Bougriba","Sidi Boutayeb",1,0.029925187032419
"4601","Oriental","Fes-Meknes","Bougriba","Sidi El Makhfi",3,0.0199501246882793
"4602","Oriental","Fes-Meknes","Bougriba","Tigrigra",1,0.00997506234413965
"4603","Oriental","Fes-Meknes","Bougriba","Timahdite",7,0.0174563591022444
"4604","Oriental","Fes-Meknes","Bougriba","Zrarda",1,0.00249376558603491
"4605","Oriental","Fes-Meknes","Guenfouda","Aghbalou Aqorar",1,0.00748129675810474
"4606","Oriental","Fes-Meknes","Guenfouda","Ait Sebaa Lajrouf",1,0.00249376558603491
"4607","Oriental","Fes-Meknes","Guenfouda","Almis Marmoucha",1,0.00748129675810474
"4608","Oriental","Fes-Meknes","Guenfouda","Enjil",1,0.00249376558603491
"4609","Oriental","Fes-Meknes","Guenfouda","Kandar Sidi Khiar",1,0.0349127182044888
"4610","Oriental","Fes-Meknes","Guenfouda","Laanoussar",3,0.00914380714879468
"4611","Oriental","Fes-Meknes","Guenfouda","Majjate",1,0.0149625935162095
"4612","Oriental","Fes-Meknes","Guenfouda","Ouizeght",1,0.00623441396508728
"4613","Oriental","Fes-Meknes","Guenfouda","Outat El Haj",1,0.00748129675810474
"4614","Oriental","Fes-Meknes","Guenfouda","Sidi Boutayeb",1,0.0174563591022444
"4615","Oriental","Fes-Meknes","Houara Oulad Raho","Aghbalou Aqorar",1.33333333333333,0.0257689110556941
"4616","Oriental","Fes-Meknes","Houara Oulad Raho","Ain Chkef",1,0.00249376558603491
"4617","Oriental","Fes-Meknes","Houara Oulad Raho","Ain Kansra",1.5,0.00249376558603491
"4618","Oriental","Fes-Meknes","Houara Oulad Raho","Ain Leuh",1.5,0.00997506234413965
"4619","Oriental","Fes-Meknes","Houara Oulad Raho","Ait Naamane",1,0.00249376558603491
"4620","Oriental","Fes-Meknes","Houara Oulad Raho","Ben Smim",1.5,0.11284289276808
"4621","Oriental","Fes-Meknes","Houara Oulad Raho","Bni Snous",1,0.00249376558603491
"4622","Oriental","Fes-Meknes","Houara Oulad Raho","Dayat Aoua",1,0.0598503740648379
"4623","Oriental","Fes-Meknes","Houara Oulad Raho","Enjil",1,0.00498753117206983
"4624","Oriental","Fes-Meknes","Houara Oulad Raho","Fes Medina",1,0.0386533665835411
"4625","Oriental","Fes-Meknes","Houara Oulad Raho","Matmata",1,0.0972568578553616
"4626","Oriental","Fes-Meknes","Houara Oulad Raho","Moulay Idriss Zarhoun",1,0.0112219451371571
"4627","Oriental","Fes-Meknes","Houara Oulad Raho","Oulad Mimoun",1,0.00498753117206983
"4628","Oriental","Fes-Meknes","Houara Oulad Raho","Sebaa Rouadi",1,0.00249376558603491
"4629","Oriental","Fes-Meknes","Houara Oulad Raho","Sidi Boutayeb",1,0.00498753117206983
"4630","Oriental","Fes-Meknes","Houara Oulad Raho","Sidi El Makhfi",1,0.14214463840399
"4631","Oriental","Fes-Meknes","Houara Oulad Raho","Timahdite",1.5,0.00249376558603491
"4632","Oriental","Fes-Meknes","Houara Oulad Raho","Zrarda",1,0.00498753117206983
"4633","Oriental","Fes-Meknes","Lamrija","Aghbalou Aqorar",2,0.0374064837905237
"4634","Oriental","Fes-Meknes","Lamrija","Ain Bida",1,0.00748129675810474
"4635","Oriental","Fes-Meknes","Lamrija","Ain Bou Ali",1,0.00498753117206983
"4636","Oriental","Fes-Meknes","Lamrija","Ain Chkef",1,0.0324189526184539
"4637","Oriental","Fes-Meknes","Lamrija","Ain Kansra",1,0.027431421446384
"4638","Oriental","Fes-Meknes","Lamrija","Ain Leuh",3,0.00914380714879468
"4639","Oriental","Fes-Meknes","Lamrija","Ait Boubidmane",1,0.0124688279301746
"4640","Oriental","Fes-Meknes","Lamrija","Ait Naamane",2,0.0149625935162095
"4641","Oriental","Fes-Meknes","Lamrija","Ben Smim",2,0.0149625935162095
"4642","Oriental","Fes-Meknes","Lamrija","Bni Snous",1,0.0124688279301746
"4643","Oriental","Fes-Meknes","Lamrija","Fes Medina",1,0.0124688279301746
"4644","Oriental","Fes-Meknes","Lamrija","Louadaine",2,0.00249376558603491
"4645","Oriental","Fes-Meknes","Lamrija","Mezraoua",1,0.0149625935162095
"4646","Oriental","Fes-Meknes","Lamrija","Moulay Idriss Zarhoun",1,0.00498753117206983
"4647","Oriental","Fes-Meknes","Lamrija","Oued Ifrane",1,0.00249376558603491
"4648","Oriental","Fes-Meknes","Lamrija","Oulad Mimoun",1,0.0174563591022444
"4649","Oriental","Fes-Meknes","Lamrija","Sebaa Rouadi",1,0.0124688279301746
"4650","Oriental","Fes-Meknes","Lamrija","Sidi El Makhfi",1,0.00249376558603491
"4651","Oriental","Fes-Meknes","Lamrija","Timahdite",7,0.0163876024225151
"4652","Oriental","Fes-Meknes","Madagh","Aghbalou Aqorar",1,0.00249376558603491
"4653","Oriental","Fes-Meknes","Madagh","Enjil",1,0.0947630922693267
"4654","Oriental","Fes-Meknes","Madagh","Sidi Boutayeb",1,0.00498753117206983
"4655","Oriental","Fes-Meknes","Madagh","Zrarda",1,0.0648379052369077
"4656","Oriental","Fes-Meknes","Oujda","Aghbalou Aqorar",1,0.0124688279301746
"4657","Oriental","Fes-Meknes","Oujda","Ain Bida",1,0.0224438902743142
"4658","Oriental","Fes-Meknes","Oujda","Ain Bou Ali",1,0.0174563591022444
"4659","Oriental","Fes-Meknes","Oujda","Ain Kansra",1,0.00249376558603491
"4660","Oriental","Fes-Meknes","Oujda","Ain Karma- Oued Rommane",1,0.0124688279301746
"4661","Oriental","Fes-Meknes","Oujda","Ain Leuh",2,0.027431421446384
"4662","Oriental","Fes-Meknes","Oujda","Ait Boubidmane",1,0.00249376558603491
"4663","Oriental","Fes-Meknes","Oujda","Ait Naamane",3,0.0166251039068994
"4664","Oriental","Fes-Meknes","Oujda","Ait Sebaa Lajrouf",2,0.00872817955112219
"4665","Oriental","Fes-Meknes","Oujda","Bni Snous",1,0.0124688279301746
"4666","Oriental","Fes-Meknes","Oujda","Laanoussar",1,0.00498753117206983
"4667","Oriental","Fes-Meknes","Oujda","Louadaine",3,0.00831255195344971
"4668","Oriental","Fes-Meknes","Oujda","Mezraoua",1,0.0199501246882793
"4669","Oriental","Fes-Meknes","Oujda","Oued Ifrane",1,0.00997506234413965
"4670","Oriental","Fes-Meknes","Oujda","Oued Jemaa",1,0.00498753117206983
"4671","Oriental","Fes-Meknes","Oujda","Rghioua",1,0.0174563591022444
"4672","Oriental","Fes-Meknes","Oujda","Sebaa Rouadi",1,0.0149625935162095
"4673","Oriental","Fes-Meknes","Oujda","Sidi Boutayeb",1,0.00249376558603491
"4674","Oriental","Fes-Meknes","Oujda","Sidi El Makhfi",3,0.0166251039068994
"4675","Oriental","Fes-Meknes","Oujda","Tigrigra",1,0.0124688279301746
"4676","Oriental","Fes-Meknes","Oujda","Timahdite",7,0.0131813323833274
"4677","Oriental","Fes-Meknes","Sidi Boulenouar","Aghbalou Aqorar",1,0.027431421446384
"4678","Oriental","Fes-Meknes","Sidi Boulenouar","Enjil",1,0.00498753117206983
"4679","Oriental","Fes-Meknes","Sidi Boulenouar","Ouizeght",1,0.00748129675810474
"4680","Oriental","Fes-Meknes","Sidi Boulenouar","Sidi Boutayeb",1,0.0124688279301746
"4681","Oriental","Fes-Meknes","Sidi Boulenouar","Zrarda",1,0.00498753117206983
"4682","Oriental","Fes-Meknes","Sidi Moussa Lamhaya","Aghbalou Aqorar",1.5,0.0187032418952618
"4683","Oriental","Fes-Meknes","Sidi Moussa Lamhaya","Ain Bida",1,0.0224438902743142
"4684","Oriental","Fes-Meknes","Sidi Moussa Lamhaya","Ain Bou Ali",1,0.0199501246882793
"4685","Oriental","Fes-Meknes","Sidi Moussa Lamhaya","Ain Karma- Oued Rommane",1,0.0124688279301746
"4686","Oriental","Fes-Meknes","Sidi Moussa Lamhaya","Ain Leuh",2,0.0249376558603491
"4687","Oriental","Fes-Meknes","Sidi Moussa Lamhaya","Ait Naamane",2,0.029925187032419
"4688","Oriental","Fes-Meknes","Sidi Moussa Lamhaya","Ait Sebaa Lajrouf",1,0.0087281795511222
"4689","Oriental","Fes-Meknes","Sidi Moussa Lamhaya","Almis Marmoucha",1,0.0124688279301746
"4690","Oriental","Fes-Meknes","Sidi Moussa Lamhaya","Bni Snous",1,0.00997506234413965
"4691","Oriental","Fes-Meknes","Sidi Moussa Lamhaya","Enjil",1,0.00498753117206983
"4692","Oriental","Fes-Meknes","Sidi Moussa Lamhaya","Kandar Sidi Khiar",1,0.029925187032419
"4693","Oriental","Fes-Meknes","Sidi Moussa Lamhaya","Laanoussar",2,0.0058187863674148
"4694","Oriental","Fes-Meknes","Sidi Moussa Lamhaya","Louadaine",3,0.0133000831255195
"4695","Oriental","Fes-Meknes","Sidi Moussa Lamhaya","Majjate",1,0.027431421446384
"4696","Oriental","Fes-Meknes","Sidi Moussa Lamhaya","Mezraoua",1,0.0124688279301746
"4697","Oriental","Fes-Meknes","Sidi Moussa Lamhaya","Oued Jemaa",1,0.00748129675810474
"4698","Oriental","Fes-Meknes","Sidi Moussa Lamhaya","Ouizeght",1,0.00249376558603491
"4699","Oriental","Fes-Meknes","Sidi Moussa Lamhaya","Oulad Ayyad",1,0.0124688279301746
"4700","Oriental","Fes-Meknes","Sidi Moussa Lamhaya","Outat El Haj",1,0.00249376558603491
"4701","Oriental","Fes-Meknes","Sidi Moussa Lamhaya","Sebaa Rouadi",1,0.0149625935162095
"4702","Oriental","Fes-Meknes","Sidi Moussa Lamhaya","Sidi Boutayeb",1,0.00498753117206983
"4703","Oriental","Fes-Meknes","Sidi Moussa Lamhaya","Sidi El Makhfi",3,0.0166251039068994
"4704","Oriental","Fes-Meknes","Sidi Moussa Lamhaya","Tigrigra",1,0.00498753117206983
"4705","Oriental","Fes-Meknes","Sidi Moussa Lamhaya","Timahdite",6,0.015378221113882
"4706","Oriental","Fes-Meknes","Sidi Moussa Lamhaya","Zrarda",1,0.00748129675810474
"4707","Oriental","Fes-Meknes","Zegzel","Aghbalou Aqorar",1,0.029925187032419
"4708","Oriental","Fes-Meknes","Zegzel","Enjil",1,0.027431421446384
"4709","Oriental","Fes-Meknes","Zegzel","Ouizeght",1,0.00249376558603491
"4710","Oriental","Fes-Meknes","Zegzel","Outat El Haj",1,0.00249376558603491
"4711","Oriental","Fes-Meknes","Zegzel","Zrarda",1,0.00748129675810474
"4712","Oriental","Marrakech-Safi","Aghbal","Benguerir",1,0.00997506234413965
"4713","Oriental","Marrakech-Safi","Aghbal","Jaafra",1,0.00748129675810474
"4714","Oriental","Marrakech-Safi","Aghbal","Oued L'Bour",1,0.00623441396508728
"4715","Oriental","Marrakech-Safi","Aghbal","Oulad Hassoune Hamri",1,0.027431421446384
"4716","Oriental","Marrakech-Safi","Aghbal","Oulad Zarrad",1,0.00249376558603491
"4717","Oriental","Marrakech-Safi","Aghbal","Saidate",1,0.0236907730673317
"4718","Oriental","Marrakech-Safi","Aghbal","Taouloukoult",1,0.00249376558603491
"4719","Oriental","Marrakech-Safi","Ahl Angad","Benguerir",1,0.0174563591022444
"4720","Oriental","Marrakech-Safi","Ahl Angad","Jaafra",1,0.00249376558603491
"4721","Oriental","Marrakech-Safi","Ahl Angad","M'Nabha",1,0.00249376558603491
"4722","Oriental","Marrakech-Safi","Ahl Angad","Oulad Hassoune Hamri",1,0.0174563591022444
"4723","Oriental","Marrakech-Safi","Ahl Angad","Taouloukoult",2,0.0149625935162095
"4724","Oriental","Marrakech-Safi","Ain Lehjer","Benguerir",1,0.00997506234413965
"4725","Oriental","Marrakech-Safi","Ain Lehjer","Jaafra",1,0.00748129675810474
"4726","Oriental","Marrakech-Safi","Ain Lehjer","Labrikiyne",1,0.00498753117206983
"4727","Oriental","Marrakech-Safi","Ain Lehjer","Lamzoudia",1,0.0224438902743142
"4728","Oriental","Marrakech-Safi","Ain Lehjer","Oulad Hassoune Hamri",1,0.027431421446384
"4729","Oriental","Marrakech-Safi","Ain Lehjer","Taouloukoult",2,0.00249376558603491
"4730","Oriental","Marrakech-Safi","Ain Sfa","Jaafra",1,0.0174563591022444
"4731","Oriental","Marrakech-Safi","Ain Sfa","Labrikiyne",1,0.00249376558603491
"4732","Oriental","Marrakech-Safi","Bni Khaled","Jaafra",1,0.0199501246882793
"4733","Oriental","Marrakech-Safi","Bni Khaled","Labrikiyne",1,0.013715710723192
"4734","Oriental","Marrakech-Safi","Bni Khaled","Lamzoudia",1,0.00249376558603491
"4735","Oriental","Marrakech-Safi","Bni Khaled","Oulad Hassoune Hamri",1,0.00249376558603491
"4736","Oriental","Marrakech-Safi","Bni Khaled","Taouloukoult",1,0.00249376558603491
"4737","Oriental","Marrakech-Safi","Bougriba","Benguerir",1,0.027431421446384
"4738","Oriental","Marrakech-Safi","Bougriba","Jaafra",1,0.00249376558603491
"4739","Oriental","Marrakech-Safi","Bougriba","Lamzoudia",1,0.00249376558603491
"4740","Oriental","Marrakech-Safi","Bougriba","M'Nabha",1,0.00249376558603491
"4741","Oriental","Marrakech-Safi","Bougriba","Oued L'Bour",1,0.0199501246882793
"4742","Oriental","Marrakech-Safi","Bougriba","Oulad Hassoune Hamri",1,0.00748129675810474
"4743","Oriental","Marrakech-Safi","Bougriba","Oulad Zarrad",1,0.0149625935162095
"4744","Oriental","Marrakech-Safi","Bougriba","Taouloukoult",2,0.0124688279301746
"4745","Oriental","Marrakech-Safi","Guenfouda","Benguerir",1,0.0124688279301746
"4746","Oriental","Marrakech-Safi","Guenfouda","Jaafra",1,0.0374064837905237
"4747","Oriental","Marrakech-Safi","Guenfouda","Labrikiyne",1,0.0124688279301746
"4748","Oriental","Marrakech-Safi","Guenfouda","Oulad Hassoune Hamri",1,0.00748129675810474
"4749","Oriental","Marrakech-Safi","Guenfouda","Taouloukoult",2,0.0162094763092269
"4750","Oriental","Marrakech-Safi","Houara Oulad Raho","Benguerir",1,0.0249376558603491
"4751","Oriental","Marrakech-Safi","Houara Oulad Raho","M'Nabha",1,0.00249376558603491
"4752","Oriental","Marrakech-Safi","Houara Oulad Raho","Saidate",1,0.0261845386533666
"4753","Oriental","Marrakech-Safi","Houara Oulad Raho","Taouloukoult",2,0.043640897755611
"4754","Oriental","Marrakech-Safi","Lamrija","Oued L'Bour",1,0.00748129675810474
"4755","Oriental","Marrakech-Safi","Lamrija","Saidate",1,0.0124688279301746
"4756","Oriental","Marrakech-Safi","Madagh","Benguerir",1,0.00249376558603491
"4757","Oriental","Marrakech-Safi","Madagh","M'Nabha",1,0.0773067331670823
"4758","Oriental","Marrakech-Safi","Madagh","Taouloukoult",1,0.00748129675810474
"4759","Oriental","Marrakech-Safi","Oujda","Labrikiyne",1,0.00249376558603491
"4760","Oriental","Marrakech-Safi","Oujda","Lamzoudia",1,0.00748129675810474
"4761","Oriental","Marrakech-Safi","Oujda","Oued L'Bour",1,0.00748129675810474
"4762","Oriental","Marrakech-Safi","Oujda","Oulad Zarrad",1,0.0199501246882793
"4763","Oriental","Marrakech-Safi","Sidi Boulenouar","Benguerir",1,0.0199501246882793
"4764","Oriental","Marrakech-Safi","Sidi Boulenouar","M'Nabha",1,0.00498753117206983
"4765","Oriental","Marrakech-Safi","Sidi Boulenouar","Oulad Hassoune Hamri",1,0.00249376558603491
"4766","Oriental","Marrakech-Safi","Sidi Boulenouar","Taouloukoult",2,0.0249376558603491
"4767","Oriental","Marrakech-Safi","Sidi Moussa Lamhaya","Benguerir",1,0.0224438902743142
"4768","Oriental","Marrakech-Safi","Sidi Moussa Lamhaya","Jaafra",1,0.0224438902743142
"4769","Oriental","Marrakech-Safi","Sidi Moussa Lamhaya","Labrikiyne",1,0.00748129675810474
"4770","Oriental","Marrakech-Safi","Sidi Moussa Lamhaya","Lamzoudia",1,0.00498753117206983
"4771","Oriental","Marrakech-Safi","Sidi Moussa Lamhaya","M'Nabha",1,0.00498753117206983
"4772","Oriental","Marrakech-Safi","Sidi Moussa Lamhaya","Oued L'Bour",1,0.0149625935162095
"4773","Oriental","Marrakech-Safi","Sidi Moussa Lamhaya","Oulad Hassoune Hamri",1,0.00249376558603491
"4774","Oriental","Marrakech-Safi","Sidi Moussa Lamhaya","Oulad Zarrad",1,0.0324189526184539
"4775","Oriental","Marrakech-Safi","Sidi Moussa Lamhaya","Taouloukoult",1.5,0.0130922693266833
"4776","Oriental","Marrakech-Safi","Zegzel","Benguerir",1,0.0199501246882793
"4777","Oriental","Marrakech-Safi","Zegzel","M'Nabha",1,0.0174563591022444
"4778","Oriental","Marrakech-Safi","Zegzel","Taouloukoult",2,0.0199501246882793
"4779","Oriental","Oriental","Aghbal","Aghbal",1,0.0199501246882793
"4780","Oriental","Oriental","Aghbal","Ahl Angad",1,0.0174563591022444
"4781","Oriental","Oriental","Aghbal","Ain Lehjer",1,0.0162094763092269
"4782","Oriental","Oriental","Aghbal","Bougriba",1,0.0124688279301746
"4783","Oriental","Oriental","Aghbal","Guenfouda",1,0.00748129675810474
"4784","Oriental","Oriental","Aghbal","Houara Oulad Raho",1,0.0124688279301746
"4785","Oriental","Oriental","Aghbal","Lamrija",1,0.0199501246882793
"4786","Oriental","Oriental","Aghbal","Oujda",1,0.00249376558603491
"4787","Oriental","Oriental","Aghbal","Sidi Boulenouar",1,0.00997506234413965
"4788","Oriental","Oriental","Aghbal","Sidi Moussa Lamhaya",1,0.00831255195344971
"4789","Oriental","Oriental","Aghbal","Zegzel",1,0.00498753117206983
"4790","Oriental","Oriental","Ahl Angad","Ain Lehjer",1,0.00249376558603491
"4791","Oriental","Oriental","Ahl Angad","Bougriba",1,0.00748129675810474
"4792","Oriental","Oriental","Ahl Angad","Guenfouda",1,0.00997506234413965
"4793","Oriental","Oriental","Ahl Angad","Houara Oulad Raho",1,0.0149625935162095
"4794","Oriental","Oriental","Ahl Angad","Madagh",1,0.00997506234413965
"4795","Oriental","Oriental","Ahl Angad","Sidi Boulenouar",1,0.0224438902743142
"4796","Oriental","Oriental","Ahl Angad","Sidi Moussa Lamhaya",1,0.0374064837905237
"4797","Oriental","Oriental","Ahl Angad","Zegzel",1,0.0149625935162095
"4798","Oriental","Oriental","Ain Lehjer","Aghbal",1,0.0149625935162095
"4799","Oriental","Oriental","Ain Lehjer","Ahl Angad",1,0.0324189526184539
"4800","Oriental","Oriental","Ain Lehjer","Ain Sfa",1,0.00249376558603491
"4801","Oriental","Oriental","Ain Lehjer","Bni Khaled",2,0.0087281795511222
"4802","Oriental","Oriental","Ain Lehjer","Bougriba",1,0.013715710723192
"4803","Oriental","Oriental","Ain Lehjer","Guenfouda",1,0.0236907730673317
"4804","Oriental","Oriental","Ain Lehjer","Houara Oulad Raho",1,0.0124688279301746
"4805","Oriental","Oriental","Ain Lehjer","Oujda",1,0.00249376558603491
"4806","Oriental","Oriental","Ain Lehjer","Sidi Boulenouar",1,0.0249376558603491
"4807","Oriental","Oriental","Ain Lehjer","Sidi Moussa Lamhaya",1,0.0112219451371571
"4808","Oriental","Oriental","Ain Lehjer","Zegzel",1,0.00997506234413965
"4809","Oriental","Oriental","Ain Sfa","Aghbal",1,0.0199501246882793
"4810","Oriental","Oriental","Ain Sfa","Ahl Angad",1,0.00498753117206983
"4811","Oriental","Oriental","Ain Sfa","Ain Lehjer",1,0.0124688279301746
"4812","Oriental","Oriental","Ain Sfa","Bni Khaled",2,0.013715710723192
"4813","Oriental","Oriental","Ain Sfa","Bougriba",1,0.00249376558603491
"4814","Oriental","Oriental","Ain Sfa","Guenfouda",2,0.00748129675810474
"4815","Oriental","Oriental","Ain Sfa","Sidi Moussa Lamhaya",1,0.0249376558603491
"4816","Oriental","Oriental","Bni Khaled","Aghbal",1,0.0112219451371571
"4817","Oriental","Oriental","Bni Khaled","Ain Lehjer",1,0.00249376558603491
"4818","Oriental","Oriental","Bni Khaled","Ain Sfa",1,0.0361596009975062
"4819","Oriental","Oriental","Bni Khaled","Bni Khaled",1,0.0361596009975062
"4820","Oriental","Oriental","Bni Khaled","Bougriba",1,0.00498753117206983
"4821","Oriental","Oriental","Bni Khaled","Guenfouda",1.5,0.029925187032419
"4822","Oriental","Oriental","Bni Khaled","Houara Oulad Raho",1,0.00249376558603491
"4823","Oriental","Oriental","Bni Khaled","Sidi Moussa Lamhaya",1,0.0311720698254364
"4824","Oriental","Oriental","Bougriba","Ahl Angad",1,0.029925187032419
"4825","Oriental","Oriental","Bougriba","Ain Lehjer",1,0.0174563591022444
"4826","Oriental","Oriental","Bougriba","Ain Sfa",1,0.00249376558603491
"4827","Oriental","Oriental","Bougriba","Bni Khaled",1,0.00498753117206983
"4828","Oriental","Oriental","Bougriba","Guenfouda",1,0.0249376558603491
"4829","Oriental","Oriental","Bougriba","Houara Oulad Raho",1,0.0199501246882793
"4830","Oriental","Oriental","Bougriba","Madagh",1,0.00498753117206983
"4831","Oriental","Oriental","Bougriba","Oujda",1,0.0124688279301746
"4832","Oriental","Oriental","Bougriba","Sidi Boulenouar",1,0.029925187032419
"4833","Oriental","Oriental","Bougriba","Sidi Moussa Lamhaya",1,0.0199501246882793
"4834","Oriental","Oriental","Bougriba","Zegzel",1,0.0199501246882793
"4835","Oriental","Oriental","Guenfouda","Aghbal",1,0.0199501246882793
"4836","Oriental","Oriental","Guenfouda","Ahl Angad",1,0.0249376558603491
"4837","Oriental","Oriental","Guenfouda","Ain Lehjer",1,0.00623441396508728
"4838","Oriental","Oriental","Guenfouda","Ain Sfa",1,0.00997506234413965
"4839","Oriental","Oriental","Guenfouda","Bni Khaled",2,0.0174563591022444
"4840","Oriental","Oriental","Guenfouda","Bougriba",1,0.00623441396508728
"4841","Oriental","Oriental","Guenfouda","Houara Oulad Raho",1,0.0249376558603491
"4842","Oriental","Oriental","Guenfouda","Madagh",1,0.00498753117206983
"4843","Oriental","Oriental","Guenfouda","Sidi Boulenouar",1,0.0324189526184539
"4844","Oriental","Oriental","Guenfouda","Sidi Moussa Lamhaya",1.5,0.0199501246882793
"4845","Oriental","Oriental","Guenfouda","Zegzel",1,0.0224438902743142
"4846","Oriental","Oriental","Houara Oulad Raho","Aghbal",2,0.0224438902743142
"4847","Oriental","Oriental","Houara Oulad Raho","Bougriba",1,0.00249376558603491
"4848","Oriental","Oriental","Houara Oulad Raho","Houara Oulad Raho",1,0.115960099750623
"4849","Oriental","Oriental","Houara Oulad Raho","Lamrija",1,0.0162094763092269
"4850","Oriental","Oriental","Houara Oulad Raho","Madagh",1,0.0374064837905237
"4851","Oriental","Oriental","Houara Oulad Raho","Sidi Boulenouar",1,0.00498753117206983
"4852","Oriental","Oriental","Houara Oulad Raho","Sidi Moussa Lamhaya",1,0.00748129675810474
"4853","Oriental","Oriental","Houara Oulad Raho","Zegzel",1,0.0124688279301746
"4854","Oriental","Oriental","Lamrija","Aghbal",2,0.0174563591022444
"4855","Oriental","Oriental","Lamrija","Ain Lehjer",1,0.00249376558603491
"4856","Oriental","Oriental","Lamrija","Bougriba",1,0.0174563591022444
"4857","Oriental","Oriental","Lamrija","Houara Oulad Raho",1,0.00249376558603491
"4858","Oriental","Oriental","Lamrija","Oujda",1,0.0124688279301746
"4859","Oriental","Oriental","Lamrija","Sidi Moussa Lamhaya",1,0.0124688279301746
"4860","Oriental","Oriental","Madagh","Houara Oulad Raho",1,0.00249376558603491
"4861","Oriental","Oriental","Madagh","Zegzel",1,0.00498753117206983
"4862","Oriental","Oriental","Oujda","Ain Lehjer",1,0.0199501246882793
"4863","Oriental","Oriental","Oujda","Bougriba",1,0.0149625935162095
"4864","Oriental","Oriental","Oujda","Sidi Moussa Lamhaya",2,0.00498753117206983
"4865","Oriental","Oriental","Sidi Boulenouar","Ahl Angad",1,0.00498753117206983
"4866","Oriental","Oriental","Sidi Boulenouar","Bougriba",1,0.00498753117206983
"4867","Oriental","Oriental","Sidi Boulenouar","Guenfouda",1,0.00249376558603491
"4868","Oriental","Oriental","Sidi Boulenouar","Houara Oulad Raho",1,0.027431421446384
"4869","Oriental","Oriental","Sidi Boulenouar","Madagh",1,0.0149625935162095
"4870","Oriental","Oriental","Sidi Boulenouar","Sidi Moussa Lamhaya",1,0.0249376558603491
"4871","Oriental","Oriental","Sidi Boulenouar","Zegzel",1,0.0174563591022444
"4872","Oriental","Oriental","Sidi Moussa Lamhaya","Aghbal",1,0.027431421446384
"4873","Oriental","Oriental","Sidi Moussa Lamhaya","Ahl Angad",1,0.00498753117206983
"4874","Oriental","Oriental","Sidi Moussa Lamhaya","Ain Lehjer",1,0.0149625935162095
"4875","Oriental","Oriental","Sidi Moussa Lamhaya","Ain Sfa",1,0.0224438902743142
"4876","Oriental","Oriental","Sidi Moussa Lamhaya","Bni Khaled",1.5,0.00935162094763092
"4877","Oriental","Oriental","Sidi Moussa Lamhaya","Bougriba",1,0.0124688279301746
"4878","Oriental","Oriental","Sidi Moussa Lamhaya","Guenfouda",1,0.0162094763092269
"4879","Oriental","Oriental","Sidi Moussa Lamhaya","Houara Oulad Raho",1,0.0374064837905237
"4880","Oriental","Oriental","Sidi Moussa Lamhaya","Madagh",1,0.0149625935162095
"4881","Oriental","Oriental","Sidi Moussa Lamhaya","Oujda",1,0.0149625935162095
"4882","Oriental","Oriental","Sidi Moussa Lamhaya","Sidi Boulenouar",1,0.0249376558603491
"4883","Oriental","Oriental","Sidi Moussa Lamhaya","Zegzel",1,0.0199501246882793
"4884","Oriental","Oriental","Zegzel","Ahl Angad",1,0.00249376558603491
"4885","Oriental","Oriental","Zegzel","Houara Oulad Raho",1,0.00997506234413965
"4886","Oriental","Oriental","Zegzel","Madagh",1,0.027431421446384
"4887","Oriental","Oriental","Zegzel","Sidi Boulenouar",1,0.00997506234413965
"4888","Oriental","Oriental","Zegzel","Sidi Moussa Lamhaya",1,0.00498753117206983
"4889","Oriental","Rabat-Sale-Kenitra","Aghbal","Agdal Riyad",1,0.00249376558603491
"4890","Oriental","Rabat-Sale-Kenitra","Aghbal","Ait Ikkou",1,0.00748129675810474
"4891","Oriental","Rabat-Sale-Kenitra","Aghbal","Boumaiz",1,0.0124688279301746
"4892","Oriental","Rabat-Sale-Kenitra","Aghbal","Brachoua",1,0.0149625935162095
"4893","Oriental","Rabat-Sale-Kenitra","Aghbal","Lalla Mimouna",1,0.0157938487115544
"4894","Oriental","Rabat-Sale-Kenitra","Aghbal","Sidi Mohamed Lahmar",1,0.00498753117206983
"4895","Oriental","Rabat-Sale-Kenitra","Aghbal","Sidi Yahya Zaer",1,0.00498753117206983
"4896","Oriental","Rabat-Sale-Kenitra","Aghbal","Zaggota",1,0.00249376558603491
"4897","Oriental","Rabat-Sale-Kenitra","Ahl Angad","Ait Ikkou",1,0.0199501246882793
"4898","Oriental","Rabat-Sale-Kenitra","Ahl Angad","Arbaoua",1,0.00249376558603491
"4899","Oriental","Rabat-Sale-Kenitra","Ahl Angad","Boumaiz",1,0.0423940149625935
"4900","Oriental","Rabat-Sale-Kenitra","Ahl Angad","Lalla Mimouna",1,0.0224438902743142
"4901","Oriental","Rabat-Sale-Kenitra","Ahl Angad","Sidi Mohamed Lahmar",1,0.027431421446384
"4902","Oriental","Rabat-Sale-Kenitra","Ahl Angad","Sidi Yahya Zaer",1,0.0174563591022444
"4903","Oriental","Rabat-Sale-Kenitra","Ahl Angad","Zaggota",1,0.0349127182044888
"4904","Oriental","Rabat-Sale-Kenitra","Ain Lehjer","Ain Attig",2,0.0187032418952618
"4905","Oriental","Rabat-Sale-Kenitra","Ain Lehjer","Ait Ikkou",1,0.00498753117206983
"4906","Oriental","Rabat-Sale-Kenitra","Ain Lehjer","Boumaiz",1,0.0224438902743142
"4907","Oriental","Rabat-Sale-Kenitra","Ain Lehjer","Brachoua",1,0.00249376558603491
"4908","Oriental","Rabat-Sale-Kenitra","Ain Lehjer","El Kansera",1,0.00249376558603491
"4909","Oriental","Rabat-Sale-Kenitra","Ain Lehjer","Lalla Mimouna",1,0.00498753117206983
"4910","Oriental","Rabat-Sale-Kenitra","Ain Lehjer","Sidi Mohamed Lahmar",1,0.00249376558603491
"4911","Oriental","Rabat-Sale-Kenitra","Ain Lehjer","Sidi Yahya Zaer",1,0.00872817955112219
"4912","Oriental","Rabat-Sale-Kenitra","Ain Lehjer","Zaggota",1,0.00498753117206983
"4913","Oriental","Rabat-Sale-Kenitra","Ain Sfa","Ain Attig",1,0.0199501246882793
"4914","Oriental","Rabat-Sale-Kenitra","Ain Sfa","Brachoua",1,0.0374064837905237
"4915","Oriental","Rabat-Sale-Kenitra","Ain Sfa","Sidi Yahya Zaer",1,0.00498753117206983
"4916","Oriental","Rabat-Sale-Kenitra","Bni Khaled","Ain Attig",1,0.0349127182044888
"4917","Oriental","Rabat-Sale-Kenitra","Bni Khaled","Brachoua",1,0.0174563591022444
"4918","Oriental","Rabat-Sale-Kenitra","Bougriba","Ain Attig",1,0.00748129675810474
"4919","Oriental","Rabat-Sale-Kenitra","Bougriba","Ait Ikkou",1,0.00997506234413965
"4920","Oriental","Rabat-Sale-Kenitra","Bougriba","Boumaiz",1,0.0249376558603491
"4921","Oriental","Rabat-Sale-Kenitra","Bougriba","El Kansera",1,0.027431421446384
"4922","Oriental","Rabat-Sale-Kenitra","Bougriba","Lalla Mimouna",1,0.0174563591022444
"4923","Oriental","Rabat-Sale-Kenitra","Bougriba","Sidi Mohamed Lahmar",1,0.0224438902743142
"4924","Oriental","Rabat-Sale-Kenitra","Bougriba","Sidi Yahya Zaer",1,0.0224438902743142
"4925","Oriental","Rabat-Sale-Kenitra","Bougriba","Zaggota",1,0.0199501246882793
"4926","Oriental","Rabat-Sale-Kenitra","Guenfouda","Ain Attig",2,0.0124688279301746
"4927","Oriental","Rabat-Sale-Kenitra","Guenfouda","Ait Ikkou",1,0.027431421446384
"4928","Oriental","Rabat-Sale-Kenitra","Guenfouda","Boumaiz",1,0.027431421446384
"4929","Oriental","Rabat-Sale-Kenitra","Guenfouda","Brachoua",1,0.029925187032419
"4930","Oriental","Rabat-Sale-Kenitra","Guenfouda","Lalla Mimouna",1,0.0199501246882793
"4931","Oriental","Rabat-Sale-Kenitra","Guenfouda","Sidi Mohamed Lahmar",1,0.0249376558603491
"4932","Oriental","Rabat-Sale-Kenitra","Guenfouda","Sidi Yahya Zaer",1,0.0224438902743142
"4933","Oriental","Rabat-Sale-Kenitra","Guenfouda","Zaggota",1,0.0349127182044888
"4934","Oriental","Rabat-Sale-Kenitra","Houara Oulad Raho","Ait Ikkou",1,0.0174563591022444
"4935","Oriental","Rabat-Sale-Kenitra","Houara Oulad Raho","Boumaiz",1,0.00997506234413965
"4936","Oriental","Rabat-Sale-Kenitra","Houara Oulad Raho","Lalla Mimouna",1,0.0149625935162095
"4937","Oriental","Rabat-Sale-Kenitra","Houara Oulad Raho","Sidi Mohamed Lahmar",1,0.0249376558603491
"4938","Oriental","Rabat-Sale-Kenitra","Houara Oulad Raho","Sidi Yahya Zaer",1,0.00748129675810474
"4939","Oriental","Rabat-Sale-Kenitra","Houara Oulad Raho","Zaggota",1,0.0249376558603491
"4940","Oriental","Rabat-Sale-Kenitra","Lamrija","El Kansera",1,0.00748129675810474
"4941","Oriental","Rabat-Sale-Kenitra","Lamrija","Lalla Mimouna",1,0.0324189526184539
"4942","Oriental","Rabat-Sale-Kenitra","Madagh","Arbaoua",1,0.0324189526184539
"4943","Oriental","Rabat-Sale-Kenitra","Madagh","Maaziz",1,0.0423940149625935
"4944","Oriental","Rabat-Sale-Kenitra","Madagh","Sidi Yahya Zaer",1,0.00249376558603491
"4945","Oriental","Rabat-Sale-Kenitra","Oujda","Ain Attig",2,0.00498753117206983
"4946","Oriental","Rabat-Sale-Kenitra","Oujda","El Kansera",1,0.029925187032419
"4947","Oriental","Rabat-Sale-Kenitra","Oujda","Sidi Yahya Zaer",1,0.0124688279301746
"4948","Oriental","Rabat-Sale-Kenitra","Sidi Boulenouar","Ait Ikkou",1,0.0423940149625935
"4949","Oriental","Rabat-Sale-Kenitra","Sidi Boulenouar","Boumaiz",1,0.0224438902743142
"4950","Oriental","Rabat-Sale-Kenitra","Sidi Boulenouar","Lalla Mimouna",1,0.029925187032419
"4951","Oriental","Rabat-Sale-Kenitra","Sidi Boulenouar","Sidi Mohamed Lahmar",1,0.0349127182044888
"4952","Oriental","Rabat-Sale-Kenitra","Sidi Boulenouar","Sidi Yahya Zaer",1,0.0224438902743142
"4953","Oriental","Rabat-Sale-Kenitra","Sidi Boulenouar","Zaggota",1,0.0174563591022444
"4954","Oriental","Rabat-Sale-Kenitra","Sidi Moussa Lamhaya","Agdal Riyad",1,0.00249376558603491
"4955","Oriental","Rabat-Sale-Kenitra","Sidi Moussa Lamhaya","Ain Attig",1,0.00872817955112219
"4956","Oriental","Rabat-Sale-Kenitra","Sidi Moussa Lamhaya","Ait Ikkou",1,0.0199501246882793
"4957","Oriental","Rabat-Sale-Kenitra","Sidi Moussa Lamhaya","Boumaiz",1,0.0174563591022444
"4958","Oriental","Rabat-Sale-Kenitra","Sidi Moussa Lamhaya","Brachoua",1,0.0224438902743142
"4959","Oriental","Rabat-Sale-Kenitra","Sidi Moussa Lamhaya","El Kansera",1,0.027431421446384
"4960","Oriental","Rabat-Sale-Kenitra","Sidi Moussa Lamhaya","Lalla Mimouna",1,0.029925187032419
"4961","Oriental","Rabat-Sale-Kenitra","Sidi Moussa Lamhaya","Maaziz",1,0.00249376558603491
"4962","Oriental","Rabat-Sale-Kenitra","Sidi Moussa Lamhaya","Sidi Mohamed Lahmar",1,0.029925187032419
"4963","Oriental","Rabat-Sale-Kenitra","Sidi Moussa Lamhaya","Sidi Yahya Zaer",1,0.0162094763092269
"4964","Oriental","Rabat-Sale-Kenitra","Sidi Moussa Lamhaya","Zaggota",1,0.0224438902743142
"4965","Oriental","Rabat-Sale-Kenitra","Zegzel","Ait Ikkou",1,0.0423940149625935
"4966","Oriental","Rabat-Sale-Kenitra","Zegzel","Arbaoua",1,0.00498753117206983
"4967","Oriental","Rabat-Sale-Kenitra","Zegzel","Boumaiz",1,0.00249376558603491
"4968","Oriental","Rabat-Sale-Kenitra","Zegzel","Lalla Mimouna",1,0.0149625935162095
"4969","Oriental","Rabat-Sale-Kenitra","Zegzel","Sidi Mohamed Lahmar",1,0.00997506234413965
"4970","Oriental","Rabat-Sale-Kenitra","Zegzel","Sidi Yahya Zaer",1,0.00498753117206983
"4971","Oriental","Rabat-Sale-Kenitra","Zegzel","Zaggota",1,0.0374064837905237
"4972","Oriental","Souss-Massa","Aghbal","Arazene",1,0.00498753117206983
"4973","Oriental","Souss-Massa","Aghbal","Igoudar Mnabha",1,0.00249376558603491
"4974","Oriental","Souss-Massa","Aghbal","Ouled Teima",1,0.00249376558603491
"4975","Oriental","Souss-Massa","Ain Lehjer","Arazene",1,0.00249376558603491
"4976","Oriental","Souss-Massa","Ain Lehjer","Igoudar Mnabha",1,0.00498753117206983
"4977","Oriental","Souss-Massa","Ain Lehjer","Ouad Essafa",1,0.00498753117206983
"4978","Oriental","Souss-Massa","Ain Lehjer","Ouled Teima",1,0.00997506234413965
"4979","Oriental","Souss-Massa","Ain Lehjer","Sidi Bibi",1,0.00498753117206983
"4980","Oriental","Souss-Massa","Ain Sfa","Arazene",1,0.029925187032419
"4981","Oriental","Souss-Massa","Ain Sfa","Ouad Essafa",1,0.0174563591022444
"4982","Oriental","Souss-Massa","Ain Sfa","Sidi Bibi",1,0.0374064837905237
"4983","Oriental","Souss-Massa","Bni Khaled","Arazene",1,0.0199501246882793
"4984","Oriental","Souss-Massa","Bni Khaled","Ouad Essafa",1,0.0286783042394015
"4985","Oriental","Souss-Massa","Bni Khaled","Sidi Bibi",1,0.0473815461346633
"4986","Oriental","Souss-Massa","Bougriba","Arazene",1,0.00249376558603491
"4987","Oriental","Souss-Massa","Bougriba","Igoudar Mnabha",1,0.0174563591022444
"4988","Oriental","Souss-Massa","Bougriba","Ouled Teima",1,0.0174563591022444
"4989","Oriental","Souss-Massa","Guenfouda","Arazene",1,0.0349127182044888
"4990","Oriental","Souss-Massa","Guenfouda","Ouad Essafa",1,0.0199501246882793
"4991","Oriental","Souss-Massa","Guenfouda","Sidi Bibi",1,0.027431421446384
"4992","Oriental","Souss-Massa","Lamrija","Igoudar Mnabha",1,0.00498753117206983
"4993","Oriental","Souss-Massa","Lamrija","Ouled Teima",1,0.00249376558603491
"4994","Oriental","Souss-Massa","Oujda","Igoudar Mnabha",1,0.0224438902743142
"4995","Oriental","Souss-Massa","Oujda","Ouled Teima",1,0.0349127182044888
"4996","Oriental","Souss-Massa","Sidi Moussa Lamhaya","Arazene",1,0.0124688279301746
"4997","Oriental","Souss-Massa","Sidi Moussa Lamhaya","Igoudar Mnabha",1,0.0224438902743142
"4998","Oriental","Souss-Massa","Sidi Moussa Lamhaya","Ouad Essafa",1,0.0399002493765586
"4999","Oriental","Souss-Massa","Sidi Moussa Lamhaya","Ouled Teima",1,0.0249376558603491
"5000","Oriental","Souss-Massa","Sidi Moussa Lamhaya","Sidi Bibi",1,0.029925187032419
"5001","Oriental","Tanger-Tetouan-Al Hoceima","Aghbal","Beni Boufrah",1,0.0236907730673317
"5002","Oriental","Tanger-Tetouan-Al Hoceima","Aghbal","Bni Faghloum",1,0.0199501246882793
"5003","Oriental","Tanger-Tetouan-Al Hoceima","Aghbal","Chefchaouen",1,0.0224438902743142
"5004","Oriental","Tanger-Tetouan-Al Hoceima","Aghbal","Issaguen",4,0.0355361596009975
"5005","Oriental","Tanger-Tetouan-Al Hoceima","Aghbal","Lamjaara",1,0.00249376558603491
"5006","Oriental","Tanger-Tetouan-Al Hoceima","Aghbal","Sidi Boutmim",1,0.00498753117206983
"5007","Oriental","Tanger-Tetouan-Al Hoceima","Aghbal","Souk L'Qolla",2,0.0102521474092546
"5008","Oriental","Tanger-Tetouan-Al Hoceima","Aghbal","Tetouan",1,0.00872817955112219
"5009","Oriental","Tanger-Tetouan-Al Hoceima","Aghbal","Zouada",1,0.00249376558603491
"5010","Oriental","Tanger-Tetouan-Al Hoceima","Ahl Angad","Issaguen",3,0.00415627597672485
"5011","Oriental","Tanger-Tetouan-Al Hoceima","Ahl Angad","Lamjaara",1,0.0249376558603491
"5012","Oriental","Tanger-Tetouan-Al Hoceima","Ahl Angad","Souk L'Qolla",1,0.0374064837905237
"5013","Oriental","Tanger-Tetouan-Al Hoceima","Ain Lehjer","Beni Boufrah",1,0.0324189526184539
"5014","Oriental","Tanger-Tetouan-Al Hoceima","Ain Lehjer","Issaguen",4,0.00997506234413965
"5015","Oriental","Tanger-Tetouan-Al Hoceima","Ain Lehjer","Lamjaara",1,0.00498753117206983
"5016","Oriental","Tanger-Tetouan-Al Hoceima","Ain Lehjer","Souk L'Qolla",3,0.0124688279301746
"5017","Oriental","Tanger-Tetouan-Al Hoceima","Ain Lehjer","Tetouan",1,0.00249376558603491
"5018","Oriental","Tanger-Tetouan-Al Hoceima","Ain Sfa","Issaguen",4,0.0149625935162095
"5019","Oriental","Tanger-Tetouan-Al Hoceima","Ain Sfa","Lamjaara",1,0.00249376558603491
"5020","Oriental","Tanger-Tetouan-Al Hoceima","Ain Sfa","Souk L'Qolla",1,0.00498753117206983
"5021","Oriental","Tanger-Tetouan-Al Hoceima","Ain Sfa","Zouada",1,0.0548628428927681
"5022","Oriental","Tanger-Tetouan-Al Hoceima","Bni Khaled","Issaguen",3.5,0.0124688279301746
"5023","Oriental","Tanger-Tetouan-Al Hoceima","Bni Khaled","Souk L'Qolla",1.5,0.00249376558603491
"5024","Oriental","Tanger-Tetouan-Al Hoceima","Bni Khaled","Zouada",1,0.0236907730673317
"5025","Oriental","Tanger-Tetouan-Al Hoceima","Bougriba","Beni Boufrah",2,0.00748129675810474
"5026","Oriental","Tanger-Tetouan-Al Hoceima","Bougriba","Bni Faghloum",1,0.00249376558603491
"5027","Oriental","Tanger-Tetouan-Al Hoceima","Bougriba","Issaguen",1,0.00249376558603491
"5028","Oriental","Tanger-Tetouan-Al Hoceima","Bougriba","Lamjaara",1,0.0149625935162095
"5029","Oriental","Tanger-Tetouan-Al Hoceima","Bougriba","Souk L'Qolla",3,0.0159600997506234
"5030","Oriental","Tanger-Tetouan-Al Hoceima","Bougriba","Tetouan",1,0.0249376558603491
"5031","Oriental","Tanger-Tetouan-Al Hoceima","Guenfouda","Issaguen",2.5,0.010286783042394
"5032","Oriental","Tanger-Tetouan-Al Hoceima","Guenfouda","Lamjaara",1,0.0149625935162095
"5033","Oriental","Tanger-Tetouan-Al Hoceima","Guenfouda","Souk L'Qolla",1,0.0399002493765586
"5034","Oriental","Tanger-Tetouan-Al Hoceima","Guenfouda","Zouada",1,0.029925187032419
"5035","Oriental","Tanger-Tetouan-Al Hoceima","Houara Oulad Raho","Beni Boufrah",1,0.00498753117206983
"5036","Oriental","Tanger-Tetouan-Al Hoceima","Houara Oulad Raho","Bni Faghloum",1,0.00249376558603491
"5037","Oriental","Tanger-Tetouan-Al Hoceima","Houara Oulad Raho","Lamjaara",1,0.027431421446384
"5038","Oriental","Tanger-Tetouan-Al Hoceima","Houara Oulad Raho","Sidi Boutmim",1,0.100997506234414
"5039","Oriental","Tanger-Tetouan-Al Hoceima","Houara Oulad Raho","Souk L'Qolla",1,0.00872817955112219
"5040","Oriental","Tanger-Tetouan-Al Hoceima","Lamrija","Beni Boufrah",1,0.0249376558603491
"5041","Oriental","Tanger-Tetouan-Al Hoceima","Lamrija","Bni Faghloum",1,0.0199501246882793
"5042","Oriental","Tanger-Tetouan-Al Hoceima","Lamrija","Chefchaouen",1,0.0224438902743142
"5043","Oriental","Tanger-Tetouan-Al Hoceima","Lamrija","Souk L'Qolla",3,0.00665004156275977
"5044","Oriental","Tanger-Tetouan-Al Hoceima","Lamrija","Tetouan",1,0.00748129675810474
"5045","Oriental","Tanger-Tetouan-Al Hoceima","Lamrija","Zouada",1,0.00249376558603491
"5046","Oriental","Tanger-Tetouan-Al Hoceima","Madagh","Lamjaara",1,0.00498753117206983
"5047","Oriental","Tanger-Tetouan-Al Hoceima","Oujda","Beni Boufrah",1,0.0249376558603491
"5048","Oriental","Tanger-Tetouan-Al Hoceima","Oujda","Bni Faghloum",1,0.00498753117206983
"5049","Oriental","Tanger-Tetouan-Al Hoceima","Oujda","Chefchaouen",1,0.00249376558603491
"5050","Oriental","Tanger-Tetouan-Al Hoceima","Oujda","Souk L'Qolla",5,0.0139650872817955
"5051","Oriental","Tanger-Tetouan-Al Hoceima","Oujda","Tetouan",1,0.0174563591022444
"5052","Oriental","Tanger-Tetouan-Al Hoceima","Sidi Boulenouar","Issaguen",3,0.00249376558603491
"5053","Oriental","Tanger-Tetouan-Al Hoceima","Sidi Boulenouar","Lamjaara",1,0.0349127182044888
"5054","Oriental","Tanger-Tetouan-Al Hoceima","Sidi Boulenouar","Souk L'Qolla",1,0.0174563591022444
"5055","Oriental","Tanger-Tetouan-Al Hoceima","Sidi Moussa Lamhaya","Beni Boufrah",2,0.00249376558603491
"5056","Oriental","Tanger-Tetouan-Al Hoceima","Sidi Moussa Lamhaya","Bni Faghloum",1,0.00498753117206983
"5057","Oriental","Tanger-Tetouan-Al Hoceima","Sidi Moussa Lamhaya","Issaguen",4,0.00935162094763092
"5058","Oriental","Tanger-Tetouan-Al Hoceima","Sidi Moussa Lamhaya","Lamjaara",1,0.027431421446384
"5059","Oriental","Tanger-Tetouan-Al Hoceima","Sidi Moussa Lamhaya","Souk L'Qolla",3,0.0129675810473815
"5060","Oriental","Tanger-Tetouan-Al Hoceima","Sidi Moussa Lamhaya","Tetouan",1,0.027431421446384
"5061","Oriental","Tanger-Tetouan-Al Hoceima","Sidi Moussa Lamhaya","Zouada",1,0.0448877805486284
"5062","Oriental","Tanger-Tetouan-Al Hoceima","Zegzel","Lamjaara",1,0.0324189526184539
"5063","Oriental","Tanger-Tetouan-Al Hoceima","Zegzel","Souk L'Qolla",1,0.00249376558603491
"5064","Rabat-Sale-Kenitra","Beni Mellal-Khenifra","Agdal Riyad","Bni Oukil",2,0.123441396508728
"5065","Rabat-Sale-Kenitra","Beni Mellal-Khenifra","Agdal Riyad","Krifate",1,0.0448877805486284
"5066","Rabat-Sale-Kenitra","Beni Mellal-Khenifra","Agdal Riyad","Oulad M'Barek",1,0.167082294264339
"5067","Rabat-Sale-Kenitra","Beni Mellal-Khenifra","Agdal Riyad","Sidi Amar",1,0.13715710723192
"5068","Rabat-Sale-Kenitra","Beni Mellal-Khenifra","Ain Attig","Aguelmouss",8.5,0.0192376202351265
"5069","Rabat-Sale-Kenitra","Beni Mellal-Khenifra","Ain Attig","Ait Saadelli",1,0.00249376558603491
"5070","Rabat-Sale-Kenitra","Beni Mellal-Khenifra","Ain Attig","Bni Oukil",2.5,0.0157938487115544
"5071","Rabat-Sale-Kenitra","Beni Mellal-Khenifra","Ain Attig","Bni Ykhlef",1,0.0361596009975062
"5072","Rabat-Sale-Kenitra","Beni Mellal-Khenifra","Ain Attig","El Borj",1.5,0.00374064837905237
"5073","Rabat-Sale-Kenitra","Beni Mellal-Khenifra","Ain Attig","El Hammam",2.5,0.0172485453034081
"5074","Rabat-Sale-Kenitra","Beni Mellal-Khenifra","Ain Attig","Fkih Ben Salah",1,0.0149625935162095
"5075","Rabat-Sale-Kenitra","Beni Mellal-Khenifra","Ain Attig","Had Bouhssoussen",1,0.00249376558603491
"5076","Rabat-Sale-Kenitra","Beni Mellal-Khenifra","Ain Attig","Khmis Bni Chegdale",1,0.00498753117206983
"5077","Rabat-Sale-Kenitra","Beni Mellal-Khenifra","Ain Attig","Krifate",1,0.00748129675810474
"5078","Rabat-Sale-Kenitra","Beni Mellal-Khenifra","Ain Attig","Oulad Abdoune",1,0.0374064837905237
"5079","Rabat-Sale-Kenitra","Beni Mellal-Khenifra","Ain Attig","Oulad Boughadi",1,0.0224438902743142
"5080","Rabat-Sale-Kenitra","Beni Mellal-Khenifra","Ain Attig","Oulad Zmam",1,0.013715710723192
"5081","Rabat-Sale-Kenitra","Beni Mellal-Khenifra","Ain Attig","Sidi Yacoub",2,0.00623441396508728
"5082","Rabat-Sale-Kenitra","Beni Mellal-Khenifra","Ait Ikkou","Aguelmouss",4,0.00498753117206983
"5083","Rabat-Sale-Kenitra","Beni Mellal-Khenifra","Ait Ikkou","Bni Oukil",1,0.00249376558603491
"5084","Rabat-Sale-Kenitra","Beni Mellal-Khenifra","Ait Ikkou","Oum Rabia",1,0.0448877805486284
"5085","Rabat-Sale-Kenitra","Beni Mellal-Khenifra","Ait Ikkou","Tanourdi",1,0.00498753117206983
"5086","Rabat-Sale-Kenitra","Beni Mellal-Khenifra","Ait Ikkou","Tighassaline",1,0.0324189526184539
"5087","Rabat-Sale-Kenitra","Beni Mellal-Khenifra","Arbaoua","Bni Oukil",2,0.0311720698254364
"5088","Rabat-Sale-Kenitra","Beni Mellal-Khenifra","Arbaoua","Oulad M'Barek",1,0.084788029925187
"5089","Rabat-Sale-Kenitra","Beni Mellal-Khenifra","Arbaoua","Oum Rabia",1,0.0224438902743142
"5090","Rabat-Sale-Kenitra","Beni Mellal-Khenifra","Arbaoua","Sidi Amar",1,0.13216957605985
"5091","Rabat-Sale-Kenitra","Beni Mellal-Khenifra","Arbaoua","Tighassaline",1,0.00748129675810474
"5092","Rabat-Sale-Kenitra","Beni Mellal-Khenifra","Boumaiz","Aguelmouss",5,0.0169576059850374
"5093","Rabat-Sale-Kenitra","Beni Mellal-Khenifra","Boumaiz","Bni Ayat",1,0.0199501246882793
"5094","Rabat-Sale-Kenitra","Beni Mellal-Khenifra","Boumaiz","El Borj",1,0.00249376558603491
"5095","Rabat-Sale-Kenitra","Beni Mellal-Khenifra","Boumaiz","El Hammam",1,0.00249376558603491
"5096","Rabat-Sale-Kenitra","Beni Mellal-Khenifra","Boumaiz","Khmis Bni Chegdale",3,0.00498753117206983
"5097","Rabat-Sale-Kenitra","Beni Mellal-Khenifra","Boumaiz","Oum Rabia",1,0.0124688279301746
"5098","Rabat-Sale-Kenitra","Beni Mellal-Khenifra","Boumaiz","Sidi Hcine",1,0.0149625935162095
"5099","Rabat-Sale-Kenitra","Beni Mellal-Khenifra","Boumaiz","Tanourdi",1,0.0199501246882793
"5100","Rabat-Sale-Kenitra","Beni Mellal-Khenifra","Boumaiz","Tighassaline",1,0.00498753117206983
"5101","Rabat-Sale-Kenitra","Beni Mellal-Khenifra","Brachoua","Aguelmouss",11,0.0176830650646112
"5102","Rabat-Sale-Kenitra","Beni Mellal-Khenifra","Brachoua","Bni Ayat",1,0.00997506234413965
"5103","Rabat-Sale-Kenitra","Beni Mellal-Khenifra","Brachoua","Bni Oukil",1,0.00249376558603491
"5104","Rabat-Sale-Kenitra","Beni Mellal-Khenifra","Brachoua","El Borj",2,0.027431421446384
"5105","Rabat-Sale-Kenitra","Beni Mellal-Khenifra","Brachoua","El Hammam",2,0.0162094763092269
"5106","Rabat-Sale-Kenitra","Beni Mellal-Khenifra","Brachoua","Fkih Ben Salah",1,0.0149625935162095
"5107","Rabat-Sale-Kenitra","Beni Mellal-Khenifra","Brachoua","Had Bouhssoussen",1,0.029925187032419
"5108","Rabat-Sale-Kenitra","Beni Mellal-Khenifra","Brachoua","Khmis Bni Chegdale",3,0.0133000831255195
"5109","Rabat-Sale-Kenitra","Beni Mellal-Khenifra","Brachoua","Krifate",1,0.0249376558603491
"5110","Rabat-Sale-Kenitra","Beni Mellal-Khenifra","Brachoua","Oulad Zmam",1,0.0249376558603491
"5111","Rabat-Sale-Kenitra","Beni Mellal-Khenifra","Brachoua","Sidi Hcine",1,0.00997506234413965
"5112","Rabat-Sale-Kenitra","Beni Mellal-Khenifra","Brachoua","Tanourdi",1,0.0124688279301746
"5113","Rabat-Sale-Kenitra","Beni Mellal-Khenifra","El Kansera","Aguelmouss",3,0.00332502078137988
"5114","Rabat-Sale-Kenitra","Beni Mellal-Khenifra","El Kansera","Ait Saadelli",1,0.027431421446384
"5115","Rabat-Sale-Kenitra","Beni Mellal-Khenifra","El Kansera","Bni Oukil",3,0.0157938487115544
"5116","Rabat-Sale-Kenitra","Beni Mellal-Khenifra","El Kansera","Bni Ykhlef",1,0.00249376558603491
"5117","Rabat-Sale-Kenitra","Beni Mellal-Khenifra","El Kansera","El Borj",1,0.0149625935162095
"5118","Rabat-Sale-Kenitra","Beni Mellal-Khenifra","El Kansera","El Hammam",1,0.0149625935162095
"5119","Rabat-Sale-Kenitra","Beni Mellal-Khenifra","El Kansera","Lagnadiz",1,0.00498753117206983
"5120","Rabat-Sale-Kenitra","Beni Mellal-Khenifra","El Kansera","Oulad Boughadi",1,0.0174563591022444
"5121","Rabat-Sale-Kenitra","Beni Mellal-Khenifra","El Kansera","Oulad Zmam",1,0.00498753117206983
"5122","Rabat-Sale-Kenitra","Beni Mellal-Khenifra","El Kansera","Sidi Yacoub",5,0.0134663341645885
"5123","Rabat-Sale-Kenitra","Beni Mellal-Khenifra","El Kansera","Tighassaline",1,0.00249376558603491
"5124","Rabat-Sale-Kenitra","Beni Mellal-Khenifra","Lalla Mimouna","Aguelmouss",6,0.00748129675810474
"5125","Rabat-Sale-Kenitra","Beni Mellal-Khenifra","Lalla Mimouna","Ait Saadelli",1,0.00498753117206983
"5126","Rabat-Sale-Kenitra","Beni Mellal-Khenifra","Lalla Mimouna","Bni Ayat",1,0.00498753117206983
"5127","Rabat-Sale-Kenitra","Beni Mellal-Khenifra","Lalla Mimouna","Bni Oukil",1,0.0124688279301746
"5128","Rabat-Sale-Kenitra","Beni Mellal-Khenifra","Lalla Mimouna","El Hammam",2,0.00623441396508728
"5129","Rabat-Sale-Kenitra","Beni Mellal-Khenifra","Lalla Mimouna","Khmis Bni Chegdale",1.5,0.0112219451371571
"5130","Rabat-Sale-Kenitra","Beni Mellal-Khenifra","Lalla Mimouna","Lagnadiz",1,0.00748129675810474
"5131","Rabat-Sale-Kenitra","Beni Mellal-Khenifra","Lalla Mimouna","Oulad Zmam",1,0.0174563591022444
"5132","Rabat-Sale-Kenitra","Beni Mellal-Khenifra","Lalla Mimouna","Oum Rabia",1,0.0199501246882793
"5133","Rabat-Sale-Kenitra","Beni Mellal-Khenifra","Lalla Mimouna","Sidi Hcine",1,0.00997506234413965
"5134","Rabat-Sale-Kenitra","Beni Mellal-Khenifra","Lalla Mimouna","Sidi Yacoub",5,0.00648379052369077
"5135","Rabat-Sale-Kenitra","Beni Mellal-Khenifra","Lalla Mimouna","Tighassaline",1,0.0149625935162095
"5136","Rabat-Sale-Kenitra","Beni Mellal-Khenifra","Maaziz","Bni Oukil",2,0.0723192019950125
"5137","Rabat-Sale-Kenitra","Beni Mellal-Khenifra","Maaziz","Krifate",1,0.00748129675810474
"5138","Rabat-Sale-Kenitra","Beni Mellal-Khenifra","Maaziz","Oulad M'Barek",1,0.169576059850374
"5139","Rabat-Sale-Kenitra","Beni Mellal-Khenifra","Maaziz","Oum Rabia",1,0.00498753117206983
"5140","Rabat-Sale-Kenitra","Beni Mellal-Khenifra","Maaziz","Sidi Amar",1,0.197007481296758
"5141","Rabat-Sale-Kenitra","Beni Mellal-Khenifra","Sidi Mohamed Lahmar","Aguelmouss",5,0.00798004987531172
"5142","Rabat-Sale-Kenitra","Beni Mellal-Khenifra","Sidi Mohamed Lahmar","Bni Ayat",1,0.00748129675810474
"5143","Rabat-Sale-Kenitra","Beni Mellal-Khenifra","Sidi Mohamed Lahmar","Khmis Bni Chegdale",3,0.00249376558603491
"5144","Rabat-Sale-Kenitra","Beni Mellal-Khenifra","Sidi Mohamed Lahmar","Oum Rabia",1,0.0149625935162095
"5145","Rabat-Sale-Kenitra","Beni Mellal-Khenifra","Sidi Mohamed Lahmar","Sidi Hcine",1,0.0149625935162095
"5146","Rabat-Sale-Kenitra","Beni Mellal-Khenifra","Sidi Mohamed Lahmar","Tanourdi",1,0.00249376558603491
"5147","Rabat-Sale-Kenitra","Beni Mellal-Khenifra","Sidi Mohamed Lahmar","Tighassaline",1,0.0249376558603491
"5148","Rabat-Sale-Kenitra","Beni Mellal-Khenifra","Sidi Yahya Zaer","Aguelmouss",5,0.0122194513715711
"5149","Rabat-Sale-Kenitra","Beni Mellal-Khenifra","Sidi Yahya Zaer","Ait Saadelli",1,0.0149625935162095
"5150","Rabat-Sale-Kenitra","Beni Mellal-Khenifra","Sidi Yahya Zaer","Bni Ayat",1,0.0149625935162095
"5151","Rabat-Sale-Kenitra","Beni Mellal-Khenifra","Sidi Yahya Zaer","Bni Oukil",3,0.0149625935162095
"5152","Rabat-Sale-Kenitra","Beni Mellal-Khenifra","Sidi Yahya Zaer","El Borj",1,0.00748129675810474
"5153","Rabat-Sale-Kenitra","Beni Mellal-Khenifra","Sidi Yahya Zaer","El Hammam",2,0.00872817955112219
"5154","Rabat-Sale-Kenitra","Beni Mellal-Khenifra","Sidi Yahya Zaer","Khmis Bni Chegdale",2,0.00498753117206983
"5155","Rabat-Sale-Kenitra","Beni Mellal-Khenifra","Sidi Yahya Zaer","Lagnadiz",1,0.00498753117206983
"5156","Rabat-Sale-Kenitra","Beni Mellal-Khenifra","Sidi Yahya Zaer","Oulad Abdoune",1,0.00249376558603491
"5157","Rabat-Sale-Kenitra","Beni Mellal-Khenifra","Sidi Yahya Zaer","Oulad Boughadi",1,0.027431421446384
"5158","Rabat-Sale-Kenitra","Beni Mellal-Khenifra","Sidi Yahya Zaer","Oum Rabia",1,0.0149625935162095
"5159","Rabat-Sale-Kenitra","Beni Mellal-Khenifra","Sidi Yahya Zaer","Sidi Hcine",1,0.0174563591022444
"5160","Rabat-Sale-Kenitra","Beni Mellal-Khenifra","Sidi Yahya Zaer","Sidi Yacoub",5,0.0129675810473815
"5161","Rabat-Sale-Kenitra","Beni Mellal-Khenifra","Sidi Yahya Zaer","Tanourdi",1,0.0174563591022444
"5162","Rabat-Sale-Kenitra","Beni Mellal-Khenifra","Sidi Yahya Zaer","Tighassaline",1,0.0124688279301746
"5163","Rabat-Sale-Kenitra","Beni Mellal-Khenifra","Zaggota","Aguelmouss",6,0.00498753117206983
"5164","Rabat-Sale-Kenitra","Beni Mellal-Khenifra","Zaggota","Oum Rabia",1,0.0224438902743142
"5165","Rabat-Sale-Kenitra","Beni Mellal-Khenifra","Zaggota","Sidi Amar",1,0.00249376558603491
"5166","Rabat-Sale-Kenitra","Beni Mellal-Khenifra","Zaggota","Sidi Hcine",1,0.0124688279301746
"5167","Rabat-Sale-Kenitra","Beni Mellal-Khenifra","Zaggota","Tanourdi",1,0.00498753117206983
"5168","Rabat-Sale-Kenitra","Beni Mellal-Khenifra","Zaggota","Tighassaline",1,0.0249376558603491
"5169","Rabat-Sale-Kenitra","Casablanca-Settat","Ain Attig","El Borouj",1,0.00748129675810474
"5170","Rabat-Sale-Kenitra","Casablanca-Settat","Ain Attig","Guisser",1,0.0149625935162095
"5171","Rabat-Sale-Kenitra","Casablanca-Settat","Ain Attig","Laaounate",1,0.0224438902743142
"5172","Rabat-Sale-Kenitra","Casablanca-Settat","Ain Attig","Moualine El Oued",1,0.0199501246882793
"5173","Rabat-Sale-Kenitra","Casablanca-Settat","Ait Ikkou","Lambarkiyine",1,0.0498753117206983
"5174","Rabat-Sale-Kenitra","Casablanca-Settat","Ait Ikkou","Sidi Bernoussi",1,0.0423940149625935
"5175","Rabat-Sale-Kenitra","Casablanca-Settat","Boumaiz","Lambarkiyine",1,0.0199501246882793
"5176","Rabat-Sale-Kenitra","Casablanca-Settat","Boumaiz","Sidi Bernoussi",1,0.0399002493765586
"5177","Rabat-Sale-Kenitra","Casablanca-Settat","Brachoua","El Borouj",1,0.0174563591022444
"5178","Rabat-Sale-Kenitra","Casablanca-Settat","Brachoua","Guisser",1,0.0249376558603491
"5179","Rabat-Sale-Kenitra","Casablanca-Settat","Brachoua","Sidi Bernoussi",1,0.00249376558603491
"5180","Rabat-Sale-Kenitra","Casablanca-Settat","El Kansera","Laaounate",1,0.00498753117206983
"5181","Rabat-Sale-Kenitra","Casablanca-Settat","El Kansera","Oulad Yahya Louta",1,0.00748129675810474
"5182","Rabat-Sale-Kenitra","Casablanca-Settat","El Kansera","Sidi Bettache",1,0.0149625935162095
"5183","Rabat-Sale-Kenitra","Casablanca-Settat","El Kansera","Sidi Hajjaj",1,0.00498753117206983
"5184","Rabat-Sale-Kenitra","Casablanca-Settat","Lalla Mimouna","Bouznika",1,0.00997506234413965
"5185","Rabat-Sale-Kenitra","Casablanca-Settat","Lalla Mimouna","Koudiat Bni Dghough",1,0.0249376558603491
"5186","Rabat-Sale-Kenitra","Casablanca-Settat","Lalla Mimouna","Lambarkiyine",1,0.0473815461346633
"5187","Rabat-Sale-Kenitra","Casablanca-Settat","Lalla Mimouna","Oulad Yahya Louta",1,0.00498753117206983
"5188","Rabat-Sale-Kenitra","Casablanca-Settat","Lalla Mimouna","Sidi Bernoussi",1,0.029925187032419
"5189","Rabat-Sale-Kenitra","Casablanca-Settat","Lalla Mimouna","Sidi Bettache",6,0.0170407315045719
"5190","Rabat-Sale-Kenitra","Casablanca-Settat","Lalla Mimouna","Sidi Hajjaj",1,0.0124688279301746
"5191","Rabat-Sale-Kenitra","Casablanca-Settat","Lalla Mimouna","Sidi Hajjaj Oued Hassar",1,0.00498753117206983
"5192","Rabat-Sale-Kenitra","Casablanca-Settat","Sidi Mohamed Lahmar","Lambarkiyine",1,0.0224438902743142
"5193","Rabat-Sale-Kenitra","Casablanca-Settat","Sidi Mohamed Lahmar","Sidi Bernoussi",1,0.027431421446384
"5194","Rabat-Sale-Kenitra","Casablanca-Settat","Sidi Yahya Zaer","Bouznika",1,0.00748129675810474
"5195","Rabat-Sale-Kenitra","Casablanca-Settat","Sidi Yahya Zaer","El Borouj",1,0.00498753117206983
"5196","Rabat-Sale-Kenitra","Casablanca-Settat","Sidi Yahya Zaer","Laaounate",1,0.00748129675810474
"5197","Rabat-Sale-Kenitra","Casablanca-Settat","Sidi Yahya Zaer","Lambarkiyine",1,0.00748129675810474
"5198","Rabat-Sale-Kenitra","Casablanca-Settat","Sidi Yahya Zaer","Moualine El Oued",1,0.00997506234413965
"5199","Rabat-Sale-Kenitra","Casablanca-Settat","Sidi Yahya Zaer","Oulad Yahya Louta",1,0.00249376558603491
"5200","Rabat-Sale-Kenitra","Casablanca-Settat","Sidi Yahya Zaer","Sidi Bernoussi",1,0.0174563591022444
"5201","Rabat-Sale-Kenitra","Casablanca-Settat","Zaggota","Lambarkiyine",1,0.0249376558603491
"5202","Rabat-Sale-Kenitra","Casablanca-Settat","Zaggota","Sidi Bernoussi",1,0.027431421446384
"5203","Rabat-Sale-Kenitra","Daraa-Tafilalet","Ain Attig","Aghbalou",1,0.0149625935162095
"5204","Rabat-Sale-Kenitra","Daraa-Tafilalet","Ait Ikkou","Aghbalou",1,0.00249376558603491
"5205","Rabat-Sale-Kenitra","Daraa-Tafilalet","Boumaiz","Aghbalou",2,0.00623441396508728
"5206","Rabat-Sale-Kenitra","Daraa-Tafilalet","Boumaiz","Sidi Yahya ou Youssef",1,0.00997506234413965
"5207","Rabat-Sale-Kenitra","Daraa-Tafilalet","Brachoua","Aghbalou",3,0.0149625935162095
"5208","Rabat-Sale-Kenitra","Daraa-Tafilalet","Brachoua","Sidi Yahya ou Youssef",1,0.0149625935162095
"5209","Rabat-Sale-Kenitra","Daraa-Tafilalet","El Kansera","Aghbalou",4,0.00498753117206983
"5210","Rabat-Sale-Kenitra","Daraa-Tafilalet","Lalla Mimouna","Aghbalou",7,0.0135375846099038
"5211","Rabat-Sale-Kenitra","Daraa-Tafilalet","Lalla Mimouna","Sidi Yahya ou Youssef",1,0.00249376558603491
"5212","Rabat-Sale-Kenitra","Daraa-Tafilalet","Sidi Mohamed Lahmar","Sidi Yahya ou Youssef",1,0.00249376558603491
"5213","Rabat-Sale-Kenitra","Daraa-Tafilalet","Sidi Yahya Zaer","Aghbalou",2,0.00374064837905237
"5214","Rabat-Sale-Kenitra","Daraa-Tafilalet","Sidi Yahya Zaer","Sidi Yahya ou Youssef",1,0.00748129675810474
"5215","Rabat-Sale-Kenitra","Daraa-Tafilalet","Zaggota","Aghbalou",1,0.00249376558603491
"5216","Rabat-Sale-Kenitra","Fes-Meknes","Agdal Riyad","Oulad Ayyad",1,0.057356608478803
"5217","Rabat-Sale-Kenitra","Fes-Meknes","Agdal Riyad","Sidi Boutayeb",2,0.1571072319202
"5218","Rabat-Sale-Kenitra","Fes-Meknes","Ain Attig","Aghbalou Aqorar",1,0.00748129675810474
"5219","Rabat-Sale-Kenitra","Fes-Meknes","Ain Attig","Ain Bou Ali",1,0.00249376558603491
"5220","Rabat-Sale-Kenitra","Fes-Meknes","Ain Attig","Ain Karma- Oued Rommane",1,0.00498753117206983
"5221","Rabat-Sale-Kenitra","Fes-Meknes","Ain Attig","Ain Leuh",1,0.00249376558603491
"5222","Rabat-Sale-Kenitra","Fes-Meknes","Ain Attig","Ait Sebaa Lajrouf",1,0.0236907730673317
"5223","Rabat-Sale-Kenitra","Fes-Meknes","Ain Attig","Almis Marmoucha",1,0.00498753117206983
"5224","Rabat-Sale-Kenitra","Fes-Meknes","Ain Attig","Kandar Sidi Khiar",1,0.0236907730673317
"5225","Rabat-Sale-Kenitra","Fes-Meknes","Ain Attig","Laanoussar",3,0.0220282626766417
"5226","Rabat-Sale-Kenitra","Fes-Meknes","Ain Attig","Louadaine",1,0.00249376558603491
"5227","Rabat-Sale-Kenitra","Fes-Meknes","Ain Attig","Majjate",1,0.0124688279301746
"5228","Rabat-Sale-Kenitra","Fes-Meknes","Ain Attig","Oued Ifrane",1,0.00997506234413965
"5229","Rabat-Sale-Kenitra","Fes-Meknes","Ain Attig","Oued Jemaa",1,0.00748129675810474
"5230","Rabat-Sale-Kenitra","Fes-Meknes","Ain Attig","Ouizeght",1,0.00498753117206983
"5231","Rabat-Sale-Kenitra","Fes-Meknes","Ain Attig","Rghioua",1,0.00748129675810474
"5232","Rabat-Sale-Kenitra","Fes-Meknes","Ain Attig","Sebaa Rouadi",1,0.00249376558603491
"5233","Rabat-Sale-Kenitra","Fes-Meknes","Ain Attig","Tigrigra",1,0.00872817955112219
"5234","Rabat-Sale-Kenitra","Fes-Meknes","Ain Attig","Timahdite",1,0.00249376558603491
"5235","Rabat-Sale-Kenitra","Fes-Meknes","Ait Ikkou","Aghbalou Aqorar",1,0.0349127182044888
"5236","Rabat-Sale-Kenitra","Fes-Meknes","Ait Ikkou","Enjil",1,0.0399002493765586
"5237","Rabat-Sale-Kenitra","Fes-Meknes","Ait Ikkou","Zrarda",1,0.0149625935162095
"5238","Rabat-Sale-Kenitra","Fes-Meknes","Arbaoua","Enjil",1,0.00249376558603491
"5239","Rabat-Sale-Kenitra","Fes-Meknes","Arbaoua","Oulad Ayyad",1,0.00249376558603491
"5240","Rabat-Sale-Kenitra","Fes-Meknes","Arbaoua","Sidi Boutayeb",2,0.0723192019950125
"5241","Rabat-Sale-Kenitra","Fes-Meknes","Arbaoua","Zrarda",1,0.027431421446384
"5242","Rabat-Sale-Kenitra","Fes-Meknes","Boumaiz","Aghbalou Aqorar",1,0.0224438902743142
"5243","Rabat-Sale-Kenitra","Fes-Meknes","Boumaiz","Enjil",1,0.00498753117206983
"5244","Rabat-Sale-Kenitra","Fes-Meknes","Boumaiz","Sidi Boutayeb",1,0.00997506234413965
"5245","Rabat-Sale-Kenitra","Fes-Meknes","Brachoua","Almis Marmoucha",1,0.0174563591022444
"5246","Rabat-Sale-Kenitra","Fes-Meknes","Brachoua","Majjate",1,0.0249376558603491
"5247","Rabat-Sale-Kenitra","Fes-Meknes","Brachoua","Ouizeght",1,0.029925187032419
"5248","Rabat-Sale-Kenitra","Fes-Meknes","Brachoua","Outat El Haj",1,0.0324189526184539
"5249","Rabat-Sale-Kenitra","Fes-Meknes","Brachoua","Sidi Boutayeb",1,0.00997506234413965
"5250","Rabat-Sale-Kenitra","Fes-Meknes","El Kansera","Aghbalou Aqorar",1,0.00997506234413965
"5251","Rabat-Sale-Kenitra","Fes-Meknes","El Kansera","Ain Bida",1,0.0174563591022444
"5252","Rabat-Sale-Kenitra","Fes-Meknes","El Kansera","Ain Bou Ali",1,0.0149625935162095
"5253","Rabat-Sale-Kenitra","Fes-Meknes","El Kansera","Ain Kansra",1,0.00249376558603491
"5254","Rabat-Sale-Kenitra","Fes-Meknes","El Kansera","Ain Karma- Oued Rommane",1,0.0174563591022444
"5255","Rabat-Sale-Kenitra","Fes-Meknes","El Kansera","Ain Leuh",2,0.00498753117206983
"5256","Rabat-Sale-Kenitra","Fes-Meknes","El Kansera","Ait Naamane",2,0.00872817955112219
"5257","Rabat-Sale-Kenitra","Fes-Meknes","El Kansera","Ait Sebaa Lajrouf",2,0.0149625935162095
"5258","Rabat-Sale-Kenitra","Fes-Meknes","El Kansera","Bni Snous",1,0.00249376558603491
"5259","Rabat-Sale-Kenitra","Fes-Meknes","El Kansera","Kandar Sidi Khiar",1,0.00249376558603491
"5260","Rabat-Sale-Kenitra","Fes-Meknes","El Kansera","Laanoussar",2,0.00374064837905237
"5261","Rabat-Sale-Kenitra","Fes-Meknes","El Kansera","Louadaine",3,0.0166251039068994
"5262","Rabat-Sale-Kenitra","Fes-Meknes","El Kansera","Mezraoua",1,0.00498753117206983
"5263","Rabat-Sale-Kenitra","Fes-Meknes","El Kansera","Oued Ifrane",1,0.00748129675810474
"5264","Rabat-Sale-Kenitra","Fes-Meknes","El Kansera","Oued Jemaa",1,0.0199501246882793
"5265","Rabat-Sale-Kenitra","Fes-Meknes","El Kansera","Rghioua",1,0.0174563591022444
"5266","Rabat-Sale-Kenitra","Fes-Meknes","El Kansera","Sebaa Rouadi",1,0.00498753117206983
"5267","Rabat-Sale-Kenitra","Fes-Meknes","El Kansera","Sidi El Makhfi",3,0.00914380714879468
"5268","Rabat-Sale-Kenitra","Fes-Meknes","El Kansera","Tigrigra",1,0.0174563591022444
"5269","Rabat-Sale-Kenitra","Fes-Meknes","El Kansera","Timahdite",5,0.00698254364089776
"5270","Rabat-Sale-Kenitra","Fes-Meknes","Lalla Mimouna","Aghbalou Aqorar",1.5,0.0293017456359102
"5271","Rabat-Sale-Kenitra","Fes-Meknes","Lalla Mimouna","Ain Bida",1,0.00498753117206983
"5272","Rabat-Sale-Kenitra","Fes-Meknes","Lalla Mimouna","Ain Bou Ali",1,0.00498753117206983
"5273","Rabat-Sale-Kenitra","Fes-Meknes","Lalla Mimouna","Ain Chkef",1,0.029925187032419
"5274","Rabat-Sale-Kenitra","Fes-Meknes","Lalla Mimouna","Ain Kansra",1,0.0349127182044888
"5275","Rabat-Sale-Kenitra","Fes-Meknes","Lalla Mimouna","Ain Leuh",3,0.00914380714879468
"5276","Rabat-Sale-Kenitra","Fes-Meknes","Lalla Mimouna","Ait Boubidmane",1,0.027431421446384
"5277","Rabat-Sale-Kenitra","Fes-Meknes","Lalla Mimouna","Ait Naamane",3,0.0108063175394846
"5278","Rabat-Sale-Kenitra","Fes-Meknes","Lalla Mimouna","Ben Smim",1,0.0174563591022444
"5279","Rabat-Sale-Kenitra","Fes-Meknes","Lalla Mimouna","Bni Snous",1,0.0249376558603491
"5280","Rabat-Sale-Kenitra","Fes-Meknes","Lalla Mimouna","Dayat Aoua",1,0.00498753117206983
"5281","Rabat-Sale-Kenitra","Fes-Meknes","Lalla Mimouna","Enjil",1,0.0349127182044888
"5282","Rabat-Sale-Kenitra","Fes-Meknes","Lalla Mimouna","Fes Medina",1,0.00249376558603491
"5283","Rabat-Sale-Kenitra","Fes-Meknes","Lalla Mimouna","Mezraoua",1,0.0199501246882793
"5284","Rabat-Sale-Kenitra","Fes-Meknes","Lalla Mimouna","Moulay Idriss Zarhoun",1,0.0124688279301746
"5285","Rabat-Sale-Kenitra","Fes-Meknes","Lalla Mimouna","Oulad Mimoun",1,0.0374064837905237
"5286","Rabat-Sale-Kenitra","Fes-Meknes","Lalla Mimouna","Sebaa Rouadi",1,0.00997506234413965
"5287","Rabat-Sale-Kenitra","Fes-Meknes","Lalla Mimouna","Sidi Boutayeb",1,0.00249376558603491
"5288","Rabat-Sale-Kenitra","Fes-Meknes","Lalla Mimouna","Sidi El Makhfi",3,0.00332502078137988
"5289","Rabat-Sale-Kenitra","Fes-Meknes","Lalla Mimouna","Timahdite",7,0.0153188457427859
"5290","Rabat-Sale-Kenitra","Fes-Meknes","Lalla Mimouna","Zrarda",1,0.0124688279301746
"5291","Rabat-Sale-Kenitra","Fes-Meknes","Maaziz","Oulad Ayyad",1,0.00498753117206983
"5292","Rabat-Sale-Kenitra","Fes-Meknes","Maaziz","Sidi Boutayeb",2,0.13216957605985
"5293","Rabat-Sale-Kenitra","Fes-Meknes","Maaziz","Zrarda",1,0.00748129675810474
"5294","Rabat-Sale-Kenitra","Fes-Meknes","Sidi Mohamed Lahmar","Aghbalou Aqorar",1,0.0374064837905237
"5295","Rabat-Sale-Kenitra","Fes-Meknes","Sidi Mohamed Lahmar","Zrarda",1,0.0124688279301746
"5296","Rabat-Sale-Kenitra","Fes-Meknes","Sidi Yahya Zaer","Aghbalou Aqorar",1,0.0211970074812968
"5297","Rabat-Sale-Kenitra","Fes-Meknes","Sidi Yahya Zaer","Ain Bida",1,0.00498753117206983
"5298","Rabat-Sale-Kenitra","Fes-Meknes","Sidi Yahya Zaer","Ain Bou Ali",1,0.00997506234413965
"5299","Rabat-Sale-Kenitra","Fes-Meknes","Sidi Yahya Zaer","Ain Karma- Oued Rommane",1,0.0349127182044888
"5300","Rabat-Sale-Kenitra","Fes-Meknes","Sidi Yahya Zaer","Ain Leuh",2,0.00374064837905237
"5301","Rabat-Sale-Kenitra","Fes-Meknes","Sidi Yahya Zaer","Ait Naamane",2,0.00748129675810474
"5302","Rabat-Sale-Kenitra","Fes-Meknes","Sidi Yahya Zaer","Ait Sebaa Lajrouf",2,0.0174563591022444
"5303","Rabat-Sale-Kenitra","Fes-Meknes","Sidi Yahya Zaer","Bni Snous",1,0.00249376558603491
"5304","Rabat-Sale-Kenitra","Fes-Meknes","Sidi Yahya Zaer","Enjil",1,0.0149625935162095
"5305","Rabat-Sale-Kenitra","Fes-Meknes","Sidi Yahya Zaer","Laanoussar",3,0.00665004156275977
"5306","Rabat-Sale-Kenitra","Fes-Meknes","Sidi Yahya Zaer","Louadaine",3,0.0166251039068994
"5307","Rabat-Sale-Kenitra","Fes-Meknes","Sidi Yahya Zaer","Mezraoua",1,0.00748129675810474
"5308","Rabat-Sale-Kenitra","Fes-Meknes","Sidi Yahya Zaer","Oued Ifrane",1,0.029925187032419
"5309","Rabat-Sale-Kenitra","Fes-Meknes","Sidi Yahya Zaer","Oued Jemaa",1,0.00748129675810474
"5310","Rabat-Sale-Kenitra","Fes-Meknes","Sidi Yahya Zaer","Rghioua",1,0.0199501246882793
"5311","Rabat-Sale-Kenitra","Fes-Meknes","Sidi Yahya Zaer","Sebaa Rouadi",1,0.00249376558603491
"5312","Rabat-Sale-Kenitra","Fes-Meknes","Sidi Yahya Zaer","Sidi Boutayeb",1,0.00997506234413965
"5313","Rabat-Sale-Kenitra","Fes-Meknes","Sidi Yahya Zaer","Sidi El Makhfi",2,0.0112219451371571
"5314","Rabat-Sale-Kenitra","Fes-Meknes","Sidi Yahya Zaer","Tigrigra",1,0.0199501246882793
"5315","Rabat-Sale-Kenitra","Fes-Meknes","Sidi Yahya Zaer","Timahdite",5,0.00648379052369077
"5316","Rabat-Sale-Kenitra","Fes-Meknes","Sidi Yahya Zaer","Zrarda",1,0.00249376558603491
"5317","Rabat-Sale-Kenitra","Fes-Meknes","Zaggota","Aghbalou Aqorar",1,0.0448877805486284
"5318","Rabat-Sale-Kenitra","Fes-Meknes","Zaggota","Enjil",1,0.00997506234413965
"5319","Rabat-Sale-Kenitra","Fes-Meknes","Zaggota","Zrarda",1,0.00249376558603491
"5320","Rabat-Sale-Kenitra","Marrakech-Safi","Ain Attig","Jaafra",1,0.00997506234413965
"5321","Rabat-Sale-Kenitra","Marrakech-Safi","Ain Attig","Labrikiyne",1,0.0249376558603491
"5322","Rabat-Sale-Kenitra","Marrakech-Safi","Ain Attig","Lamzoudia",1,0.00748129675810474
"5323","Rabat-Sale-Kenitra","Marrakech-Safi","Ain Attig","Oulad Hassoune Hamri",1,0.00748129675810474
"5324","Rabat-Sale-Kenitra","Marrakech-Safi","Ain Attig","Oulad Zarrad",1,0.00249376558603491
"5325","Rabat-Sale-Kenitra","Marrakech-Safi","Ait Ikkou","Benguerir",1,0.00748129675810474
"5326","Rabat-Sale-Kenitra","Marrakech-Safi","Ait Ikkou","M'Nabha",1,0.00997506234413965
"5327","Rabat-Sale-Kenitra","Marrakech-Safi","Ait Ikkou","Oulad Hassoune Hamri",1,0.00249376558603491
"5328","Rabat-Sale-Kenitra","Marrakech-Safi","Ait Ikkou","Taouloukoult",2,0.0386533665835411
"5329","Rabat-Sale-Kenitra","Marrakech-Safi","Arbaoua","M'Nabha",1,0.027431421446384
"5330","Rabat-Sale-Kenitra","Marrakech-Safi","Boumaiz","Benguerir",1,0.0498753117206983
"5331","Rabat-Sale-Kenitra","Marrakech-Safi","Boumaiz","Oulad Hassoune Hamri",1,0.00498753117206983
"5332","Rabat-Sale-Kenitra","Marrakech-Safi","Boumaiz","Taouloukoult",2,0.0399002493765586
"5333","Rabat-Sale-Kenitra","Marrakech-Safi","Brachoua","Benguerir",1,0.00498753117206983
"5334","Rabat-Sale-Kenitra","Marrakech-Safi","Brachoua","Jaafra",1,0.0224438902743142
"5335","Rabat-Sale-Kenitra","Marrakech-Safi","Brachoua","Oulad Hassoune Hamri",1,0.0199501246882793
"5336","Rabat-Sale-Kenitra","Marrakech-Safi","Brachoua","Taouloukoult",1,0.00249376558603491
"5337","Rabat-Sale-Kenitra","Marrakech-Safi","El Kansera","Labrikiyne",1,0.00498753117206983
"5338","Rabat-Sale-Kenitra","Marrakech-Safi","El Kansera","Lamzoudia",1,0.0124688279301746
"5339","Rabat-Sale-Kenitra","Marrakech-Safi","El Kansera","Oued L'Bour",1,0.00249376558603491
"5340","Rabat-Sale-Kenitra","Marrakech-Safi","El Kansera","Oulad Zarrad",1,0.0174563591022444
"5341","Rabat-Sale-Kenitra","Marrakech-Safi","Lalla Mimouna","Benguerir",1,0.0174563591022444
"5342","Rabat-Sale-Kenitra","Marrakech-Safi","Lalla Mimouna","M'Nabha",1,0.0149625935162095
"5343","Rabat-Sale-Kenitra","Marrakech-Safi","Lalla Mimouna","Oued L'Bour",1,0.0149625935162095
"5344","Rabat-Sale-Kenitra","Marrakech-Safi","Lalla Mimouna","Oulad Hassoune Hamri",1,0.00249376558603491
"5345","Rabat-Sale-Kenitra","Marrakech-Safi","Lalla Mimouna","Saidate",1,0.00748129675810474
"5346","Rabat-Sale-Kenitra","Marrakech-Safi","Lalla Mimouna","Taouloukoult",2,0.0336658354114713
"5347","Rabat-Sale-Kenitra","Marrakech-Safi","Maaziz","M'Nabha",1,0.00997506234413965
"5348","Rabat-Sale-Kenitra","Marrakech-Safi","Sidi Mohamed Lahmar","Benguerir",1,0.0149625935162095
"5349","Rabat-Sale-Kenitra","Marrakech-Safi","Sidi Mohamed Lahmar","M'Nabha",1,0.00249376558603491
"5350","Rabat-Sale-Kenitra","Marrakech-Safi","Sidi Mohamed Lahmar","Taouloukoult",2,0.027431421446384
"5351","Rabat-Sale-Kenitra","Marrakech-Safi","Sidi Yahya Zaer","Benguerir",1,0.0324189526184539
"5352","Rabat-Sale-Kenitra","Marrakech-Safi","Sidi Yahya Zaer","Labrikiyne",1,0.0124688279301746
"5353","Rabat-Sale-Kenitra","Marrakech-Safi","Sidi Yahya Zaer","Lamzoudia",1,0.0149625935162095
"5354","Rabat-Sale-Kenitra","Marrakech-Safi","Sidi Yahya Zaer","M'Nabha",1,0.00249376558603491
"5355","Rabat-Sale-Kenitra","Marrakech-Safi","Sidi Yahya Zaer","Oued L'Bour",1,0.00498753117206983
"5356","Rabat-Sale-Kenitra","Marrakech-Safi","Sidi Yahya Zaer","Oulad Hassoune Hamri",1,0.00249376558603491
"5357","Rabat-Sale-Kenitra","Marrakech-Safi","Sidi Yahya Zaer","Oulad Zarrad",1,0.00748129675810474
"5358","Rabat-Sale-Kenitra","Marrakech-Safi","Sidi Yahya Zaer","Taouloukoult",2,0.0286783042394015
"5359","Rabat-Sale-Kenitra","Marrakech-Safi","Zaggota","Benguerir",1,0.00748129675810474
"5360","Rabat-Sale-Kenitra","Marrakech-Safi","Zaggota","M'Nabha",1,0.00748129675810474
"5361","Rabat-Sale-Kenitra","Marrakech-Safi","Zaggota","Taouloukoult",2,0.0336658354114713
"5362","Rabat-Sale-Kenitra","Oriental","Agdal Riyad","Sidi Moussa Lamhaya",1,0.00498753117206983
"5363","Rabat-Sale-Kenitra","Oriental","Ain Attig","Aghbal",1,0.00374064837905237
"5364","Rabat-Sale-Kenitra","Oriental","Ain Attig","Ain Lehjer",1,0.00498753117206983
"5365","Rabat-Sale-Kenitra","Oriental","Ain Attig","Ain Sfa",1,0.0162094763092269
"5366","Rabat-Sale-Kenitra","Oriental","Ain Attig","Bni Khaled",2,0.0199501246882793
"5367","Rabat-Sale-Kenitra","Oriental","Ain Attig","Bougriba",1,0.00249376558603491
"5368","Rabat-Sale-Kenitra","Oriental","Ain Attig","Guenfouda",1,0.0224438902743142
"5369","Rabat-Sale-Kenitra","Oriental","Ain Attig","Sidi Moussa Lamhaya",1,0.0286783042394015
"5370","Rabat-Sale-Kenitra","Oriental","Ait Ikkou","Houara Oulad Raho",1,0.0249376558603491
"5371","Rabat-Sale-Kenitra","Oriental","Ait Ikkou","Madagh",1,0.0623441396508728
"5372","Rabat-Sale-Kenitra","Oriental","Ait Ikkou","Sidi Boulenouar",1,0.00498753117206983
"5373","Rabat-Sale-Kenitra","Oriental","Ait Ikkou","Sidi Moussa Lamhaya",1,0.00249376558603491
"5374","Rabat-Sale-Kenitra","Oriental","Ait Ikkou","Zegzel",1,0.0174563591022444
"5375","Rabat-Sale-Kenitra","Oriental","Boumaiz","Ahl Angad",1,0.00498753117206983
"5376","Rabat-Sale-Kenitra","Oriental","Boumaiz","Bougriba",1,0.00249376558603491
"5377","Rabat-Sale-Kenitra","Oriental","Boumaiz","Guenfouda",1,0.00748129675810474
"5378","Rabat-Sale-Kenitra","Oriental","Boumaiz","Houara Oulad Raho",1,0.0423940149625935
"5379","Rabat-Sale-Kenitra","Oriental","Boumaiz","Madagh",1,0.027431421446384
"5380","Rabat-Sale-Kenitra","Oriental","Boumaiz","Sidi Boulenouar",1,0.0174563591022444
"5381","Rabat-Sale-Kenitra","Oriental","Boumaiz","Sidi Moussa Lamhaya",1,0.0199501246882793
"5382","Rabat-Sale-Kenitra","Oriental","Boumaiz","Zegzel",1,0.0199501246882793
"5383","Rabat-Sale-Kenitra","Oriental","Brachoua","Aghbal",1,0.0423940149625935
"5384","Rabat-Sale-Kenitra","Oriental","Brachoua","Ahl Angad",1,0.0149625935162095
"5385","Rabat-Sale-Kenitra","Oriental","Brachoua","Ain Lehjer",1,0.0399002493765586
"5386","Rabat-Sale-Kenitra","Oriental","Brachoua","Ain Sfa",1,0.00249376558603491
"5387","Rabat-Sale-Kenitra","Oriental","Brachoua","Bougriba",1,0.0349127182044888
"5388","Rabat-Sale-Kenitra","Oriental","Brachoua","Guenfouda",2,0.00498753117206983
"5389","Rabat-Sale-Kenitra","Oriental","Brachoua","Houara Oulad Raho",1,0.00249376558603491
"5390","Rabat-Sale-Kenitra","Oriental","Brachoua","Madagh",1,0.00249376558603491
"5391","Rabat-Sale-Kenitra","Oriental","Brachoua","Sidi Boulenouar",1,0.00997506234413965
"5392","Rabat-Sale-Kenitra","Oriental","Brachoua","Sidi Moussa Lamhaya",1,0.00748129675810474
"5393","Rabat-Sale-Kenitra","Oriental","El Kansera","Ain Lehjer",1,0.027431421446384
"5394","Rabat-Sale-Kenitra","Oriental","El Kansera","Ain Sfa",1,0.00498753117206983
"5395","Rabat-Sale-Kenitra","Oriental","El Kansera","Bni Khaled",2,0.00249376558603491
"5396","Rabat-Sale-Kenitra","Oriental","El Kansera","Bougriba",1,0.00498753117206983
"5397","Rabat-Sale-Kenitra","Oriental","El Kansera","Guenfouda",1,0.00498753117206983
"5398","Rabat-Sale-Kenitra","Oriental","El Kansera","Oujda",1,0.00498753117206983
"5399","Rabat-Sale-Kenitra","Oriental","El Kansera","Sidi Moussa Lamhaya",2,0.00249376558603491
"5400","Rabat-Sale-Kenitra","Oriental","Lalla Mimouna","Aghbal",2,0.00748129675810474
"5401","Rabat-Sale-Kenitra","Oriental","Lalla Mimouna","Ain Lehjer",1,0.00249376558603491
"5402","Rabat-Sale-Kenitra","Oriental","Lalla Mimouna","Bougriba",1,0.00997506234413965
"5403","Rabat-Sale-Kenitra","Oriental","Lalla Mimouna","Guenfouda",1,0.00249376558603491
"5404","Rabat-Sale-Kenitra","Oriental","Lalla Mimouna","Houara Oulad Raho",1,0.00997506234413965
"5405","Rabat-Sale-Kenitra","Oriental","Lalla Mimouna","Lamrija",1,0.00997506234413965
"5406","Rabat-Sale-Kenitra","Oriental","Lalla Mimouna","Madagh",1,0.0548628428927681
"5407","Rabat-Sale-Kenitra","Oriental","Lalla Mimouna","Oujda",1,0.00498753117206983
"5408","Rabat-Sale-Kenitra","Oriental","Lalla Mimouna","Sidi Boulenouar",1,0.00997506234413965
"5409","Rabat-Sale-Kenitra","Oriental","Lalla Mimouna","Sidi Moussa Lamhaya",1,0.00498753117206983
"5410","Rabat-Sale-Kenitra","Oriental","Lalla Mimouna","Zegzel",1,0.0199501246882793
"5411","Rabat-Sale-Kenitra","Oriental","Sidi Mohamed Lahmar","Guenfouda",1,0.00249376558603491
"5412","Rabat-Sale-Kenitra","Oriental","Sidi Mohamed Lahmar","Houara Oulad Raho",1,0.0224438902743142
"5413","Rabat-Sale-Kenitra","Oriental","Sidi Mohamed Lahmar","Madagh",1,0.027431421446384
"5414","Rabat-Sale-Kenitra","Oriental","Sidi Mohamed Lahmar","Sidi Boulenouar",1,0.0124688279301746
"5415","Rabat-Sale-Kenitra","Oriental","Sidi Mohamed Lahmar","Sidi Moussa Lamhaya",1,0.00748129675810474
"5416","Rabat-Sale-Kenitra","Oriental","Sidi Mohamed Lahmar","Zegzel",1,0.0374064837905237
"5417","Rabat-Sale-Kenitra","Oriental","Sidi Yahya Zaer","Ahl Angad",1,0.00249376558603491
"5418","Rabat-Sale-Kenitra","Oriental","Sidi Yahya Zaer","Ain Lehjer",1,0.0124688279301746
"5419","Rabat-Sale-Kenitra","Oriental","Sidi Yahya Zaer","Ain Sfa",1,0.00249376558603491
"5420","Rabat-Sale-Kenitra","Oriental","Sidi Yahya Zaer","Bni Khaled",2,0.00623441396508728
"5421","Rabat-Sale-Kenitra","Oriental","Sidi Yahya Zaer","Guenfouda",1,0.00748129675810474
"5422","Rabat-Sale-Kenitra","Oriental","Sidi Yahya Zaer","Houara Oulad Raho",1,0.0174563591022444
"5423","Rabat-Sale-Kenitra","Oriental","Sidi Yahya Zaer","Madagh",1,0.0249376558603491
"5424","Rabat-Sale-Kenitra","Oriental","Sidi Yahya Zaer","Oujda",1,0.00249376558603491
"5425","Rabat-Sale-Kenitra","Oriental","Sidi Yahya Zaer","Sidi Boulenouar",1,0.00997506234413965
"5426","Rabat-Sale-Kenitra","Oriental","Sidi Yahya Zaer","Sidi Moussa Lamhaya",1,0.00997506234413965
"5427","Rabat-Sale-Kenitra","Oriental","Sidi Yahya Zaer","Zegzel",1,0.0324189526184539
"5428","Rabat-Sale-Kenitra","Oriental","Zaggota","Houara Oulad Raho",1,0.00748129675810474
"5429","Rabat-Sale-Kenitra","Oriental","Zaggota","Madagh",1,0.0473815461346633
"5430","Rabat-Sale-Kenitra","Oriental","Zaggota","Sidi Boulenouar",1,0.00249376558603491
"5431","Rabat-Sale-Kenitra","Oriental","Zaggota","Sidi Moussa Lamhaya",1,0.00997506234413965
"5432","Rabat-Sale-Kenitra","Oriental","Zaggota","Zegzel",1,0.0199501246882793
"5433","Rabat-Sale-Kenitra","Rabat-Sale-Kenitra","Agdal Riyad","Arbaoua",1,0.00748129675810474
"5434","Rabat-Sale-Kenitra","Rabat-Sale-Kenitra","Agdal Riyad","Maaziz",1,0.0199501246882793
"5435","Rabat-Sale-Kenitra","Rabat-Sale-Kenitra","Ain Attig","Ain Attig",1,0.0174563591022444
"5436","Rabat-Sale-Kenitra","Rabat-Sale-Kenitra","Ain Attig","Boumaiz",1,0.00249376558603491
"5437","Rabat-Sale-Kenitra","Rabat-Sale-Kenitra","Ain Attig","Brachoua",1,0.00997506234413965
"5438","Rabat-Sale-Kenitra","Rabat-Sale-Kenitra","Ait Ikkou","Arbaoua",1,0.00498753117206983
"5439","Rabat-Sale-Kenitra","Rabat-Sale-Kenitra","Ait Ikkou","Boumaiz",1,0.00249376558603491
"5440","Rabat-Sale-Kenitra","Rabat-Sale-Kenitra","Ait Ikkou","Lalla Mimouna",1,0.00997506234413965
"5441","Rabat-Sale-Kenitra","Rabat-Sale-Kenitra","Ait Ikkou","Sidi Mohamed Lahmar",1,0.00249376558603491
"5442","Rabat-Sale-Kenitra","Rabat-Sale-Kenitra","Ait Ikkou","Zaggota",1,0.00748129675810474
"5443","Rabat-Sale-Kenitra","Rabat-Sale-Kenitra","Arbaoua","Agdal Riyad",1,0.13216957605985
"5444","Rabat-Sale-Kenitra","Rabat-Sale-Kenitra","Arbaoua","Maaziz",1,0.177057356608479
"5445","Rabat-Sale-Kenitra","Rabat-Sale-Kenitra","Boumaiz","Ait Ikkou",1,0.0374064837905237
"5446","Rabat-Sale-Kenitra","Rabat-Sale-Kenitra","Boumaiz","Lalla Mimouna",1,0.0224438902743142
"5447","Rabat-Sale-Kenitra","Rabat-Sale-Kenitra","Boumaiz","Sidi Mohamed Lahmar",1,0.0249376558603491
"5448","Rabat-Sale-Kenitra","Rabat-Sale-Kenitra","Boumaiz","Sidi Yahya Zaer",1,0.0124688279301746
"5449","Rabat-Sale-Kenitra","Rabat-Sale-Kenitra","Boumaiz","Zaggota",1,0.0374064837905237
"5450","Rabat-Sale-Kenitra","Rabat-Sale-Kenitra","Brachoua","Ait Ikkou",1,0.00498753117206983
"5451","Rabat-Sale-Kenitra","Rabat-Sale-Kenitra","Brachoua","Boumaiz",1,0.0124688279301746
"5452","Rabat-Sale-Kenitra","Rabat-Sale-Kenitra","Brachoua","Lalla Mimouna",1,0.00498753117206983
"5453","Rabat-Sale-Kenitra","Rabat-Sale-Kenitra","Brachoua","Sidi Mohamed Lahmar",1,0.00249376558603491
"5454","Rabat-Sale-Kenitra","Rabat-Sale-Kenitra","Brachoua","Sidi Yahya Zaer",1,0.00498753117206983
"5455","Rabat-Sale-Kenitra","Rabat-Sale-Kenitra","Brachoua","Zaggota",1,0.00249376558603491
"5456","Rabat-Sale-Kenitra","Rabat-Sale-Kenitra","El Kansera","Ain Attig",2,0.00872817955112219
"5457","Rabat-Sale-Kenitra","Rabat-Sale-Kenitra","El Kansera","Sidi Yahya Zaer",1,0.00997506234413965
"5458","Rabat-Sale-Kenitra","Rabat-Sale-Kenitra","Lalla Mimouna","Ait Ikkou",1,0.0349127182044888
"5459","Rabat-Sale-Kenitra","Rabat-Sale-Kenitra","Lalla Mimouna","Arbaoua",1,0.00498753117206983
"5460","Rabat-Sale-Kenitra","Rabat-Sale-Kenitra","Lalla Mimouna","Boumaiz",1,0.00498753117206983
"5461","Rabat-Sale-Kenitra","Rabat-Sale-Kenitra","Lalla Mimouna","El Kansera",1,0.00249376558603491
"5462","Rabat-Sale-Kenitra","Rabat-Sale-Kenitra","Lalla Mimouna","Sidi Mohamed Lahmar",1,0.0199501246882793
"5463","Rabat-Sale-Kenitra","Rabat-Sale-Kenitra","Lalla Mimouna","Sidi Yahya Zaer",1,0.00623441396508728
"5464","Rabat-Sale-Kenitra","Rabat-Sale-Kenitra","Lalla Mimouna","Zaggota",1,0.0249376558603491
"5465","Rabat-Sale-Kenitra","Rabat-Sale-Kenitra","Maaziz","Agdal Riyad",1,0.214463840399002
"5466","Rabat-Sale-Kenitra","Rabat-Sale-Kenitra","Maaziz","Arbaoua",1,0.0224438902743142
"5467","Rabat-Sale-Kenitra","Rabat-Sale-Kenitra","Sidi Mohamed Lahmar","Agdal Riyad",1,0.00249376558603491
"5468","Rabat-Sale-Kenitra","Rabat-Sale-Kenitra","Sidi Mohamed Lahmar","Ait Ikkou",1,0.027431421446384
"5469","Rabat-Sale-Kenitra","Rabat-Sale-Kenitra","Sidi Mohamed Lahmar","Arbaoua",1,0.00748129675810474
"5470","Rabat-Sale-Kenitra","Rabat-Sale-Kenitra","Sidi Mohamed Lahmar","Boumaiz",1,0.00498753117206983
"5471","Rabat-Sale-Kenitra","Rabat-Sale-Kenitra","Sidi Mohamed Lahmar","Lalla Mimouna",1,0.0224438902743142
"5472","Rabat-Sale-Kenitra","Rabat-Sale-Kenitra","Sidi Mohamed Lahmar","Maaziz",1,0.00249376558603491
"5473","Rabat-Sale-Kenitra","Rabat-Sale-Kenitra","Sidi Mohamed Lahmar","Sidi Yahya Zaer",1,0.00748129675810474
"5474","Rabat-Sale-Kenitra","Rabat-Sale-Kenitra","Sidi Mohamed Lahmar","Zaggota",1,0.029925187032419
"5475","Rabat-Sale-Kenitra","Rabat-Sale-Kenitra","Sidi Yahya Zaer","Ain Attig",2,0.00872817955112219
"5476","Rabat-Sale-Kenitra","Rabat-Sale-Kenitra","Sidi Yahya Zaer","Ait Ikkou",1,0.027431421446384
"5477","Rabat-Sale-Kenitra","Rabat-Sale-Kenitra","Sidi Yahya Zaer","Arbaoua",1,0.00249376558603491
"5478","Rabat-Sale-Kenitra","Rabat-Sale-Kenitra","Sidi Yahya Zaer","Boumaiz",1,0.0149625935162095
"5479","Rabat-Sale-Kenitra","Rabat-Sale-Kenitra","Sidi Yahya Zaer","El Kansera",1,0.00748129675810474
"5480","Rabat-Sale-Kenitra","Rabat-Sale-Kenitra","Sidi Yahya Zaer","Lalla Mimouna",1,0.0324189526184539
"5481","Rabat-Sale-Kenitra","Rabat-Sale-Kenitra","Sidi Yahya Zaer","Sidi Mohamed Lahmar",1,0.0324189526184539
"5482","Rabat-Sale-Kenitra","Rabat-Sale-Kenitra","Sidi Yahya Zaer","Zaggota",1,0.0224438902743142
"5483","Rabat-Sale-Kenitra","Rabat-Sale-Kenitra","Zaggota","Agdal Riyad",1,0.00249376558603491
"5484","Rabat-Sale-Kenitra","Rabat-Sale-Kenitra","Zaggota","Ait Ikkou",1,0.027431421446384
"5485","Rabat-Sale-Kenitra","Rabat-Sale-Kenitra","Zaggota","Arbaoua",1,0.00748129675810474
"5486","Rabat-Sale-Kenitra","Rabat-Sale-Kenitra","Zaggota","Boumaiz",1,0.00249376558603491
"5487","Rabat-Sale-Kenitra","Rabat-Sale-Kenitra","Zaggota","Lalla Mimouna",1,0.0174563591022444
"5488","Rabat-Sale-Kenitra","Rabat-Sale-Kenitra","Zaggota","Maaziz",1,0.00249376558603491
"5489","Rabat-Sale-Kenitra","Rabat-Sale-Kenitra","Zaggota","Sidi Mohamed Lahmar",1,0.0174563591022444
"5490","Rabat-Sale-Kenitra","Rabat-Sale-Kenitra","Zaggota","Sidi Yahya Zaer",1,0.00997506234413965
"5491","Rabat-Sale-Kenitra","Souss-Massa","Ain Attig","Arazene",1,0.00872817955112219
"5492","Rabat-Sale-Kenitra","Souss-Massa","Ain Attig","Igoudar Mnabha",1,0.00249376558603491
"5493","Rabat-Sale-Kenitra","Souss-Massa","Ain Attig","Ouad Essafa",1,0.0211970074812968
"5494","Rabat-Sale-Kenitra","Souss-Massa","Ain Attig","Sidi Bibi",1,0.0261845386533666
"5495","Rabat-Sale-Kenitra","Souss-Massa","Brachoua","Arazene",1,0.0324189526184539
"5496","Rabat-Sale-Kenitra","Souss-Massa","Brachoua","Ouad Essafa",1,0.00249376558603491
"5497","Rabat-Sale-Kenitra","Souss-Massa","El Kansera","Igoudar Mnabha",1,0.00748129675810474
"5498","Rabat-Sale-Kenitra","Souss-Massa","El Kansera","Ouad Essafa",1,0.00249376558603491
"5499","Rabat-Sale-Kenitra","Souss-Massa","El Kansera","Ouled Teima",1,0.00997506234413965
"5500","Rabat-Sale-Kenitra","Souss-Massa","Lalla Mimouna","Igoudar Mnabha",1,0.00748129675810474
"5501","Rabat-Sale-Kenitra","Souss-Massa","Lalla Mimouna","Ouled Teima",1,0.00249376558603491
"5502","Rabat-Sale-Kenitra","Souss-Massa","Sidi Yahya Zaer","Igoudar Mnabha",1,0.00997506234413965
"5503","Rabat-Sale-Kenitra","Souss-Massa","Sidi Yahya Zaer","Ouad Essafa",1,0.00249376558603491
"5504","Rabat-Sale-Kenitra","Souss-Massa","Sidi Yahya Zaer","Ouled Teima",1,0.0199501246882793
"5505","Rabat-Sale-Kenitra","Souss-Massa","Sidi Yahya Zaer","Sidi Bibi",1,0.00997506234413965
"5506","Rabat-Sale-Kenitra","Tanger-Tetouan-Al Hoceima","Ain Attig","Beni Boufrah",1,0.00498753117206983
"5507","Rabat-Sale-Kenitra","Tanger-Tetouan-Al Hoceima","Ain Attig","Issaguen",2.5,0.00623441396508728
"5508","Rabat-Sale-Kenitra","Tanger-Tetouan-Al Hoceima","Ain Attig","Souk L'Qolla",2,0.0180798004987531
"5509","Rabat-Sale-Kenitra","Tanger-Tetouan-Al Hoceima","Ain Attig","Zouada",1,0.0199501246882793
"5510","Rabat-Sale-Kenitra","Tanger-Tetouan-Al Hoceima","Ait Ikkou","Lamjaara",1,0.00997506234413965
"5511","Rabat-Sale-Kenitra","Tanger-Tetouan-Al Hoceima","Boumaiz","Lamjaara",1,0.0174563591022444
"5512","Rabat-Sale-Kenitra","Tanger-Tetouan-Al Hoceima","Boumaiz","Souk L'Qolla",1,0.0199501246882793
"5513","Rabat-Sale-Kenitra","Tanger-Tetouan-Al Hoceima","Brachoua","Issaguen",4,0.0380299251870324
"5514","Rabat-Sale-Kenitra","Tanger-Tetouan-Al Hoceima","Brachoua","Souk L'Qolla",1,0.00748129675810474
"5515","Rabat-Sale-Kenitra","Tanger-Tetouan-Al Hoceima","Brachoua","Zouada",1,0.0124688279301746
"5516","Rabat-Sale-Kenitra","Tanger-Tetouan-Al Hoceima","El Kansera","Beni Boufrah",1,0.00748129675810474
"5517","Rabat-Sale-Kenitra","Tanger-Tetouan-Al Hoceima","El Kansera","Souk L'Qolla",5,0.0104738154613466
"5518","Rabat-Sale-Kenitra","Tanger-Tetouan-Al Hoceima","El Kansera","Tetouan",1,0.00997506234413965
"5519","Rabat-Sale-Kenitra","Tanger-Tetouan-Al Hoceima","El Kansera","Zouada",1,0.00249376558603491
"5520","Rabat-Sale-Kenitra","Tanger-Tetouan-Al Hoceima","Lalla Mimouna","Beni Boufrah",1,0.0199501246882793
"5521","Rabat-Sale-Kenitra","Tanger-Tetouan-Al Hoceima","Lalla Mimouna","Bni Faghloum",1,0.0249376558603491
"5522","Rabat-Sale-Kenitra","Tanger-Tetouan-Al Hoceima","Lalla Mimouna","Chefchaouen",1,0.0174563591022444
"5523","Rabat-Sale-Kenitra","Tanger-Tetouan-Al Hoceima","Lalla Mimouna","Lamjaara",1,0.0174563591022444
"5524","Rabat-Sale-Kenitra","Tanger-Tetouan-Al Hoceima","Lalla Mimouna","Souk L'Qolla",2,0.00498753117206983
"5525","Rabat-Sale-Kenitra","Tanger-Tetouan-Al Hoceima","Lalla Mimouna","Tetouan",1,0.00997506234413965
"5526","Rabat-Sale-Kenitra","Tanger-Tetouan-Al Hoceima","Sidi Mohamed Lahmar","Lamjaara",1,0.0224438902743142
"5527","Rabat-Sale-Kenitra","Tanger-Tetouan-Al Hoceima","Sidi Mohamed Lahmar","Souk L'Qolla",1,0.0124688279301746
"5528","Rabat-Sale-Kenitra","Tanger-Tetouan-Al Hoceima","Sidi Yahya Zaer","Beni Boufrah",1,0.0448877805486284
"5529","Rabat-Sale-Kenitra","Tanger-Tetouan-Al Hoceima","Sidi Yahya Zaer","Lamjaara",1,0.029925187032419
"5530","Rabat-Sale-Kenitra","Tanger-Tetouan-Al Hoceima","Sidi Yahya Zaer","Souk L'Qolla",2.5,0.0118453865336658
"5531","Rabat-Sale-Kenitra","Tanger-Tetouan-Al Hoceima","Sidi Yahya Zaer","Tetouan",1,0.00748129675810474
"5532","Rabat-Sale-Kenitra","Tanger-Tetouan-Al Hoceima","Zaggota","Lamjaara",1,0.0249376558603491
"5533","Rabat-Sale-Kenitra","Tanger-Tetouan-Al Hoceima","Zaggota","Souk L'Qolla",1,0.00249376558603491
"5534","Souss-Massa","Beni Mellal-Khenifra","Arazene","Aguelmouss",12,0.0166251039068994
"5535","Souss-Massa","Beni Mellal-Khenifra","Arazene","Bni Ayat",1,0.00748129675810474
"5536","Souss-Massa","Beni Mellal-Khenifra","Arazene","El Borj",2,0.0261845386533666
"5537","Souss-Massa","Beni Mellal-Khenifra","Arazene","El Hammam",2,0.0199501246882793
"5538","Souss-Massa","Beni Mellal-Khenifra","Arazene","Fkih Ben Salah",1,0.0423940149625935
"5539","Souss-Massa","Beni Mellal-Khenifra","Arazene","Had Bouhssoussen",1,0.0448877805486284
"5540","Souss-Massa","Beni Mellal-Khenifra","Arazene","Khmis Bni Chegdale",3,0.0199501246882793
"5541","Souss-Massa","Beni Mellal-Khenifra","Arazene","Krifate",1,0.0249376558603491
"5542","Souss-Massa","Beni Mellal-Khenifra","Arazene","Oulad Abdoune",1,0.00249376558603491
"5543","Souss-Massa","Beni Mellal-Khenifra","Arazene","Oulad Zmam",1,0.027431421446384
"5544","Souss-Massa","Beni Mellal-Khenifra","Arazene","Sidi Hcine",1,0.00249376558603491
"5545","Souss-Massa","Beni Mellal-Khenifra","Arazene","Tanourdi",1,0.00748129675810474
"5546","Souss-Massa","Beni Mellal-Khenifra","Igoudar Mnabha","Aguelmouss",4,0.00374064837905237
"5547","Souss-Massa","Beni Mellal-Khenifra","Igoudar Mnabha","Ait Saadelli",1,0.0124688279301746
"5548","Souss-Massa","Beni Mellal-Khenifra","Igoudar Mnabha","Bni Oukil",4,0.00935162094763092
"5549","Souss-Massa","Beni Mellal-Khenifra","Igoudar Mnabha","El Borj",1,0.0124688279301746
"5550","Souss-Massa","Beni Mellal-Khenifra","Igoudar Mnabha","El Hammam",1,0.0149625935162095
"5551","Souss-Massa","Beni Mellal-Khenifra","Igoudar Mnabha","Fkih Ben Salah",1,0.00249376558603491
"5552","Souss-Massa","Beni Mellal-Khenifra","Igoudar Mnabha","Oulad Boughadi",1,0.0124688279301746
"5553","Souss-Massa","Beni Mellal-Khenifra","Igoudar Mnabha","Oulad Zmam",1,0.00249376558603491
"5554","Souss-Massa","Beni Mellal-Khenifra","Igoudar Mnabha","Sidi Yacoub",5,0.00897755610972569
"5555","Souss-Massa","Beni Mellal-Khenifra","Ouad Essafa","Aguelmouss",13,0.0159217341262229
"5556","Souss-Massa","Beni Mellal-Khenifra","Ouad Essafa","Bni Oukil",1,0.0324189526184539
"5557","Souss-Massa","Beni Mellal-Khenifra","Ouad Essafa","Bni Ykhlef",1,0.0249376558603491
"5558","Souss-Massa","Beni Mellal-Khenifra","Ouad Essafa","El Borj",2,0.00498753117206983
"5559","Souss-Massa","Beni Mellal-Khenifra","Ouad Essafa","El Hammam",2,0.027431421446384
"5560","Souss-Massa","Beni Mellal-Khenifra","Ouad Essafa","Fkih Ben Salah",1,0.029925187032419
"5561","Souss-Massa","Beni Mellal-Khenifra","Ouad Essafa","Had Bouhssoussen",1,0.0124688279301746
"5562","Souss-Massa","Beni Mellal-Khenifra","Ouad Essafa","Khmis Bni Chegdale",3,0.00415627597672485
"5563","Souss-Massa","Beni Mellal-Khenifra","Ouad Essafa","Krifate",1,0.0473815461346633
"5564","Souss-Massa","Beni Mellal-Khenifra","Ouad Essafa","Oulad Abdoune",1,0.0224438902743142
"5565","Souss-Massa","Beni Mellal-Khenifra","Ouad Essafa","Oulad Zmam",1,0.0399002493765586
"5566","Souss-Massa","Beni Mellal-Khenifra","Ouad Essafa","Sidi Hcine",1,0.00249376558603491
"5567","Souss-Massa","Beni Mellal-Khenifra","Ouled Teima","Aguelmouss",6,0.0029093931837074
"5568","Souss-Massa","Beni Mellal-Khenifra","Ouled Teima","Ait Saadelli",1,0.0199501246882793
"5569","Souss-Massa","Beni Mellal-Khenifra","Ouled Teima","Bni Oukil",2,0.00997506234413965
"5570","Souss-Massa","Beni Mellal-Khenifra","Ouled Teima","Bni Ykhlef",1,0.00249376558603491
"5571","Souss-Massa","Beni Mellal-Khenifra","Ouled Teima","El Borj",1,0.0174563591022444
"5572","Souss-Massa","Beni Mellal-Khenifra","Ouled Teima","El Hammam",2,0.00997506234413965
"5573","Souss-Massa","Beni Mellal-Khenifra","Ouled Teima","Had Bouhssoussen",1,0.00249376558603491
"5574","Souss-Massa","Beni Mellal-Khenifra","Ouled Teima","Lagnadiz",1,0.00249376558603491
"5575","Souss-Massa","Beni Mellal-Khenifra","Ouled Teima","Oulad Abdoune",1,0.00997506234413965
"5576","Souss-Massa","Beni Mellal-Khenifra","Ouled Teima","Oulad Boughadi",1,0.0224438902743142
"5577","Souss-Massa","Beni Mellal-Khenifra","Ouled Teima","Oulad Zmam",1,0.00498753117206983
"5578","Souss-Massa","Beni Mellal-Khenifra","Ouled Teima","Sidi Yacoub",4,0.00810473815461347
"5579","Souss-Massa","Beni Mellal-Khenifra","Sidi Bibi","Aguelmouss",12,0.0168329177057357
"5580","Souss-Massa","Beni Mellal-Khenifra","Sidi Bibi","Bni Oukil",2,0.0149625935162095
"5581","Souss-Massa","Beni Mellal-Khenifra","Sidi Bibi","Bni Ykhlef",1,0.029925187032419
"5582","Souss-Massa","Beni Mellal-Khenifra","Sidi Bibi","El Borj",2,0.00498753117206983
"5583","Souss-Massa","Beni Mellal-Khenifra","Sidi Bibi","El Hammam",2,0.0386533665835411
"5584","Souss-Massa","Beni Mellal-Khenifra","Sidi Bibi","Fkih Ben Salah",1,0.0324189526184539
"5585","Souss-Massa","Beni Mellal-Khenifra","Sidi Bibi","Had Bouhssoussen",1,0.00249376558603491
"5586","Souss-Massa","Beni Mellal-Khenifra","Sidi Bibi","Khmis Bni Chegdale",3,0.00415627597672485
"5587","Souss-Massa","Beni Mellal-Khenifra","Sidi Bibi","Krifate",1,0.0399002493765586
"5588","Souss-Massa","Beni Mellal-Khenifra","Sidi Bibi","Oulad Abdoune",1,0.0124688279301746
"5589","Souss-Massa","Beni Mellal-Khenifra","Sidi Bibi","Oulad Zmam",1,0.0374064837905237
"5590","Souss-Massa","Beni Mellal-Khenifra","Sidi Bibi","Tanourdi",1,0.00249376558603491
"5591","Souss-Massa","Casablanca-Settat","Arazene","El Borouj",1,0.0124688279301746
"5592","Souss-Massa","Casablanca-Settat","Arazene","Guisser",1,0.0349127182044888
"5593","Souss-Massa","Casablanca-Settat","Arazene","Laaounate",1,0.00249376558603491
"5594","Souss-Massa","Casablanca-Settat","Igoudar Mnabha","Bouznika",1,0.00249376558603491
"5595","Souss-Massa","Casablanca-Settat","Igoudar Mnabha","Laaounate",1,0.00249376558603491
"5596","Souss-Massa","Casablanca-Settat","Igoudar Mnabha","Moualine El Oued",1,0.00748129675810474
"5597","Souss-Massa","Casablanca-Settat","Igoudar Mnabha","Oulad Yahya Louta",1,0.00498753117206983
"5598","Souss-Massa","Casablanca-Settat","Igoudar Mnabha","Sidi Bettache",1,0.00748129675810474
"5599","Souss-Massa","Casablanca-Settat","Ouad Essafa","El Borouj",1,0.00249376558603491
"5600","Souss-Massa","Casablanca-Settat","Ouad Essafa","Guisser",1,0.0149625935162095
"5601","Souss-Massa","Casablanca-Settat","Ouad Essafa","Laaounate",1,0.00748129675810474
"5602","Souss-Massa","Casablanca-Settat","Ouled Teima","Bouznika",1,0.00249376558603491
"5603","Souss-Massa","Casablanca-Settat","Ouled Teima","Laaounate",1,0.0124688279301746
"5604","Souss-Massa","Casablanca-Settat","Ouled Teima","Moualine El Oued",1,0.00997506234413965
"5605","Souss-Massa","Casablanca-Settat","Ouled Teima","Oulad Yahya Louta",1,0.00249376558603491
"5606","Souss-Massa","Casablanca-Settat","Ouled Teima","Sidi Bettache",1,0.00498753117206983
"5607","Souss-Massa","Casablanca-Settat","Ouled Teima","Sidi Hajjaj",1,0.00498753117206983
"5608","Souss-Massa","Casablanca-Settat","Sidi Bibi","El Borouj",1,0.00249376558603491
"5609","Souss-Massa","Casablanca-Settat","Sidi Bibi","Guisser",1,0.0124688279301746
"5610","Souss-Massa","Casablanca-Settat","Sidi Bibi","Laaounate",1,0.00249376558603491
"5611","Souss-Massa","Casablanca-Settat","Sidi Bibi","Moualine El Oued",1,0.00249376558603491
"5612","Souss-Massa","Daraa-Tafilalet","Arazene","Aghbalou",3,0.0174563591022444
"5613","Souss-Massa","Daraa-Tafilalet","Arazene","Sidi Yahya ou Youssef",1,0.00748129675810474
"5614","Souss-Massa","Daraa-Tafilalet","Igoudar Mnabha","Aghbalou",3,0.00997506234413965
"5615","Souss-Massa","Daraa-Tafilalet","Ouad Essafa","Aghbalou",2,0.0224438902743142
"5616","Souss-Massa","Daraa-Tafilalet","Ouad Essafa","Sidi Yahya ou Youssef",1,0.00249376558603491
"5617","Souss-Massa","Daraa-Tafilalet","Ouled Teima","Aghbalou",3,0.00665004156275977
"5618","Souss-Massa","Daraa-Tafilalet","Sidi Bibi","Aghbalou",3,0.0124688279301746
"5619","Souss-Massa","Fes-Meknes","Arazene","Almis Marmoucha",1,0.0374064837905237
"5620","Souss-Massa","Fes-Meknes","Arazene","Laanoussar",1,0.00249376558603491
"5621","Souss-Massa","Fes-Meknes","Arazene","Majjate",1,0.029925187032419
"5622","Souss-Massa","Fes-Meknes","Arazene","Ouizeght",1,0.0349127182044888
"5623","Souss-Massa","Fes-Meknes","Arazene","Outat El Haj",1,0.0399002493765586
"5624","Souss-Massa","Fes-Meknes","Arazene","Sidi Boutayeb",1,0.0174563591022444
"5625","Souss-Massa","Fes-Meknes","Igoudar Mnabha","Aghbalou Aqorar",1,0.0174563591022444
"5626","Souss-Massa","Fes-Meknes","Igoudar Mnabha","Ain Bida",1,0.00997506234413965
"5627","Souss-Massa","Fes-Meknes","Igoudar Mnabha","Ain Bou Ali",1,0.00748129675810474
"5628","Souss-Massa","Fes-Meknes","Igoudar Mnabha","Ain Chkef",1,0.00249376558603491
"5629","Souss-Massa","Fes-Meknes","Igoudar Mnabha","Ain Karma- Oued Rommane",1,0.0199501246882793
"5630","Souss-Massa","Fes-Meknes","Igoudar Mnabha","Ain Leuh",2,0.00997506234413965
"5631","Souss-Massa","Fes-Meknes","Igoudar Mnabha","Ait Naamane",2,0.00498753117206983
"5632","Souss-Massa","Fes-Meknes","Igoudar Mnabha","Ait Sebaa Lajrouf",2,0.0124688279301746
"5633","Souss-Massa","Fes-Meknes","Igoudar Mnabha","Bni Snous",1,0.00748129675810474
"5634","Souss-Massa","Fes-Meknes","Igoudar Mnabha","Kandar Sidi Khiar",1,0.00249376558603491
"5635","Souss-Massa","Fes-Meknes","Igoudar Mnabha","Laanoussar",3,0.00415627597672485
"5636","Souss-Massa","Fes-Meknes","Igoudar Mnabha","Louadaine",3,0.0166251039068994
"5637","Souss-Massa","Fes-Meknes","Igoudar Mnabha","Mezraoua",1,0.00498753117206983
"5638","Souss-Massa","Fes-Meknes","Igoudar Mnabha","Oued Ifrane",1,0.00997506234413965
"5639","Souss-Massa","Fes-Meknes","Igoudar Mnabha","Oued Jemaa",1,0.029925187032419
"5640","Souss-Massa","Fes-Meknes","Igoudar Mnabha","Rghioua",1,0.029925187032419
"5641","Souss-Massa","Fes-Meknes","Igoudar Mnabha","Sebaa Rouadi",1,0.00498753117206983
"5642","Souss-Massa","Fes-Meknes","Igoudar Mnabha","Sidi El Makhfi",3,0.00997506234413965
"5643","Souss-Massa","Fes-Meknes","Igoudar Mnabha","Tigrigra",1,0.0199501246882793
"5644","Souss-Massa","Fes-Meknes","Igoudar Mnabha","Timahdite",4,0.00810473815461347
"5645","Souss-Massa","Fes-Meknes","Ouad Essafa","Ait Sebaa Lajrouf",1,0.00249376558603491
"5646","Souss-Massa","Fes-Meknes","Ouad Essafa","Almis Marmoucha",1,0.00498753117206983
"5647","Souss-Massa","Fes-Meknes","Ouad Essafa","Kandar Sidi Khiar",1,0.0249376558603491
"5648","Souss-Massa","Fes-Meknes","Ouad Essafa","Laanoussar",3,0.00498753117206983
"5649","Souss-Massa","Fes-Meknes","Ouad Essafa","Majjate",1,0.0174563591022444
"5650","Souss-Massa","Fes-Meknes","Ouad Essafa","Ouizeght",1,0.0124688279301746
"5651","Souss-Massa","Fes-Meknes","Ouad Essafa","Outat El Haj",1,0.00498753117206983
"5652","Souss-Massa","Fes-Meknes","Ouad Essafa","Sidi Boutayeb",1,0.00498753117206983
"5653","Souss-Massa","Fes-Meknes","Ouled Teima","Aghbalou Aqorar",1,0.0174563591022444
"5654","Souss-Massa","Fes-Meknes","Ouled Teima","Ain Bida",1,0.00498753117206983
"5655","Souss-Massa","Fes-Meknes","Ouled Teima","Ain Bou Ali",1,0.00997506234413965
"5656","Souss-Massa","Fes-Meknes","Ouled Teima","Ain Karma- Oued Rommane",1,0.0324189526184539
"5657","Souss-Massa","Fes-Meknes","Ouled Teima","Ait Boubidmane",1,0.00498753117206983
"5658","Souss-Massa","Fes-Meknes","Ouled Teima","Ait Naamane",2,0.00623441396508728
"5659","Souss-Massa","Fes-Meknes","Ouled Teima","Ait Sebaa Lajrouf",2,0.00997506234413965
"5660","Souss-Massa","Fes-Meknes","Ouled Teima","Bni Snous",1,0.00249376558603491
"5661","Souss-Massa","Fes-Meknes","Ouled Teima","Kandar Sidi Khiar",1,0.00249376558603491
"5662","Souss-Massa","Fes-Meknes","Ouled Teima","Laanoussar",3,0.0058187863674148
"5663","Souss-Massa","Fes-Meknes","Ouled Teima","Louadaine",3,0.0149625935162095
"5664","Souss-Massa","Fes-Meknes","Ouled Teima","Mezraoua",1,0.00498753117206983
"5665","Souss-Massa","Fes-Meknes","Ouled Teima","Oued Ifrane",1,0.0324189526184539
"5666","Souss-Massa","Fes-Meknes","Ouled Teima","Oued Jemaa",1,0.0249376558603491
"5667","Souss-Massa","Fes-Meknes","Ouled Teima","Rghioua",1,0.029925187032419
"5668","Souss-Massa","Fes-Meknes","Ouled Teima","Sebaa Rouadi",1,0.00748129675810474
"5669","Souss-Massa","Fes-Meknes","Ouled Teima","Sidi El Makhfi",3,0.00665004156275977
"5670","Souss-Massa","Fes-Meknes","Ouled Teima","Tigrigra",1,0.0224438902743142
"5671","Souss-Massa","Fes-Meknes","Ouled Teima","Timahdite",3,0.00332502078137988
"5672","Souss-Massa","Fes-Meknes","Sidi Bibi","Ait Sebaa Lajrouf",1,0.00249376558603491
"5673","Souss-Massa","Fes-Meknes","Sidi Bibi","Almis Marmoucha",1,0.00997506234413965
"5674","Souss-Massa","Fes-Meknes","Sidi Bibi","Kandar Sidi Khiar",1,0.0124688279301746
"5675","Souss-Massa","Fes-Meknes","Sidi Bibi","Laanoussar",3,0.00332502078137988
"5676","Souss-Massa","Fes-Meknes","Sidi Bibi","Majjate",1,0.0224438902743142
"5677","Souss-Massa","Fes-Meknes","Sidi Bibi","Ouizeght",1,0.00249376558603491
"5678","Souss-Massa","Fes-Meknes","Sidi Bibi","Outat El Haj",1,0.00997506234413965
"5679","Souss-Massa","Fes-Meknes","Sidi Bibi","Sidi Boutayeb",1,0.00249376558603491
"5680","Souss-Massa","Marrakech-Safi","Arazene","Benguerir",1,0.00249376558603491
"5681","Souss-Massa","Marrakech-Safi","Arazene","Jaafra",1,0.029925187032419
"5682","Souss-Massa","Marrakech-Safi","Arazene","Oulad Hassoune Hamri",1,0.029925187032419
"5683","Souss-Massa","Marrakech-Safi","Arazene","Taouloukoult",2,0.00748129675810474
"5684","Souss-Massa","Marrakech-Safi","Igoudar Mnabha","Labrikiyne",1,0.00498753117206983
"5685","Souss-Massa","Marrakech-Safi","Igoudar Mnabha","Lamzoudia",1,0.0224438902743142
"5686","Souss-Massa","Marrakech-Safi","Igoudar Mnabha","Oulad Zarrad",1,0.027431421446384
"5687","Souss-Massa","Marrakech-Safi","Ouad Essafa","Benguerir",1,0.00249376558603491
"5688","Souss-Massa","Marrakech-Safi","Ouad Essafa","Jaafra",1,0.0249376558603491
"5689","Souss-Massa","Marrakech-Safi","Ouad Essafa","Labrikiyne",1,0.00249376558603491
"5690","Souss-Massa","Marrakech-Safi","Ouad Essafa","Oulad Hassoune Hamri",1,0.00748129675810474
"5691","Souss-Massa","Marrakech-Safi","Ouled Teima","Lamzoudia",1,0.027431421446384
"5692","Souss-Massa","Marrakech-Safi","Ouled Teima","Oulad Zarrad",1,0.0124688279301746
"5693","Souss-Massa","Marrakech-Safi","Sidi Bibi","Jaafra",1,0.0174563591022444
"5694","Souss-Massa","Marrakech-Safi","Sidi Bibi","Labrikiyne",1,0.00249376558603491
"5695","Souss-Massa","Marrakech-Safi","Sidi Bibi","Oulad Hassoune Hamri",1,0.00498753117206983
"5696","Souss-Massa","Oriental","Arazene","Aghbal",1,0.027431421446384
"5697","Souss-Massa","Oriental","Arazene","Ahl Angad",1,0.00748129675810474
"5698","Souss-Massa","Oriental","Arazene","Ain Lehjer",1,0.0349127182044888
"5699","Souss-Massa","Oriental","Arazene","Ain Sfa",1,0.00249376558603491
"5700","Souss-Massa","Oriental","Arazene","Bougriba",1,0.0199501246882793
"5701","Souss-Massa","Oriental","Arazene","Guenfouda",1,0.00997506234413965
"5702","Souss-Massa","Oriental","Arazene","Sidi Boulenouar",1,0.00249376558603491
"5703","Souss-Massa","Oriental","Arazene","Sidi Moussa Lamhaya",1,0.00997506234413965
"5704","Souss-Massa","Oriental","Igoudar Mnabha","Ain Lehjer",1,0.0249376558603491
"5705","Souss-Massa","Oriental","Igoudar Mnabha","Ain Sfa",1,0.00249376558603491
"5706","Souss-Massa","Oriental","Igoudar Mnabha","Bni Khaled",2,0.00623441396508728
"5707","Souss-Massa","Oriental","Igoudar Mnabha","Bougriba",1,0.00249376558603491
"5708","Souss-Massa","Oriental","Igoudar Mnabha","Guenfouda",1,0.00249376558603491
"5709","Souss-Massa","Oriental","Igoudar Mnabha","Oujda",1,0.00249376558603491
"5710","Souss-Massa","Oriental","Igoudar Mnabha","Sidi Moussa Lamhaya",2,0.00623441396508728
"5711","Souss-Massa","Oriental","Ouad Essafa","Aghbal",1,0.0149625935162095
"5712","Souss-Massa","Oriental","Ouad Essafa","Ahl Angad",1,0.00498753117206983
"5713","Souss-Massa","Oriental","Ouad Essafa","Ain Lehjer",1,0.00997506234413965
"5714","Souss-Massa","Oriental","Ouad Essafa","Ain Sfa",1,0.0224438902743142
"5715","Souss-Massa","Oriental","Ouad Essafa","Bni Khaled",2,0.0112219451371571
"5716","Souss-Massa","Oriental","Ouad Essafa","Guenfouda",2,0.0087281795511222
"5717","Souss-Massa","Oriental","Ouad Essafa","Sidi Moussa Lamhaya",1,0.00997506234413965
"5718","Souss-Massa","Oriental","Ouled Teima","Ain Lehjer",1,0.0224438902743142
"5719","Souss-Massa","Oriental","Ouled Teima","Ain Sfa",1,0.00498753117206983
"5720","Souss-Massa","Oriental","Ouled Teima","Bni Khaled",2,0.00374064837905237
"5721","Souss-Massa","Oriental","Ouled Teima","Bougriba",1,0.00748129675810474
"5722","Souss-Massa","Oriental","Ouled Teima","Guenfouda",1,0.00997506234413965
"5723","Souss-Massa","Oriental","Ouled Teima","Sidi Moussa Lamhaya",1,0.00498753117206983
"5724","Souss-Massa","Oriental","Sidi Bibi","Aghbal",1,0.0149625935162095
"5725","Souss-Massa","Oriental","Sidi Bibi","Ain Lehjer",1,0.0174563591022444
"5726","Souss-Massa","Oriental","Sidi Bibi","Ain Sfa",1,0.0124688279301746
"5727","Souss-Massa","Oriental","Sidi Bibi","Bni Khaled",2,0.00623441396508728
"5728","Souss-Massa","Oriental","Sidi Bibi","Guenfouda",2,0.00872817955112219
"5729","Souss-Massa","Oriental","Sidi Bibi","Houara Oulad Raho",1,0.00249376558603491
"5730","Souss-Massa","Oriental","Sidi Bibi","Sidi Moussa Lamhaya",1,0.00997506234413965
"5731","Souss-Massa","Rabat-Sale-Kenitra","Arazene","Ait Ikkou",1,0.00249376558603491
"5732","Souss-Massa","Rabat-Sale-Kenitra","Arazene","Boumaiz",1,0.0124688279301746
"5733","Souss-Massa","Rabat-Sale-Kenitra","Arazene","Brachoua",1,0.0199501246882793
"5734","Souss-Massa","Rabat-Sale-Kenitra","Arazene","Lalla Mimouna",1,0.0149625935162095
"5735","Souss-Massa","Rabat-Sale-Kenitra","Arazene","Sidi Yahya Zaer",1,0.00249376558603491
"5736","Souss-Massa","Rabat-Sale-Kenitra","Arazene","Zaggota",1,0.00249376558603491
"5737","Souss-Massa","Rabat-Sale-Kenitra","Igoudar Mnabha","Ain Attig",2,0.00249376558603491
"5738","Souss-Massa","Rabat-Sale-Kenitra","Igoudar Mnabha","El Kansera",1,0.00498753117206983
"5739","Souss-Massa","Rabat-Sale-Kenitra","Igoudar Mnabha","Sidi Yahya Zaer",1,0.0199501246882793
"5740","Souss-Massa","Rabat-Sale-Kenitra","Ouad Essafa","Ain Attig",1,0.00498753117206983
"5741","Souss-Massa","Rabat-Sale-Kenitra","Ouad Essafa","Boumaiz",1,0.00249376558603491
"5742","Souss-Massa","Rabat-Sale-Kenitra","Ouad Essafa","Brachoua",1,0.027431421446384
"5743","Souss-Massa","Rabat-Sale-Kenitra","Ouled Teima","Ain Attig",1,0.00997506234413965
"5744","Souss-Massa","Rabat-Sale-Kenitra","Ouled Teima","El Kansera",1,0.00249376558603491
"5745","Souss-Massa","Rabat-Sale-Kenitra","Ouled Teima","Sidi Yahya Zaer",1,0.0149625935162095
"5746","Souss-Massa","Rabat-Sale-Kenitra","Sidi Bibi","Agdal Riyad",1,0.00249376558603491
"5747","Souss-Massa","Rabat-Sale-Kenitra","Sidi Bibi","Ain Attig",1,0.00997506234413965
"5748","Souss-Massa","Rabat-Sale-Kenitra","Sidi Bibi","Boumaiz",1,0.00249376558603491
"5749","Souss-Massa","Rabat-Sale-Kenitra","Sidi Bibi","Brachoua",1,0.0324189526184539
"5750","Souss-Massa","Souss-Massa","Igoudar Mnabha","Ouad Essafa",1,0.00249376558603491
"5751","Souss-Massa","Souss-Massa","Igoudar Mnabha","Ouled Teima",1,0.0174563591022444
"5752","Souss-Massa","Souss-Massa","Igoudar Mnabha","Sidi Bibi",1,0.00249376558603491
"5753","Souss-Massa","Souss-Massa","Ouad Essafa","Arazene",1,0.0174563591022444
"5754","Souss-Massa","Souss-Massa","Ouad Essafa","Sidi Bibi",1,0.0199501246882793
"5755","Souss-Massa","Souss-Massa","Ouled Teima","Igoudar Mnabha",1,0.00498753117206983
"5756","Souss-Massa","Souss-Massa","Sidi Bibi","Arazene",1,0.0224438902743142
"5757","Souss-Massa","Souss-Massa","Sidi Bibi","Ouad Essafa",1,0.0399002493765586
"5758","Souss-Massa","Tanger-Tetouan-Al Hoceima","Arazene","Issaguen",4,0.0317955112219451
"5759","Souss-Massa","Tanger-Tetouan-Al Hoceima","Arazene","Souk L'Qolla",1,0.00498753117206983
"5760","Souss-Massa","Tanger-Tetouan-Al Hoceima","Arazene","Zouada",1,0.0149625935162095
"5761","Souss-Massa","Tanger-Tetouan-Al Hoceima","Igoudar Mnabha","Beni Boufrah",1,0.0199501246882793
"5762","Souss-Massa","Tanger-Tetouan-Al Hoceima","Igoudar Mnabha","Bni Faghloum",1,0.00249376558603491
"5763","Souss-Massa","Tanger-Tetouan-Al Hoceima","Igoudar Mnabha","Souk L'Qolla",5,0.00798004987531172
"5764","Souss-Massa","Tanger-Tetouan-Al Hoceima","Igoudar Mnabha","Tetouan",1,0.00498753117206983
"5765","Souss-Massa","Tanger-Tetouan-Al Hoceima","Ouad Essafa","Issaguen",4,0.0243142144638404
"5766","Souss-Massa","Tanger-Tetouan-Al Hoceima","Ouad Essafa","Lamjaara",1,0.00249376558603491
"5767","Souss-Massa","Tanger-Tetouan-Al Hoceima","Ouad Essafa","Souk L'Qolla",3,0.00249376558603491
"5768","Souss-Massa","Tanger-Tetouan-Al Hoceima","Ouad Essafa","Zouada",1,0.0224438902743142
"5769","Souss-Massa","Tanger-Tetouan-Al Hoceima","Ouled Teima","Beni Boufrah",1,0.00997506234413965
"5770","Souss-Massa","Tanger-Tetouan-Al Hoceima","Ouled Teima","Bni Faghloum",1,0.00249376558603491
"5771","Souss-Massa","Tanger-Tetouan-Al Hoceima","Ouled Teima","Issaguen",1,0.00498753117206983
"5772","Souss-Massa","Tanger-Tetouan-Al Hoceima","Ouled Teima","Souk L'Qolla",4,0.0105985037406484
"5773","Souss-Massa","Tanger-Tetouan-Al Hoceima","Ouled Teima","Tetouan",1,0.00498753117206983
"5774","Souss-Massa","Tanger-Tetouan-Al Hoceima","Sidi Bibi","Issaguen",4,0.0187032418952618
"5775","Souss-Massa","Tanger-Tetouan-Al Hoceima","Sidi Bibi","Zouada",1,0.027431421446384
"5776","Tanger-Tetouan-Al Hoceima","Beni Mellal-Khenifra","Beni Boufrah","Aguelmouss",2.5,0.00935162094763092
"5777","Tanger-Tetouan-Al Hoceima","Beni Mellal-Khenifra","Beni Boufrah","Ait Saadelli",1,0.00498753117206983
"5778","Tanger-Tetouan-Al Hoceima","Beni Mellal-Khenifra","Beni Boufrah","Bni Oukil",3,0.0149625935162095
"5779","Tanger-Tetouan-Al Hoceima","Beni Mellal-Khenifra","Beni Boufrah","Bni Ykhlef",1,0.00748129675810474
"5780","Tanger-Tetouan-Al Hoceima","Beni Mellal-Khenifra","Beni Boufrah","El Borj",1.5,0.00374064837905237
"5781","Tanger-Tetouan-Al Hoceima","Beni Mellal-Khenifra","Beni Boufrah","El Hammam",2,0.00748129675810474
"5782","Tanger-Tetouan-Al Hoceima","Beni Mellal-Khenifra","Beni Boufrah","Khmis Bni Chegdale",1,0.00498753117206983
"5783","Tanger-Tetouan-Al Hoceima","Beni Mellal-Khenifra","Beni Boufrah","Krifate",1,0.00249376558603491
"5784","Tanger-Tetouan-Al Hoceima","Beni Mellal-Khenifra","Beni Boufrah","Lagnadiz",1,0.0174563591022444
"5785","Tanger-Tetouan-Al Hoceima","Beni Mellal-Khenifra","Beni Boufrah","Oulad Abdoune",1,0.00498753117206983
"5786","Tanger-Tetouan-Al Hoceima","Beni Mellal-Khenifra","Beni Boufrah","Oulad Boughadi",1,0.0249376558603491
"5787","Tanger-Tetouan-Al Hoceima","Beni Mellal-Khenifra","Beni Boufrah","Oulad Zmam",1,0.029925187032419
"5788","Tanger-Tetouan-Al Hoceima","Beni Mellal-Khenifra","Beni Boufrah","Sidi Yacoub",3.5,0.0148379052369077
"5789","Tanger-Tetouan-Al Hoceima","Beni Mellal-Khenifra","Beni Boufrah","Tighassaline",1,0.00249376558603491
"5790","Tanger-Tetouan-Al Hoceima","Beni Mellal-Khenifra","Bni Faghloum","Aguelmouss",1,0.00249376558603491
"5791","Tanger-Tetouan-Al Hoceima","Beni Mellal-Khenifra","Bni Faghloum","Ait Saadelli",1,0.00498753117206983
"5792","Tanger-Tetouan-Al Hoceima","Beni Mellal-Khenifra","Bni Faghloum","Bni Oukil",3,0.00665004156275977
"5793","Tanger-Tetouan-Al Hoceima","Beni Mellal-Khenifra","Bni Faghloum","El Borj",1,0.00498753117206983
"5794","Tanger-Tetouan-Al Hoceima","Beni Mellal-Khenifra","Bni Faghloum","El Hammam",1,0.00997506234413965
"5795","Tanger-Tetouan-Al Hoceima","Beni Mellal-Khenifra","Bni Faghloum","Lagnadiz",1,0.0149625935162095
"5796","Tanger-Tetouan-Al Hoceima","Beni Mellal-Khenifra","Bni Faghloum","Oulad Zmam",1,0.0149625935162095
"5797","Tanger-Tetouan-Al Hoceima","Beni Mellal-Khenifra","Bni Faghloum","Sidi Yacoub",5,0.0139650872817955
"5798","Tanger-Tetouan-Al Hoceima","Beni Mellal-Khenifra","Chefchaouen","Ait Saadelli",1,0.0149625935162095
"5799","Tanger-Tetouan-Al Hoceima","Beni Mellal-Khenifra","Chefchaouen","Bni Oukil",2,0.0162094763092269
"5800","Tanger-Tetouan-Al Hoceima","Beni Mellal-Khenifra","Chefchaouen","El Borj",1,0.00748129675810474
"5801","Tanger-Tetouan-Al Hoceima","Beni Mellal-Khenifra","Chefchaouen","El Hammam",1,0.0149625935162095
"5802","Tanger-Tetouan-Al Hoceima","Beni Mellal-Khenifra","Chefchaouen","Lagnadiz",1,0.00498753117206983
"5803","Tanger-Tetouan-Al Hoceima","Beni Mellal-Khenifra","Chefchaouen","Oulad Zmam",1,0.027431421446384
"5804","Tanger-Tetouan-Al Hoceima","Beni Mellal-Khenifra","Chefchaouen","Sidi Yacoub",5,0.0119700748129676
"5805","Tanger-Tetouan-Al Hoceima","Beni Mellal-Khenifra","Issaguen","Aguelmouss",9.5,0.0170268772513162
"5806","Tanger-Tetouan-Al Hoceima","Beni Mellal-Khenifra","Issaguen","Bni Ayat",1,0.0230673316708229
"5807","Tanger-Tetouan-Al Hoceima","Beni Mellal-Khenifra","Issaguen","Bni Ykhlef",1,0.00498753117206983
"5808","Tanger-Tetouan-Al Hoceima","Beni Mellal-Khenifra","Issaguen","El Borj",2,0.0342892768079801
"5809","Tanger-Tetouan-Al Hoceima","Beni Mellal-Khenifra","Issaguen","El Hammam",1.33333333333333,0.0103906899418121
"5810","Tanger-Tetouan-Al Hoceima","Beni Mellal-Khenifra","Issaguen","Fkih Ben Salah",1,0.0133000831255195
"5811","Tanger-Tetouan-Al Hoceima","Beni Mellal-Khenifra","Issaguen","Had Bouhssoussen",1,0.0336658354114713
"5812","Tanger-Tetouan-Al Hoceima","Beni Mellal-Khenifra","Issaguen","Khmis Bni Chegdale",3,0.0320033250207814
"5813","Tanger-Tetouan-Al Hoceima","Beni Mellal-Khenifra","Issaguen","Krifate",1,0.00748129675810474
"5814","Tanger-Tetouan-Al Hoceima","Beni Mellal-Khenifra","Issaguen","Oulad Zmam",1,0.0112219451371571
"5815","Tanger-Tetouan-Al Hoceima","Beni Mellal-Khenifra","Issaguen","Sidi Hcine",1,0.0143391521197007
"5816","Tanger-Tetouan-Al Hoceima","Beni Mellal-Khenifra","Issaguen","Tanourdi",1,0.0149625935162095
"5817","Tanger-Tetouan-Al Hoceima","Beni Mellal-Khenifra","Lamjaara","Aguelmouss",4,0.00374064837905237
"5818","Tanger-Tetouan-Al Hoceima","Beni Mellal-Khenifra","Lamjaara","Bni Ayat",1,0.00498753117206983
"5819","Tanger-Tetouan-Al Hoceima","Beni Mellal-Khenifra","Lamjaara","Oum Rabia",1,0.00748129675810474
"5820","Tanger-Tetouan-Al Hoceima","Beni Mellal-Khenifra","Lamjaara","Sidi Hcine",1,0.00748129675810474
"5821","Tanger-Tetouan-Al Hoceima","Beni Mellal-Khenifra","Lamjaara","Tanourdi",1,0.00249376558603491
"5822","Tanger-Tetouan-Al Hoceima","Beni Mellal-Khenifra","Lamjaara","Tighassaline",1,0.027431421446384
"5823","Tanger-Tetouan-Al Hoceima","Beni Mellal-Khenifra","Moulay Ahmed Cherif","Aguelmouss",2,0.00249376558603491
"5824","Tanger-Tetouan-Al Hoceima","Beni Mellal-Khenifra","Moulay Ahmed Cherif","Oulad Zmam",1,0.00997506234413965
"5825","Tanger-Tetouan-Al Hoceima","Beni Mellal-Khenifra","Ouazzane","Aguelmouss",6,0.00540315876974231
"5826","Tanger-Tetouan-Al Hoceima","Beni Mellal-Khenifra","Ouazzane","Oulad Zmam",1,0.00748129675810474
"5827","Tanger-Tetouan-Al Hoceima","Beni Mellal-Khenifra","Ouazzane","Tighassaline",1,0.00498753117206983
"5828","Tanger-Tetouan-Al Hoceima","Beni Mellal-Khenifra","Sidi Boutmim","Aguelmouss",8,0.0651496259351621
"5829","Tanger-Tetouan-Al Hoceima","Beni Mellal-Khenifra","Sidi Boutmim","Bni Oukil",1,0.00249376558603491
"5830","Tanger-Tetouan-Al Hoceima","Beni Mellal-Khenifra","Sidi Boutmim","El Hammam",2,0.0224438902743142
"5831","Tanger-Tetouan-Al Hoceima","Beni Mellal-Khenifra","Sidi Boutmim","Khmis Bni Chegdale",1,0.029925187032419
"5832","Tanger-Tetouan-Al Hoceima","Beni Mellal-Khenifra","Sidi Boutmim","Oulad Zmam",2,0.0361596009975062
"5833","Tanger-Tetouan-Al Hoceima","Beni Mellal-Khenifra","Sidi Boutmim","Sidi Yacoub",1,0.00249376558603491
"5834","Tanger-Tetouan-Al Hoceima","Beni Mellal-Khenifra","Sidi Boutmim","Tighassaline",1,0.0748129675810474
"5835","Tanger-Tetouan-Al Hoceima","Beni Mellal-Khenifra","Souk L'Qolla","Aguelmouss",4.6,0.0111221945137157
"5836","Tanger-Tetouan-Al Hoceima","Beni Mellal-Khenifra","Souk L'Qolla","Ait Saadelli",1,0.0112219451371571
"5837","Tanger-Tetouan-Al Hoceima","Beni Mellal-Khenifra","Souk L'Qolla","Bni Ayat",1,0.0124688279301746
"5838","Tanger-Tetouan-Al Hoceima","Beni Mellal-Khenifra","Souk L'Qolla","Bni Oukil",3,0.0124688279301746
"5839","Tanger-Tetouan-Al Hoceima","Beni Mellal-Khenifra","Souk L'Qolla","Bni Ykhlef",1,0.0187032418952618
"5840","Tanger-Tetouan-Al Hoceima","Beni Mellal-Khenifra","Souk L'Qolla","El Borj",1,0.0182876142975894
"5841","Tanger-Tetouan-Al Hoceima","Beni Mellal-Khenifra","Souk L'Qolla","El Hammam",1.4,0.0161263507896924
"5842","Tanger-Tetouan-Al Hoceima","Beni Mellal-Khenifra","Souk L'Qolla","Fkih Ben Salah",1,0.00249376558603491
"5843","Tanger-Tetouan-Al Hoceima","Beni Mellal-Khenifra","Souk L'Qolla","Khmis Bni Chegdale",1,0.00249376558603491
"5844","Tanger-Tetouan-Al Hoceima","Beni Mellal-Khenifra","Souk L'Qolla","Krifate",1,0.00498753117206983
"5845","Tanger-Tetouan-Al Hoceima","Beni Mellal-Khenifra","Souk L'Qolla","Lagnadiz",1,0.0133000831255195
"5846","Tanger-Tetouan-Al Hoceima","Beni Mellal-Khenifra","Souk L'Qolla","Oulad Abdoune",1,0.0124688279301746
"5847","Tanger-Tetouan-Al Hoceima","Beni Mellal-Khenifra","Souk L'Qolla","Oulad Boughadi",1,0.0134663341645885
"5848","Tanger-Tetouan-Al Hoceima","Beni Mellal-Khenifra","Souk L'Qolla","Oulad Zmam",1,0.00648379052369077
"5849","Tanger-Tetouan-Al Hoceima","Beni Mellal-Khenifra","Souk L'Qolla","Oum Rabia",1,0.0124688279301746
"5850","Tanger-Tetouan-Al Hoceima","Beni Mellal-Khenifra","Souk L'Qolla","Sidi Hcine",1,0.0149625935162095
"5851","Tanger-Tetouan-Al Hoceima","Beni Mellal-Khenifra","Souk L'Qolla","Sidi Yacoub",3.6,0.0123192019950125
"5852","Tanger-Tetouan-Al Hoceima","Beni Mellal-Khenifra","Souk L'Qolla","Tanourdi",1,0.0199501246882793
"5853","Tanger-Tetouan-Al Hoceima","Beni Mellal-Khenifra","Souk L'Qolla","Tighassaline",1,0.00748129675810474
"5854","Tanger-Tetouan-Al Hoceima","Beni Mellal-Khenifra","Tetouan","Aguelmouss",2,0.00374064837905237
"5855","Tanger-Tetouan-Al Hoceima","Beni Mellal-Khenifra","Tetouan","Ait Saadelli",1,0.0149625935162095
"5856","Tanger-Tetouan-Al Hoceima","Beni Mellal-Khenifra","Tetouan","Bni Oukil",3,0.0124688279301746
"5857","Tanger-Tetouan-Al Hoceima","Beni Mellal-Khenifra","Tetouan","El Borj",1,0.0174563591022444
"5858","Tanger-Tetouan-Al Hoceima","Beni Mellal-Khenifra","Tetouan","El Hammam",1,0.0224438902743142
"5859","Tanger-Tetouan-Al Hoceima","Beni Mellal-Khenifra","Tetouan","Lagnadiz",1,0.0324189526184539
"5860","Tanger-Tetouan-Al Hoceima","Beni Mellal-Khenifra","Tetouan","Oulad Abdoune",1,0.00249376558603491
"5861","Tanger-Tetouan-Al Hoceima","Beni Mellal-Khenifra","Tetouan","Oulad Boughadi",1,0.00498753117206983
"5862","Tanger-Tetouan-Al Hoceima","Beni Mellal-Khenifra","Tetouan","Oulad Zmam",1,0.00997506234413965
"5863","Tanger-Tetouan-Al Hoceima","Beni Mellal-Khenifra","Tetouan","Sidi Yacoub",5,0.0159600997506234
"5864","Tanger-Tetouan-Al Hoceima","Beni Mellal-Khenifra","Zouada","Aguelmouss",12,0.0141313383208645
"5865","Tanger-Tetouan-Al Hoceima","Beni Mellal-Khenifra","Zouada","Bni Ayat",1,0.00249376558603491
"5866","Tanger-Tetouan-Al Hoceima","Beni Mellal-Khenifra","Zouada","El Borj",2,0.027431421446384
"5867","Tanger-Tetouan-Al Hoceima","Beni Mellal-Khenifra","Zouada","El Hammam",2,0.0399002493765586
"5868","Tanger-Tetouan-Al Hoceima","Beni Mellal-Khenifra","Zouada","Fkih Ben Salah",1,0.0199501246882793
"5869","Tanger-Tetouan-Al Hoceima","Beni Mellal-Khenifra","Zouada","Had Bouhssoussen",1,0.027431421446384
"5870","Tanger-Tetouan-Al Hoceima","Beni Mellal-Khenifra","Zouada","Khmis Bni Chegdale",3,0.0157938487115544
"5871","Tanger-Tetouan-Al Hoceima","Beni Mellal-Khenifra","Zouada","Krifate",1,0.0423940149625935
"5872","Tanger-Tetouan-Al Hoceima","Beni Mellal-Khenifra","Zouada","Oulad Zmam",1,0.0324189526184539
"5873","Tanger-Tetouan-Al Hoceima","Beni Mellal-Khenifra","Zouada","Sidi Hcine",1,0.00498753117206983
"5874","Tanger-Tetouan-Al Hoceima","Beni Mellal-Khenifra","Zouada","Tanourdi",1,0.00748129675810474
"5875","Tanger-Tetouan-Al Hoceima","Casablanca-Settat","Beni Boufrah","Bouznika",1,0.027431421446384
"5876","Tanger-Tetouan-Al Hoceima","Casablanca-Settat","Beni Boufrah","Laaounate",1,0.0349127182044888
"5877","Tanger-Tetouan-Al Hoceima","Casablanca-Settat","Beni Boufrah","Moualine El Oued",1,0.0174563591022444
"5878","Tanger-Tetouan-Al Hoceima","Casablanca-Settat","Beni Boufrah","Oulad Yahya Louta",1,0.0149625935162095
"5879","Tanger-Tetouan-Al Hoceima","Casablanca-Settat","Beni Boufrah","Sidi Bettache",2.5,0.00561097256857855
"5880","Tanger-Tetouan-Al Hoceima","Casablanca-Settat","Beni Boufrah","Sidi Hajjaj",1,0.00997506234413965
"5881","Tanger-Tetouan-Al Hoceima","Casablanca-Settat","Bni Faghloum","Bouznika",1,0.029925187032419
"5882","Tanger-Tetouan-Al Hoceima","Casablanca-Settat","Bni Faghloum","Moualine El Oued",1,0.00249376558603491
"5883","Tanger-Tetouan-Al Hoceima","Casablanca-Settat","Bni Faghloum","Oulad Yahya Louta",1,0.0249376558603491
"5884","Tanger-Tetouan-Al Hoceima","Casablanca-Settat","Bni Faghloum","Sidi Bettache",2,0.0187032418952618
"5885","Tanger-Tetouan-Al Hoceima","Casablanca-Settat","Bni Faghloum","Sidi Hajjaj",1,0.0174563591022444
"5886","Tanger-Tetouan-Al Hoceima","Casablanca-Settat","Chefchaouen","Bouznika",1,0.0174563591022444
"5887","Tanger-Tetouan-Al Hoceima","Casablanca-Settat","Chefchaouen","Oulad Yahya Louta",1,0.0199501246882793
"5888","Tanger-Tetouan-Al Hoceima","Casablanca-Settat","Chefchaouen","Sidi Bettache",3,0.0149625935162095
"5889","Tanger-Tetouan-Al Hoceima","Casablanca-Settat","Chefchaouen","Sidi Hajjaj",1,0.0174563591022444
"5890","Tanger-Tetouan-Al Hoceima","Casablanca-Settat","Issaguen","El Borouj",1,0.029925187032419
"5891","Tanger-Tetouan-Al Hoceima","Casablanca-Settat","Issaguen","Guisser",1,0.0261845386533666
"5892","Tanger-Tetouan-Al Hoceima","Casablanca-Settat","Issaguen","Lambarkiyine",1,0.00249376558603491
"5893","Tanger-Tetouan-Al Hoceima","Casablanca-Settat","Issaguen","Sidi Bernoussi",1,0.0058187863674148
"5894","Tanger-Tetouan-Al Hoceima","Casablanca-Settat","Lamjaara","Lambarkiyine",1,0.029925187032419
"5895","Tanger-Tetouan-Al Hoceima","Casablanca-Settat","Lamjaara","Sidi Bernoussi",1,0.0448877805486284
"5896","Tanger-Tetouan-Al Hoceima","Casablanca-Settat","Moulay Ahmed Cherif","Had Soualem",1,0.029925187032419
"5897","Tanger-Tetouan-Al Hoceima","Casablanca-Settat","Moulay Ahmed Cherif","Sahel Oulad H'Riz",1,0.0897755610972569
"5898","Tanger-Tetouan-Al Hoceima","Casablanca-Settat","Moulay Ahmed Cherif","Sidi Bettache",2,0.0249376558603491
"5899","Tanger-Tetouan-Al Hoceima","Casablanca-Settat","Moulay Ahmed Cherif","Sidi Hajjaj Oued Hassar",1,0.00249376558603491
"5900","Tanger-Tetouan-Al Hoceima","Casablanca-Settat","Ouazzane","Had Soualem",1,0.057356608478803
"5901","Tanger-Tetouan-Al Hoceima","Casablanca-Settat","Ouazzane","Koudiat Bni Dghough",1,0.00249376558603491
"5902","Tanger-Tetouan-Al Hoceima","Casablanca-Settat","Ouazzane","Sahel Oulad H'Riz",1,0.167082294264339
"5903","Tanger-Tetouan-Al Hoceima","Casablanca-Settat","Ouazzane","Sidi Bettache",3,0.00665004156275977
"5904","Tanger-Tetouan-Al Hoceima","Casablanca-Settat","Sidi Boutmim","Bouznika",1,0.00249376558603491
"5905","Tanger-Tetouan-Al Hoceima","Casablanca-Settat","Sidi Boutmim","Had Soualem",1,0.0149625935162095
"5906","Tanger-Tetouan-Al Hoceima","Casablanca-Settat","Sidi Boutmim","Koudiat Bni Dghough",1,0.0374064837905237
"5907","Tanger-Tetouan-Al Hoceima","Casablanca-Settat","Sidi Boutmim","Sahel Oulad H'Riz",1,0.00249376558603491
"5908","Tanger-Tetouan-Al Hoceima","Casablanca-Settat","Sidi Boutmim","Sidi Bettache",5,0.028927680798005
"5909","Tanger-Tetouan-Al Hoceima","Casablanca-Settat","Sidi Boutmim","Sidi Hajjaj",1,0.00249376558603491
"5910","Tanger-Tetouan-Al Hoceima","Casablanca-Settat","Sidi Boutmim","Sidi Hajjaj Oued Hassar",1,0.0349127182044888
"5911","Tanger-Tetouan-Al Hoceima","Casablanca-Settat","Souk L'Qolla","Bouznika",1,0.0166251039068994
"5912","Tanger-Tetouan-Al Hoceima","Casablanca-Settat","Souk L'Qolla","El Borouj",1,0.00498753117206983
"5913","Tanger-Tetouan-Al Hoceima","Casablanca-Settat","Souk L'Qolla","Guisser",1,0.00249376558603491
"5914","Tanger-Tetouan-Al Hoceima","Casablanca-Settat","Souk L'Qolla","Laaounate",1,0.0216126350789692
"5915","Tanger-Tetouan-Al Hoceima","Casablanca-Settat","Souk L'Qolla","Lambarkiyine",1,0.00249376558603491
"5916","Tanger-Tetouan-Al Hoceima","Casablanca-Settat","Souk L'Qolla","Moualine El Oued",1,0.0189526184538653
"5917","Tanger-Tetouan-Al Hoceima","Casablanca-Settat","Souk L'Qolla","Oulad Yahya Louta",1,0.0232751454696592
"5918","Tanger-Tetouan-Al Hoceima","Casablanca-Settat","Souk L'Qolla","Sidi Bernoussi",1,0.0249376558603491
"5919","Tanger-Tetouan-Al Hoceima","Casablanca-Settat","Souk L'Qolla","Sidi Bettache",1,0.0157938487115544
"5920","Tanger-Tetouan-Al Hoceima","Casablanca-Settat","Souk L'Qolla","Sidi Hajjaj",1,0.0124688279301746
"5921","Tanger-Tetouan-Al Hoceima","Casablanca-Settat","Tetouan","Bouznika",1,0.0224438902743142
"5922","Tanger-Tetouan-Al Hoceima","Casablanca-Settat","Tetouan","Oulad Yahya Louta",1,0.0249376558603491
"5923","Tanger-Tetouan-Al Hoceima","Casablanca-Settat","Tetouan","Sidi Bettache",2,0.0149625935162095
"5924","Tanger-Tetouan-Al Hoceima","Casablanca-Settat","Tetouan","Sidi Hajjaj",1,0.00498753117206983
"5925","Tanger-Tetouan-Al Hoceima","Casablanca-Settat","Zouada","El Borouj",1,0.0224438902743142
"5926","Tanger-Tetouan-Al Hoceima","Casablanca-Settat","Zouada","Guisser",1,0.0199501246882793
"5927","Tanger-Tetouan-Al Hoceima","Casablanca-Settat","Zouada","Sidi Bernoussi",1,0.00249376558603491
"5928","Tanger-Tetouan-Al Hoceima","Daraa-Tafilalet","Beni Boufrah","Aghbalou",3,0.0122194513715711
"5929","Tanger-Tetouan-Al Hoceima","Daraa-Tafilalet","Bni Faghloum","Aghbalou",5,0.0139650872817955
"5930","Tanger-Tetouan-Al Hoceima","Daraa-Tafilalet","Chefchaouen","Aghbalou",5,0.0149625935162095
"5931","Tanger-Tetouan-Al Hoceima","Daraa-Tafilalet","Issaguen","Aghbalou",2.75,0.0207813798836243
"5932","Tanger-Tetouan-Al Hoceima","Daraa-Tafilalet","Issaguen","Sidi Yahya ou Youssef",1,0.0211970074812968
"5933","Tanger-Tetouan-Al Hoceima","Daraa-Tafilalet","Lamjaara","Sidi Yahya ou Youssef",1,0.00249376558603491
"5934","Tanger-Tetouan-Al Hoceima","Daraa-Tafilalet","Moulay Ahmed Cherif","Aghbalou",1,0.00249376558603491
"5935","Tanger-Tetouan-Al Hoceima","Daraa-Tafilalet","Sidi Boutmim","Aghbalou",7,0.0174563591022444
"5936","Tanger-Tetouan-Al Hoceima","Daraa-Tafilalet","Souk L'Qolla","Aghbalou",2.16666666666667,0.013992795788307
"5937","Tanger-Tetouan-Al Hoceima","Daraa-Tafilalet","Souk L'Qolla","Sidi Yahya ou Youssef",1,0.00997506234413965
"5938","Tanger-Tetouan-Al Hoceima","Daraa-Tafilalet","Tetouan","Aghbalou",5,0.00897755610972569
"5939","Tanger-Tetouan-Al Hoceima","Daraa-Tafilalet","Zouada","Aghbalou",3,0.0108063175394846
"5940","Tanger-Tetouan-Al Hoceima","Daraa-Tafilalet","Zouada","Sidi Yahya ou Youssef",1,0.00249376558603491
"5941","Tanger-Tetouan-Al Hoceima","Fes-Meknes","Beni Boufrah","Aghbalou Aqorar",1.5,0.0187032418952618
"5942","Tanger-Tetouan-Al Hoceima","Fes-Meknes","Beni Boufrah","Ain Bida",1,0.00748129675810474
"5943","Tanger-Tetouan-Al Hoceima","Fes-Meknes","Beni Boufrah","Ain Bou Ali",1,0.00498753117206983
"5944","Tanger-Tetouan-Al Hoceima","Fes-Meknes","Beni Boufrah","Ain Kansra",1,0.0224438902743142
"5945","Tanger-Tetouan-Al Hoceima","Fes-Meknes","Beni Boufrah","Ain Karma- Oued Rommane",1,0.029925187032419
"5946","Tanger-Tetouan-Al Hoceima","Fes-Meknes","Beni Boufrah","Ain Leuh",2,0.00540315876974231
"5947","Tanger-Tetouan-Al Hoceima","Fes-Meknes","Beni Boufrah","Ait Boubidmane",1,0.0249376558603491
"5948","Tanger-Tetouan-Al Hoceima","Fes-Meknes","Beni Boufrah","Ait Naamane",2,0.0108063175394846
"5949","Tanger-Tetouan-Al Hoceima","Fes-Meknes","Beni Boufrah","Ait Sebaa Lajrouf",1.5,0.0130922693266833
"5950","Tanger-Tetouan-Al Hoceima","Fes-Meknes","Beni Boufrah","Ben Smim",1,0.00748129675810474
"5951","Tanger-Tetouan-Al Hoceima","Fes-Meknes","Beni Boufrah","Bni Snous",1,0.029925187032419
"5952","Tanger-Tetouan-Al Hoceima","Fes-Meknes","Beni Boufrah","Kandar Sidi Khiar",1,0.00498753117206983
"5953","Tanger-Tetouan-Al Hoceima","Fes-Meknes","Beni Boufrah","Laanoussar",3,0.0157938487115544
"5954","Tanger-Tetouan-Al Hoceima","Fes-Meknes","Beni Boufrah","Louadaine",2,0.00706566916043225
"5955","Tanger-Tetouan-Al Hoceima","Fes-Meknes","Beni Boufrah","Mezraoua",1,0.0124688279301746
"5956","Tanger-Tetouan-Al Hoceima","Fes-Meknes","Beni Boufrah","Oued Ifrane",1,0.029925187032419
"5957","Tanger-Tetouan-Al Hoceima","Fes-Meknes","Beni Boufrah","Oued Jemaa",1,0.0224438902743142
"5958","Tanger-Tetouan-Al Hoceima","Fes-Meknes","Beni Boufrah","Oulad Mimoun",1,0.00748129675810474
"5959","Tanger-Tetouan-Al Hoceima","Fes-Meknes","Beni Boufrah","Rghioua",1,0.0124688279301746
"5960","Tanger-Tetouan-Al Hoceima","Fes-Meknes","Beni Boufrah","Sebaa Rouadi",1,0.0174563591022444
"5961","Tanger-Tetouan-Al Hoceima","Fes-Meknes","Beni Boufrah","Sidi El Makhfi",3,0.0108063175394846
"5962","Tanger-Tetouan-Al Hoceima","Fes-Meknes","Beni Boufrah","Tigrigra",1,0.027431421446384
"5963","Tanger-Tetouan-Al Hoceima","Fes-Meknes","Beni Boufrah","Timahdite",8,0.0221321695760598
"5964","Tanger-Tetouan-Al Hoceima","Fes-Meknes","Bni Faghloum","Aghbalou Aqorar",2,0.00374064837905237
"5965","Tanger-Tetouan-Al Hoceima","Fes-Meknes","Bni Faghloum","Ain Bida",1,0.029925187032419
"5966","Tanger-Tetouan-Al Hoceima","Fes-Meknes","Bni Faghloum","Ain Bou Ali",1,0.0124688279301746
"5967","Tanger-Tetouan-Al Hoceima","Fes-Meknes","Bni Faghloum","Ain Kansra",1,0.00498753117206983
"5968","Tanger-Tetouan-Al Hoceima","Fes-Meknes","Bni Faghloum","Ain Karma- Oued Rommane",1,0.00498753117206983
"5969","Tanger-Tetouan-Al Hoceima","Fes-Meknes","Bni Faghloum","Ain Leuh",2,0.0149625935162095
"5970","Tanger-Tetouan-Al Hoceima","Fes-Meknes","Bni Faghloum","Ait Boubidmane",1,0.00748129675810474
"5971","Tanger-Tetouan-Al Hoceima","Fes-Meknes","Bni Faghloum","Ait Naamane",3,0.0149625935162095
"5972","Tanger-Tetouan-Al Hoceima","Fes-Meknes","Bni Faghloum","Ait Sebaa Lajrouf",1,0.00748129675810474
"5973","Tanger-Tetouan-Al Hoceima","Fes-Meknes","Bni Faghloum","Bni Snous",1,0.0199501246882793
"5974","Tanger-Tetouan-Al Hoceima","Fes-Meknes","Bni Faghloum","Louadaine",3,0.0116375727348296
"5975","Tanger-Tetouan-Al Hoceima","Fes-Meknes","Bni Faghloum","Mezraoua",1,0.027431421446384
"5976","Tanger-Tetouan-Al Hoceima","Fes-Meknes","Bni Faghloum","Oued Ifrane",1,0.00997506234413965
"5977","Tanger-Tetouan-Al Hoceima","Fes-Meknes","Bni Faghloum","Oued Jemaa",1,0.00249376558603491
"5978","Tanger-Tetouan-Al Hoceima","Fes-Meknes","Bni Faghloum","Oulad Mimoun",1,0.00249376558603491
"5979","Tanger-Tetouan-Al Hoceima","Fes-Meknes","Bni Faghloum","Rghioua",1,0.00249376558603491
"5980","Tanger-Tetouan-Al Hoceima","Fes-Meknes","Bni Faghloum","Sebaa Rouadi",1,0.00748129675810474
"5981","Tanger-Tetouan-Al Hoceima","Fes-Meknes","Bni Faghloum","Sidi El Makhfi",3,0.0166251039068994
"5982","Tanger-Tetouan-Al Hoceima","Fes-Meknes","Bni Faghloum","Timahdite",7,0.0203063769148557
"5983","Tanger-Tetouan-Al Hoceima","Fes-Meknes","Chefchaouen","Aghbalou Aqorar",2,0.00374064837905237
"5984","Tanger-Tetouan-Al Hoceima","Fes-Meknes","Chefchaouen","Ain Bida",1,0.0224438902743142
"5985","Tanger-Tetouan-Al Hoceima","Fes-Meknes","Chefchaouen","Ain Bou Ali",1,0.0149625935162095
"5986","Tanger-Tetouan-Al Hoceima","Fes-Meknes","Chefchaouen","Ain Chkef",1,0.00249376558603491
"5987","Tanger-Tetouan-Al Hoceima","Fes-Meknes","Chefchaouen","Ain Kansra",1,0.00249376558603491
"5988","Tanger-Tetouan-Al Hoceima","Fes-Meknes","Chefchaouen","Ain Karma- Oued Rommane",1,0.00249376558603491
"5989","Tanger-Tetouan-Al Hoceima","Fes-Meknes","Chefchaouen","Ain Leuh",2,0.0224438902743142
"5990","Tanger-Tetouan-Al Hoceima","Fes-Meknes","Chefchaouen","Ait Boubidmane",1,0.0124688279301746
"5991","Tanger-Tetouan-Al Hoceima","Fes-Meknes","Chefchaouen","Ait Naamane",2,0.0249376558603491
"5992","Tanger-Tetouan-Al Hoceima","Fes-Meknes","Chefchaouen","Ait Sebaa Lajrouf",2,0.00498753117206983
"5993","Tanger-Tetouan-Al Hoceima","Fes-Meknes","Chefchaouen","Ben Smim",1,0.00498753117206983
"5994","Tanger-Tetouan-Al Hoceima","Fes-Meknes","Chefchaouen","Bni Snous",1,0.0249376558603491
"5995","Tanger-Tetouan-Al Hoceima","Fes-Meknes","Chefchaouen","Laanoussar",1,0.00498753117206983
"5996","Tanger-Tetouan-Al Hoceima","Fes-Meknes","Chefchaouen","Louadaine",3,0.00914380714879468
"5997","Tanger-Tetouan-Al Hoceima","Fes-Meknes","Chefchaouen","Mezraoua",1,0.0249376558603491
"5998","Tanger-Tetouan-Al Hoceima","Fes-Meknes","Chefchaouen","Oued Ifrane",1,0.00249376558603491
"5999","Tanger-Tetouan-Al Hoceima","Fes-Meknes","Chefchaouen","Oued Jemaa",1,0.00498753117206983
"6000","Tanger-Tetouan-Al Hoceima","Fes-Meknes","Chefchaouen","Oulad Mimoun",1,0.00249376558603491
"6001","Tanger-Tetouan-Al Hoceima","Fes-Meknes","Chefchaouen","Sebaa Rouadi",1,0.0249376558603491
"6002","Tanger-Tetouan-Al Hoceima","Fes-Meknes","Chefchaouen","Sidi El Makhfi",3,0.0166251039068994
"6003","Tanger-Tetouan-Al Hoceima","Fes-Meknes","Chefchaouen","Timahdite",8,0.0218204488778055
"6004","Tanger-Tetouan-Al Hoceima","Fes-Meknes","Issaguen","Aghbalou Aqorar",1,0.00374064837905237
"6005","Tanger-Tetouan-Al Hoceima","Fes-Meknes","Issaguen","Almis Marmoucha",1,0.0293017456359102
"6006","Tanger-Tetouan-Al Hoceima","Fes-Meknes","Issaguen","Majjate",1,0.00997506234413965
"6007","Tanger-Tetouan-Al Hoceima","Fes-Meknes","Issaguen","Ouizeght",1,0.0311720698254364
"6008","Tanger-Tetouan-Al Hoceima","Fes-Meknes","Issaguen","Outat El Haj",1,0.0261845386533666
"6009","Tanger-Tetouan-Al Hoceima","Fes-Meknes","Issaguen","Sidi Boutayeb",1,0.0187032418952618
"6010","Tanger-Tetouan-Al Hoceima","Fes-Meknes","Issaguen","Zrarda",1,0.00249376558603491
"6011","Tanger-Tetouan-Al Hoceima","Fes-Meknes","Lamjaara","Aghbalou Aqorar",1,0.0324189526184539
"6012","Tanger-Tetouan-Al Hoceima","Fes-Meknes","Lamjaara","Enjil",1,0.00748129675810474
"6013","Tanger-Tetouan-Al Hoceima","Fes-Meknes","Lamjaara","Zrarda",1,0.00748129675810474
"6014","Tanger-Tetouan-Al Hoceima","Fes-Meknes","Moulay Ahmed Cherif","Ain Kansra",2,0.246882793017456
"6015","Tanger-Tetouan-Al Hoceima","Fes-Meknes","Moulay Ahmed Cherif","Ben Smim",2,0.00374064837905237
"6016","Tanger-Tetouan-Al Hoceima","Fes-Meknes","Moulay Ahmed Cherif","Fes Medina",1,0.00249376558603491
"6017","Tanger-Tetouan-Al Hoceima","Fes-Meknes","Moulay Ahmed Cherif","Matmata",1,0.0748129675810474
"6018","Tanger-Tetouan-Al Hoceima","Fes-Meknes","Moulay Ahmed Cherif","Ouislane",1,0.182044887780549
"6019","Tanger-Tetouan-Al Hoceima","Fes-Meknes","Moulay Ahmed Cherif","Sidi El Makhfi",1,0.0124688279301746
"6020","Tanger-Tetouan-Al Hoceima","Fes-Meknes","Ouazzane","Ain Kansra",2,0.13216957605985
"6021","Tanger-Tetouan-Al Hoceima","Fes-Meknes","Ouazzane","Ben Smim",1,0.0224438902743142
"6022","Tanger-Tetouan-Al Hoceima","Fes-Meknes","Ouazzane","Dayat Aoua",1,0.00498753117206983
"6023","Tanger-Tetouan-Al Hoceima","Fes-Meknes","Ouazzane","Matmata",1,0.124688279301746
"6024","Tanger-Tetouan-Al Hoceima","Fes-Meknes","Ouazzane","Ouislane",1,0.057356608478803
"6025","Tanger-Tetouan-Al Hoceima","Fes-Meknes","Ouazzane","Sidi El Makhfi",1,0.0249376558603491
"6026","Tanger-Tetouan-Al Hoceima","Fes-Meknes","Sidi Boutmim","Aghbalou Aqorar",2,0.0261845386533666
"6027","Tanger-Tetouan-Al Hoceima","Fes-Meknes","Sidi Boutmim","Ain Chkef",1,0.0124688279301746
"6028","Tanger-Tetouan-Al Hoceima","Fes-Meknes","Sidi Boutmim","Ain Kansra",1,0.00498753117206983
"6029","Tanger-Tetouan-Al Hoceima","Fes-Meknes","Sidi Boutmim","Ain Leuh",1,0.0249376558603491
"6030","Tanger-Tetouan-Al Hoceima","Fes-Meknes","Sidi Boutmim","Ait Boubidmane",1,0.00997506234413965
"6031","Tanger-Tetouan-Al Hoceima","Fes-Meknes","Sidi Boutmim","Ait Naamane",1,0.0149625935162095
"6032","Tanger-Tetouan-Al Hoceima","Fes-Meknes","Sidi Boutmim","Ait Sebaa Lajrouf",1,0.00249376558603491
"6033","Tanger-Tetouan-Al Hoceima","Fes-Meknes","Sidi Boutmim","Ben Smim",2,0.0311720698254364
"6034","Tanger-Tetouan-Al Hoceima","Fes-Meknes","Sidi Boutmim","Bni Snous",1,0.00748129675810474
"6035","Tanger-Tetouan-Al Hoceima","Fes-Meknes","Sidi Boutmim","Dayat Aoua",1,0.0773067331670823
"6036","Tanger-Tetouan-Al Hoceima","Fes-Meknes","Sidi Boutmim","Fes Medina",1,0.0648379052369077
"6037","Tanger-Tetouan-Al Hoceima","Fes-Meknes","Sidi Boutmim","Matmata",1,0.00748129675810474
"6038","Tanger-Tetouan-Al Hoceima","Fes-Meknes","Sidi Boutmim","Mezraoua",1,0.00249376558603491
"6039","Tanger-Tetouan-Al Hoceima","Fes-Meknes","Sidi Boutmim","Moulay Idriss Zarhoun",1,0.0249376558603491
"6040","Tanger-Tetouan-Al Hoceima","Fes-Meknes","Sidi Boutmim","Oulad Mimoun",1,0.0249376558603491
"6041","Tanger-Tetouan-Al Hoceima","Fes-Meknes","Sidi Boutmim","Sidi El Makhfi",1,0.0399002493765586
"6042","Tanger-Tetouan-Al Hoceima","Fes-Meknes","Sidi Boutmim","Timahdite",6,0.00415627597672485
"6043","Tanger-Tetouan-Al Hoceima","Fes-Meknes","Souk L'Qolla","Aghbalou Aqorar",1.16666666666667,0.0126766417290108
"6044","Tanger-Tetouan-Al Hoceima","Fes-Meknes","Souk L'Qolla","Ain Bida",1,0.0182876142975894
"6045","Tanger-Tetouan-Al Hoceima","Fes-Meknes","Souk L'Qolla","Ain Bou Ali",1,0.0182876142975894
"6046","Tanger-Tetouan-Al Hoceima","Fes-Meknes","Souk L'Qolla","Ain Karma- Oued Rommane",1,0.0118453865336658
"6047","Tanger-Tetouan-Al Hoceima","Fes-Meknes","Souk L'Qolla","Ain Leuh",2,0.0149625935162095
"6048","Tanger-Tetouan-Al Hoceima","Fes-Meknes","Souk L'Qolla","Ait Boubidmane",1,0.00498753117206983
"6049","Tanger-Tetouan-Al Hoceima","Fes-Meknes","Souk L'Qolla","Ait Naamane",2,0.014546965918537
"6050","Tanger-Tetouan-Al Hoceima","Fes-Meknes","Souk L'Qolla","Ait Sebaa Lajrouf",1.4,0.0246882793017456
"6051","Tanger-Tetouan-Al Hoceima","Fes-Meknes","Souk L'Qolla","Ben Smim",1,0.00249376558603491
"6052","Tanger-Tetouan-Al Hoceima","Fes-Meknes","Souk L'Qolla","Bni Snous",1,0.0149625935162095
"6053","Tanger-Tetouan-Al Hoceima","Fes-Meknes","Souk L'Qolla","Enjil",1,0.00997506234413965
"6054","Tanger-Tetouan-Al Hoceima","Fes-Meknes","Souk L'Qolla","Kandar Sidi Khiar",1,0.0187032418952618
"6055","Tanger-Tetouan-Al Hoceima","Fes-Meknes","Souk L'Qolla","Laanoussar",2.6,0.0164588528678304
"6056","Tanger-Tetouan-Al Hoceima","Fes-Meknes","Souk L'Qolla","Louadaine",2.5,0.0162094763092269
"6057","Tanger-Tetouan-Al Hoceima","Fes-Meknes","Souk L'Qolla","Mezraoua",1,0.00831255195344971
"6058","Tanger-Tetouan-Al Hoceima","Fes-Meknes","Souk L'Qolla","Oued Ifrane",1,0.00810473815461347
"6059","Tanger-Tetouan-Al Hoceima","Fes-Meknes","Souk L'Qolla","Oued Jemaa",1,0.0124688279301746
"6060","Tanger-Tetouan-Al Hoceima","Fes-Meknes","Souk L'Qolla","Ouizeght",1,0.00249376558603491
"6061","Tanger-Tetouan-Al Hoceima","Fes-Meknes","Souk L'Qolla","Outat El Haj",1,0.00498753117206983
"6062","Tanger-Tetouan-Al Hoceima","Fes-Meknes","Souk L'Qolla","Rghioua",1,0.0119700748129676
"6063","Tanger-Tetouan-Al Hoceima","Fes-Meknes","Souk L'Qolla","Sebaa Rouadi",1,0.0174563591022444
"6064","Tanger-Tetouan-Al Hoceima","Fes-Meknes","Souk L'Qolla","Sidi Boutayeb",1,0.00498753117206983
"6065","Tanger-Tetouan-Al Hoceima","Fes-Meknes","Souk L'Qolla","Sidi El Makhfi",2.5,0.0151704073150457
"6066","Tanger-Tetouan-Al Hoceima","Fes-Meknes","Souk L'Qolla","Tigrigra",1,0.0104738154613466
"6067","Tanger-Tetouan-Al Hoceima","Fes-Meknes","Souk L'Qolla","Timahdite",6.33333333333333,0.0101531884574279
"6068","Tanger-Tetouan-Al Hoceima","Fes-Meknes","Souk L'Qolla","Zrarda",1,0.00498753117206983
"6069","Tanger-Tetouan-Al Hoceima","Fes-Meknes","Tetouan","Aghbalou Aqorar",2,0.00249376558603491
"6070","Tanger-Tetouan-Al Hoceima","Fes-Meknes","Tetouan","Ain Bida",1,0.0174563591022444
"6071","Tanger-Tetouan-Al Hoceima","Fes-Meknes","Tetouan","Ain Bou Ali",1,0.0199501246882793
"6072","Tanger-Tetouan-Al Hoceima","Fes-Meknes","Tetouan","Ain Karma- Oued Rommane",1,0.0124688279301746
"6073","Tanger-Tetouan-Al Hoceima","Fes-Meknes","Tetouan","Ain Leuh",2,0.027431421446384
"6074","Tanger-Tetouan-Al Hoceima","Fes-Meknes","Tetouan","Ait Boubidmane",1,0.00498753117206983
"6075","Tanger-Tetouan-Al Hoceima","Fes-Meknes","Tetouan","Ait Naamane",2,0.0187032418952618
"6076","Tanger-Tetouan-Al Hoceima","Fes-Meknes","Tetouan","Ait Sebaa Lajrouf",2,0.013715710723192
"6077","Tanger-Tetouan-Al Hoceima","Fes-Meknes","Tetouan","Bni Snous",1,0.0124688279301746
"6078","Tanger-Tetouan-Al Hoceima","Fes-Meknes","Tetouan","Laanoussar",2,0.00374064837905237
"6079","Tanger-Tetouan-Al Hoceima","Fes-Meknes","Tetouan","Louadaine",3,0.0157938487115544
"6080","Tanger-Tetouan-Al Hoceima","Fes-Meknes","Tetouan","Mezraoua",1,0.0124688279301746
"6081","Tanger-Tetouan-Al Hoceima","Fes-Meknes","Tetouan","Moulay Idriss Zarhoun",1,0.00249376558603491
"6082","Tanger-Tetouan-Al Hoceima","Fes-Meknes","Tetouan","Oued Ifrane",1,0.00748129675810474
"6083","Tanger-Tetouan-Al Hoceima","Fes-Meknes","Tetouan","Oued Jemaa",1,0.00249376558603491
"6084","Tanger-Tetouan-Al Hoceima","Fes-Meknes","Tetouan","Rghioua",1,0.00997506234413965
"6085","Tanger-Tetouan-Al Hoceima","Fes-Meknes","Tetouan","Sebaa Rouadi",1,0.0224438902743142
"6086","Tanger-Tetouan-Al Hoceima","Fes-Meknes","Tetouan","Sidi El Makhfi",3,0.0216126350789692
"6087","Tanger-Tetouan-Al Hoceima","Fes-Meknes","Tetouan","Tigrigra",1,0.00997506234413965
"6088","Tanger-Tetouan-Al Hoceima","Fes-Meknes","Tetouan","Timahdite",7,0.00961881011756323
"6089","Tanger-Tetouan-Al Hoceima","Fes-Meknes","Zouada","Aghbalou Aqorar",1,0.00249376558603491
"6090","Tanger-Tetouan-Al Hoceima","Fes-Meknes","Zouada","Almis Marmoucha",1,0.0199501246882793
"6091","Tanger-Tetouan-Al Hoceima","Fes-Meknes","Zouada","Majjate",1,0.057356608478803
"6092","Tanger-Tetouan-Al Hoceima","Fes-Meknes","Zouada","Ouizeght",1,0.00997506234413965
"6093","Tanger-Tetouan-Al Hoceima","Fes-Meknes","Zouada","Outat El Haj",1,0.027431421446384
"6094","Tanger-Tetouan-Al Hoceima","Fes-Meknes","Zouada","Sidi Boutayeb",1,0.00249376558603491
"6095","Tanger-Tetouan-Al Hoceima","Marrakech-Safi","Beni Boufrah","Labrikiyne",1,0.0249376558603491
"6096","Tanger-Tetouan-Al Hoceima","Marrakech-Safi","Beni Boufrah","Lamzoudia",1,0.0199501246882793
"6097","Tanger-Tetouan-Al Hoceima","Marrakech-Safi","Beni Boufrah","Oued L'Bour",1,0.0349127182044888
"6098","Tanger-Tetouan-Al Hoceima","Marrakech-Safi","Beni Boufrah","Oulad Zarrad",1,0.00249376558603491
"6099","Tanger-Tetouan-Al Hoceima","Marrakech-Safi","Bni Faghloum","Lamzoudia",1,0.00249376558603491
"6100","Tanger-Tetouan-Al Hoceima","Marrakech-Safi","Bni Faghloum","Oued L'Bour",1,0.0224438902743142
"6101","Tanger-Tetouan-Al Hoceima","Marrakech-Safi","Bni Faghloum","Oulad Zarrad",1,0.00748129675810474
"6102","Tanger-Tetouan-Al Hoceima","Marrakech-Safi","Chefchaouen","Lamzoudia",1,0.00498753117206983
"6103","Tanger-Tetouan-Al Hoceima","Marrakech-Safi","Chefchaouen","Oued L'Bour",1,0.0224438902743142
"6104","Tanger-Tetouan-Al Hoceima","Marrakech-Safi","Chefchaouen","Oulad Zarrad",1,0.00498753117206983
"6105","Tanger-Tetouan-Al Hoceima","Marrakech-Safi","Issaguen","Benguerir",1,0.00935162094763092
"6106","Tanger-Tetouan-Al Hoceima","Marrakech-Safi","Issaguen","Jaafra",1,0.00872817955112219
"6107","Tanger-Tetouan-Al Hoceima","Marrakech-Safi","Issaguen","Oulad Hassoune Hamri",1,0.0280548628428928
"6108","Tanger-Tetouan-Al Hoceima","Marrakech-Safi","Issaguen","Taouloukoult",1.25,0.00467581047381546
"6109","Tanger-Tetouan-Al Hoceima","Marrakech-Safi","Lamjaara","Benguerir",1,0.0174563591022444
"6110","Tanger-Tetouan-Al Hoceima","Marrakech-Safi","Lamjaara","M'Nabha",1,0.0174563591022444
"6111","Tanger-Tetouan-Al Hoceima","Marrakech-Safi","Lamjaara","Taouloukoult",2,0.0473815461346633
"6112","Tanger-Tetouan-Al Hoceima","Marrakech-Safi","Sidi Boutmim","Oued L'Bour",1,0.00249376558603491
"6113","Tanger-Tetouan-Al Hoceima","Marrakech-Safi","Sidi Boutmim","Saidate",1,0.027431421446384
"6114","Tanger-Tetouan-Al Hoceima","Marrakech-Safi","Souk L'Qolla","Benguerir",1,0.00997506234413965
"6115","Tanger-Tetouan-Al Hoceima","Marrakech-Safi","Souk L'Qolla","Jaafra",1,0.00249376558603491
"6116","Tanger-Tetouan-Al Hoceima","Marrakech-Safi","Souk L'Qolla","Labrikiyne",1,0.0191188694929343
"6117","Tanger-Tetouan-Al Hoceima","Marrakech-Safi","Souk L'Qolla","Lamzoudia",1,0.0149625935162095
"6118","Tanger-Tetouan-Al Hoceima","Marrakech-Safi","Souk L'Qolla","M'Nabha",1,0.00997506234413965
"6119","Tanger-Tetouan-Al Hoceima","Marrakech-Safi","Souk L'Qolla","Oued L'Bour",1,0.00997506234413965
"6120","Tanger-Tetouan-Al Hoceima","Marrakech-Safi","Souk L'Qolla","Oulad Hassoune Hamri",1,0.00498753117206983
"6121","Tanger-Tetouan-Al Hoceima","Marrakech-Safi","Souk L'Qolla","Oulad Zarrad",1,0.0116375727348296
"6122","Tanger-Tetouan-Al Hoceima","Marrakech-Safi","Souk L'Qolla","Taouloukoult",2,0.0249376558603491
"6123","Tanger-Tetouan-Al Hoceima","Marrakech-Safi","Tetouan","Jaafra",1,0.00249376558603491
"6124","Tanger-Tetouan-Al Hoceima","Marrakech-Safi","Tetouan","Lamzoudia",1,0.00748129675810474
"6125","Tanger-Tetouan-Al Hoceima","Marrakech-Safi","Tetouan","Oued L'Bour",1,0.0249376558603491
"6126","Tanger-Tetouan-Al Hoceima","Marrakech-Safi","Tetouan","Oulad Zarrad",1,0.0224438902743142
"6127","Tanger-Tetouan-Al Hoceima","Marrakech-Safi","Tetouan","Saidate",1,0.00249376558603491
"6128","Tanger-Tetouan-Al Hoceima","Marrakech-Safi","Zouada","Benguerir",1,0.00249376558603491
"6129","Tanger-Tetouan-Al Hoceima","Marrakech-Safi","Zouada","Jaafra",1,0.029925187032419
"6130","Tanger-Tetouan-Al Hoceima","Marrakech-Safi","Zouada","Labrikiyne",1,0.00249376558603491
"6131","Tanger-Tetouan-Al Hoceima","Marrakech-Safi","Zouada","Oulad Hassoune Hamri",1,0.0124688279301746
"6132","Tanger-Tetouan-Al Hoceima","Oriental","Beni Boufrah","Ain Lehjer",1,0.00748129675810474
"6133","Tanger-Tetouan-Al Hoceima","Oriental","Beni Boufrah","Ain Sfa",1,0.00748129675810474
"6134","Tanger-Tetouan-Al Hoceima","Oriental","Beni Boufrah","Bni Khaled",2,0.0174563591022444
"6135","Tanger-Tetouan-Al Hoceima","Oriental","Beni Boufrah","Bougriba",1,0.0224438902743142
"6136","Tanger-Tetouan-Al Hoceima","Oriental","Beni Boufrah","Guenfouda",1,0.0149625935162095
"6137","Tanger-Tetouan-Al Hoceima","Oriental","Beni Boufrah","Oujda",1,0.029925187032419
"6138","Tanger-Tetouan-Al Hoceima","Oriental","Beni Boufrah","Sidi Moussa Lamhaya",1,0.027431421446384
"6139","Tanger-Tetouan-Al Hoceima","Oriental","Bni Faghloum","Ain Lehjer",1,0.0174563591022444
"6140","Tanger-Tetouan-Al Hoceima","Oriental","Bni Faghloum","Bougriba",1,0.00748129675810474
"6141","Tanger-Tetouan-Al Hoceima","Oriental","Bni Faghloum","Oujda",1,0.0423940149625935
"6142","Tanger-Tetouan-Al Hoceima","Oriental","Bni Faghloum","Sidi Moussa Lamhaya",1,0.0349127182044888
"6143","Tanger-Tetouan-Al Hoceima","Oriental","Chefchaouen","Ain Lehjer",1,0.00498753117206983
"6144","Tanger-Tetouan-Al Hoceima","Oriental","Chefchaouen","Bougriba",1,0.027431421446384
"6145","Tanger-Tetouan-Al Hoceima","Oriental","Chefchaouen","Oujda",1,0.0374064837905237
"6146","Tanger-Tetouan-Al Hoceima","Oriental","Chefchaouen","Sidi Moussa Lamhaya",1,0.0399002493765586
"6147","Tanger-Tetouan-Al Hoceima","Oriental","Issaguen","Aghbal",1,0.0168329177057357
"6148","Tanger-Tetouan-Al Hoceima","Oriental","Issaguen","Ahl Angad",1,0.0218204488778055
"6149","Tanger-Tetouan-Al Hoceima","Oriental","Issaguen","Ain Lehjer",1,0.0317955112219451
"6150","Tanger-Tetouan-Al Hoceima","Oriental","Issaguen","Bougriba",1,0.0324189526184539
"6151","Tanger-Tetouan-Al Hoceima","Oriental","Issaguen","Guenfouda",1.5,0.0190149625935162
"6152","Tanger-Tetouan-Al Hoceima","Oriental","Issaguen","Houara Oulad Raho",1,0.00997506234413965
"6153","Tanger-Tetouan-Al Hoceima","Oriental","Issaguen","Sidi Boulenouar",1,0.0143391521197007
"6154","Tanger-Tetouan-Al Hoceima","Oriental","Issaguen","Sidi Moussa Lamhaya",1,0.0112219451371571
"6155","Tanger-Tetouan-Al Hoceima","Oriental","Issaguen","Zegzel",1,0.00872817955112219
"6156","Tanger-Tetouan-Al Hoceima","Oriental","Lamjaara","Houara Oulad Raho",1,0.0124688279301746
"6157","Tanger-Tetouan-Al Hoceima","Oriental","Lamjaara","Madagh",1,0.0473815461346633
"6158","Tanger-Tetouan-Al Hoceima","Oriental","Lamjaara","Sidi Boulenouar",1,0.00249376558603491
"6159","Tanger-Tetouan-Al Hoceima","Oriental","Lamjaara","Zegzel",1,0.027431421446384
"6160","Tanger-Tetouan-Al Hoceima","Oriental","Moulay Ahmed Cherif","Aghbal",1,0.00498753117206983
"6161","Tanger-Tetouan-Al Hoceima","Oriental","Moulay Ahmed Cherif","Guenfouda",1,0.00249376558603491
"6162","Tanger-Tetouan-Al Hoceima","Oriental","Moulay Ahmed Cherif","Houara Oulad Raho",2,0.0635910224438903
"6163","Tanger-Tetouan-Al Hoceima","Oriental","Moulay Ahmed Cherif","Lamrija",1,0.00249376558603491
"6164","Tanger-Tetouan-Al Hoceima","Oriental","Ouazzane","Guenfouda",1,0.00249376558603491
"6165","Tanger-Tetouan-Al Hoceima","Oriental","Ouazzane","Houara Oulad Raho",2,0.110972568578554
"6166","Tanger-Tetouan-Al Hoceima","Oriental","Sidi Boutmim","Aghbal",2,0.0448877805486284
"6167","Tanger-Tetouan-Al Hoceima","Oriental","Sidi Boutmim","Houara Oulad Raho",1,0.00997506234413965
"6168","Tanger-Tetouan-Al Hoceima","Oriental","Sidi Boutmim","Lamrija",1,0.0423940149625935
"6169","Tanger-Tetouan-Al Hoceima","Oriental","Sidi Boutmim","Oujda",1,0.00249376558603491
"6170","Tanger-Tetouan-Al Hoceima","Oriental","Sidi Boutmim","Sidi Moussa Lamhaya",1,0.00249376558603491
"6171","Tanger-Tetouan-Al Hoceima","Oriental","Souk L'Qolla","Aghbal",1,0.00249376558603491
"6172","Tanger-Tetouan-Al Hoceima","Oriental","Souk L'Qolla","Ahl Angad",1,0.00623441396508728
"6173","Tanger-Tetouan-Al Hoceima","Oriental","Souk L'Qolla","Ain Lehjer",1,0.00997506234413965
"6174","Tanger-Tetouan-Al Hoceima","Oriental","Souk L'Qolla","Ain Sfa",1,0.0129675810473815
"6175","Tanger-Tetouan-Al Hoceima","Oriental","Souk L'Qolla","Bni Khaled",1.6,0.0124688279301746
"6176","Tanger-Tetouan-Al Hoceima","Oriental","Souk L'Qolla","Bougriba",1,0.00872817955112219
"6177","Tanger-Tetouan-Al Hoceima","Oriental","Souk L'Qolla","Guenfouda",1,0.0191188694929343
"6178","Tanger-Tetouan-Al Hoceima","Oriental","Souk L'Qolla","Houara Oulad Raho",1,0.0224438902743142
"6179","Tanger-Tetouan-Al Hoceima","Oriental","Souk L'Qolla","Madagh",1,0.0199501246882793
"6180","Tanger-Tetouan-Al Hoceima","Oriental","Souk L'Qolla","Oujda",1,0.0124688279301746
"6181","Tanger-Tetouan-Al Hoceima","Oriental","Souk L'Qolla","Sidi Boulenouar",1,0.0149625935162095
"6182","Tanger-Tetouan-Al Hoceima","Oriental","Souk L'Qolla","Sidi Moussa Lamhaya",1.16666666666667,0.0176641729010806
"6183","Tanger-Tetouan-Al Hoceima","Oriental","Souk L'Qolla","Zegzel",1,0.0448877805486284
"6184","Tanger-Tetouan-Al Hoceima","Oriental","Tetouan","Ain Lehjer",1,0.0174563591022444
"6185","Tanger-Tetouan-Al Hoceima","Oriental","Tetouan","Bni Khaled",1,0.00498753117206983
"6186","Tanger-Tetouan-Al Hoceima","Oriental","Tetouan","Bougriba",1,0.00748129675810474
"6187","Tanger-Tetouan-Al Hoceima","Oriental","Tetouan","Oujda",1,0.0249376558603491
"6188","Tanger-Tetouan-Al Hoceima","Oriental","Tetouan","Sidi Moussa Lamhaya",1,0.00997506234413965
"6189","Tanger-Tetouan-Al Hoceima","Oriental","Zouada","Aghbal",1,0.0324189526184539
"6190","Tanger-Tetouan-Al Hoceima","Oriental","Zouada","Ahl Angad",1,0.0224438902743142
"6191","Tanger-Tetouan-Al Hoceima","Oriental","Zouada","Ain Lehjer",1,0.0349127182044888
"6192","Tanger-Tetouan-Al Hoceima","Oriental","Zouada","Ain Sfa",1,0.00249376558603491
"6193","Tanger-Tetouan-Al Hoceima","Oriental","Zouada","Bougriba",1,0.00997506234413965
"6194","Tanger-Tetouan-Al Hoceima","Oriental","Zouada","Guenfouda",1,0.00997506234413965
"6195","Tanger-Tetouan-Al Hoceima","Oriental","Zouada","Houara Oulad Raho",1,0.00748129675810474
"6196","Tanger-Tetouan-Al Hoceima","Oriental","Zouada","Sidi Boulenouar",1,0.00498753117206983
"6197","Tanger-Tetouan-Al Hoceima","Oriental","Zouada","Sidi Moussa Lamhaya",1,0.00249376558603491
"6198","Tanger-Tetouan-Al Hoceima","Rabat-Sale-Kenitra","Beni Boufrah","Ain Attig",1.5,0.0149625935162095
"6199","Tanger-Tetouan-Al Hoceima","Rabat-Sale-Kenitra","Beni Boufrah","El Kansera",1,0.00872817955112219
"6200","Tanger-Tetouan-Al Hoceima","Rabat-Sale-Kenitra","Beni Boufrah","Lalla Mimouna",1,0.00249376558603491
"6201","Tanger-Tetouan-Al Hoceima","Rabat-Sale-Kenitra","Beni Boufrah","Sidi Yahya Zaer",1,0.00623441396508728
"6202","Tanger-Tetouan-Al Hoceima","Rabat-Sale-Kenitra","Bni Faghloum","El Kansera",1,0.0174563591022444
"6203","Tanger-Tetouan-Al Hoceima","Rabat-Sale-Kenitra","Bni Faghloum","Sidi Yahya Zaer",1,0.00498753117206983
"6204","Tanger-Tetouan-Al Hoceima","Rabat-Sale-Kenitra","Chefchaouen","El Kansera",1,0.00997506234413965
"6205","Tanger-Tetouan-Al Hoceima","Rabat-Sale-Kenitra","Chefchaouen","Sidi Yahya Zaer",1,0.00498753117206983
"6206","Tanger-Tetouan-Al Hoceima","Rabat-Sale-Kenitra","Issaguen","Ait Ikkou",1,0.0058187863674148
"6207","Tanger-Tetouan-Al Hoceima","Rabat-Sale-Kenitra","Issaguen","Boumaiz",1,0.00935162094763092
"6208","Tanger-Tetouan-Al Hoceima","Rabat-Sale-Kenitra","Issaguen","Brachoua",1,0.00872817955112219
"6209","Tanger-Tetouan-Al Hoceima","Rabat-Sale-Kenitra","Issaguen","Lalla Mimouna",1,0.00748129675810474
"6210","Tanger-Tetouan-Al Hoceima","Rabat-Sale-Kenitra","Issaguen","Sidi Mohamed Lahmar",1,0.00935162094763092
"6211","Tanger-Tetouan-Al Hoceima","Rabat-Sale-Kenitra","Issaguen","Sidi Yahya Zaer",1,0.0168329177057357
"6212","Tanger-Tetouan-Al Hoceima","Rabat-Sale-Kenitra","Issaguen","Zaggota",1,0.00623441396508728
"6213","Tanger-Tetouan-Al Hoceima","Rabat-Sale-Kenitra","Lamjaara","Ait Ikkou",1,0.029925187032419
"6214","Tanger-Tetouan-Al Hoceima","Rabat-Sale-Kenitra","Lamjaara","Boumaiz",1,0.00249376558603491
"6215","Tanger-Tetouan-Al Hoceima","Rabat-Sale-Kenitra","Lamjaara","Lalla Mimouna",1,0.0249376558603491
"6216","Tanger-Tetouan-Al Hoceima","Rabat-Sale-Kenitra","Lamjaara","Sidi Mohamed Lahmar",1,0.0149625935162095
"6217","Tanger-Tetouan-Al Hoceima","Rabat-Sale-Kenitra","Lamjaara","Sidi Yahya Zaer",1,0.00498753117206983
"6218","Tanger-Tetouan-Al Hoceima","Rabat-Sale-Kenitra","Lamjaara","Zaggota",1,0.0199501246882793
"6219","Tanger-Tetouan-Al Hoceima","Rabat-Sale-Kenitra","Sidi Boutmim","Ain Attig",1,0.00249376558603491
"6220","Tanger-Tetouan-Al Hoceima","Rabat-Sale-Kenitra","Sidi Boutmim","Lalla Mimouna",1,0.029925187032419
"6221","Tanger-Tetouan-Al Hoceima","Rabat-Sale-Kenitra","Souk L'Qolla","Ain Attig",2,0.0168329177057357
"6222","Tanger-Tetouan-Al Hoceima","Rabat-Sale-Kenitra","Souk L'Qolla","Ait Ikkou",1,0.0174563591022444
"6223","Tanger-Tetouan-Al Hoceima","Rabat-Sale-Kenitra","Souk L'Qolla","Arbaoua",1,0.00249376558603491
"6224","Tanger-Tetouan-Al Hoceima","Rabat-Sale-Kenitra","Souk L'Qolla","Boumaiz",1,0.029925187032419
"6225","Tanger-Tetouan-Al Hoceima","Rabat-Sale-Kenitra","Souk L'Qolla","Brachoua",1,0.00249376558603491
"6226","Tanger-Tetouan-Al Hoceima","Rabat-Sale-Kenitra","Souk L'Qolla","El Kansera",1,0.0157938487115544
"6227","Tanger-Tetouan-Al Hoceima","Rabat-Sale-Kenitra","Souk L'Qolla","Lalla Mimouna",1,0.0349127182044888
"6228","Tanger-Tetouan-Al Hoceima","Rabat-Sale-Kenitra","Souk L'Qolla","Maaziz",1,0.00249376558603491
"6229","Tanger-Tetouan-Al Hoceima","Rabat-Sale-Kenitra","Souk L'Qolla","Sidi Mohamed Lahmar",1,0.0349127182044888
"6230","Tanger-Tetouan-Al Hoceima","Rabat-Sale-Kenitra","Souk L'Qolla","Sidi Yahya Zaer",1,0.0143391521197007
"6231","Tanger-Tetouan-Al Hoceima","Rabat-Sale-Kenitra","Souk L'Qolla","Zaggota",1,0.0498753117206983
"6232","Tanger-Tetouan-Al Hoceima","Rabat-Sale-Kenitra","Tetouan","Ain Attig",1,0.00748129675810474
"6233","Tanger-Tetouan-Al Hoceima","Rabat-Sale-Kenitra","Tetouan","El Kansera",1,0.0249376558603491
"6234","Tanger-Tetouan-Al Hoceima","Rabat-Sale-Kenitra","Tetouan","Sidi Yahya Zaer",1,0.0199501246882793
"6235","Tanger-Tetouan-Al Hoceima","Rabat-Sale-Kenitra","Zouada","Brachoua",1,0.0498753117206983
"6236","Tanger-Tetouan-Al Hoceima","Rabat-Sale-Kenitra","Zouada","Lalla Mimouna",1,0.00498753117206983
"6237","Tanger-Tetouan-Al Hoceima","Rabat-Sale-Kenitra","Zouada","Sidi Mohamed Lahmar",1,0.00249376558603491
"6238","Tanger-Tetouan-Al Hoceima","Rabat-Sale-Kenitra","Zouada","Sidi Yahya Zaer",1,0.00997506234413965
"6239","Tanger-Tetouan-Al Hoceima","Souss-Massa","Beni Boufrah","Igoudar Mnabha",1,0.00748129675810474
"6240","Tanger-Tetouan-Al Hoceima","Souss-Massa","Beni Boufrah","Ouad Essafa",1,0.00498753117206983
"6241","Tanger-Tetouan-Al Hoceima","Souss-Massa","Beni Boufrah","Ouled Teima",1,0.00623441396508728
"6242","Tanger-Tetouan-Al Hoceima","Souss-Massa","Beni Boufrah","Sidi Bibi",1,0.00498753117206983
"6243","Tanger-Tetouan-Al Hoceima","Souss-Massa","Bni Faghloum","Igoudar Mnabha",1,0.0149625935162095
"6244","Tanger-Tetouan-Al Hoceima","Souss-Massa","Bni Faghloum","Ouled Teima",1,0.00748129675810474
"6245","Tanger-Tetouan-Al Hoceima","Souss-Massa","Chefchaouen","Igoudar Mnabha",1,0.0224438902743142
"6246","Tanger-Tetouan-Al Hoceima","Souss-Massa","Chefchaouen","Ouled Teima",1,0.0199501246882793
"6247","Tanger-Tetouan-Al Hoceima","Souss-Massa","Chefchaouen","Sidi Bibi",1,0.00249376558603491
"6248","Tanger-Tetouan-Al Hoceima","Souss-Massa","Issaguen","Arazene",1,0.0124688279301746
"6249","Tanger-Tetouan-Al Hoceima","Souss-Massa","Issaguen","Ouad Essafa",1,0.00249376558603491
"6250","Tanger-Tetouan-Al Hoceima","Souss-Massa","Souk L'Qolla","Arazene",1,0.00374064837905237
"6251","Tanger-Tetouan-Al Hoceima","Souss-Massa","Souk L'Qolla","Igoudar Mnabha",1,0.0216126350789692
"6252","Tanger-Tetouan-Al Hoceima","Souss-Massa","Souk L'Qolla","Ouad Essafa",1,0.0162094763092269
"6253","Tanger-Tetouan-Al Hoceima","Souss-Massa","Souk L'Qolla","Ouled Teima",1,0.0112219451371571
"6254","Tanger-Tetouan-Al Hoceima","Souss-Massa","Souk L'Qolla","Sidi Bibi",1,0.0133000831255195
"6255","Tanger-Tetouan-Al Hoceima","Souss-Massa","Tetouan","Igoudar Mnabha",1,0.027431421446384
"6256","Tanger-Tetouan-Al Hoceima","Souss-Massa","Tetouan","Ouled Teima",1,0.0124688279301746
"6257","Tanger-Tetouan-Al Hoceima","Souss-Massa","Zouada","Arazene",1,0.0324189526184539
"6258","Tanger-Tetouan-Al Hoceima","Souss-Massa","Zouada","Sidi Bibi",1,0.00249376558603491
"6259","Tanger-Tetouan-Al Hoceima","Tanger-Tetouan-Al Hoceima","Beni Boufrah","Beni Boufrah",1,0.00249376558603491
"6260","Tanger-Tetouan-Al Hoceima","Tanger-Tetouan-Al Hoceima","Beni Boufrah","Bni Faghloum",1,0.0249376558603491
"6261","Tanger-Tetouan-Al Hoceima","Tanger-Tetouan-Al Hoceima","Beni Boufrah","Chefchaouen",1,0.00748129675810474
"6262","Tanger-Tetouan-Al Hoceima","Tanger-Tetouan-Al Hoceima","Beni Boufrah","Souk L'Qolla",3,0.0170407315045719
"6263","Tanger-Tetouan-Al Hoceima","Tanger-Tetouan-Al Hoceima","Beni Boufrah","Tetouan",1,0.0174563591022444
"6264","Tanger-Tetouan-Al Hoceima","Tanger-Tetouan-Al Hoceima","Beni Boufrah","Zouada",1,0.00249376558603491
"6265","Tanger-Tetouan-Al Hoceima","Tanger-Tetouan-Al Hoceima","Bni Faghloum","Beni Boufrah",2,0.00872817955112219
"6266","Tanger-Tetouan-Al Hoceima","Tanger-Tetouan-Al Hoceima","Bni Faghloum","Chefchaouen",1,0.0199501246882793
"6267","Tanger-Tetouan-Al Hoceima","Tanger-Tetouan-Al Hoceima","Bni Faghloum","Souk L'Qolla",4,0.0199501246882793
"6268","Tanger-Tetouan-Al Hoceima","Tanger-Tetouan-Al Hoceima","Bni Faghloum","Tetouan",1,0.0199501246882793
"6269","Tanger-Tetouan-Al Hoceima","Tanger-Tetouan-Al Hoceima","Chefchaouen","Beni Boufrah",2,0.00748129675810474
"6270","Tanger-Tetouan-Al Hoceima","Tanger-Tetouan-Al Hoceima","Chefchaouen","Bni Faghloum",1,0.0199501246882793
"6271","Tanger-Tetouan-Al Hoceima","Tanger-Tetouan-Al Hoceima","Chefchaouen","Souk L'Qolla",4,0.013715710723192
"6272","Tanger-Tetouan-Al Hoceima","Tanger-Tetouan-Al Hoceima","Chefchaouen","Tetouan",1,0.027431421446384
"6273","Tanger-Tetouan-Al Hoceima","Tanger-Tetouan-Al Hoceima","Issaguen","Issaguen",2.75,0.0266001662510391
"6274","Tanger-Tetouan-Al Hoceima","Tanger-Tetouan-Al Hoceima","Issaguen","Lamjaara",1,0.00997506234413965
"6275","Tanger-Tetouan-Al Hoceima","Tanger-Tetouan-Al Hoceima","Issaguen","Souk L'Qolla",1,0.0130922693266833
"6276","Tanger-Tetouan-Al Hoceima","Tanger-Tetouan-Al Hoceima","Issaguen","Zouada",1,0.00415627597672485
"6277","Tanger-Tetouan-Al Hoceima","Tanger-Tetouan-Al Hoceima","Moulay Ahmed Cherif","Ouazzane",1,0.239401496259352
"6278","Tanger-Tetouan-Al Hoceima","Tanger-Tetouan-Al Hoceima","Moulay Ahmed Cherif","Sidi Boutmim",1,0.00748129675810474
"6279","Tanger-Tetouan-Al Hoceima","Tanger-Tetouan-Al Hoceima","Ouazzane","Moulay Ahmed Cherif",1,0.0648379052369077
"6280","Tanger-Tetouan-Al Hoceima","Tanger-Tetouan-Al Hoceima","Ouazzane","Sidi Boutmim",1,0.027431421446384
"6281","Tanger-Tetouan-Al Hoceima","Tanger-Tetouan-Al Hoceima","Sidi Boutmim","Beni Boufrah",1,0.0149625935162095
"6282","Tanger-Tetouan-Al Hoceima","Tanger-Tetouan-Al Hoceima","Sidi Boutmim","Bni Faghloum",1,0.00498753117206983
"6283","Tanger-Tetouan-Al Hoceima","Tanger-Tetouan-Al Hoceima","Sidi Boutmim","Souk L'Qolla",2,0.00249376558603491
"6284","Tanger-Tetouan-Al Hoceima","Tanger-Tetouan-Al Hoceima","Souk L'Qolla","Beni Boufrah",1.25,0.00966334164588529
"6285","Tanger-Tetouan-Al Hoceima","Tanger-Tetouan-Al Hoceima","Souk L'Qolla","Bni Faghloum",1,0.00249376558603491
"6286","Tanger-Tetouan-Al Hoceima","Tanger-Tetouan-Al Hoceima","Souk L'Qolla","Chefchaouen",1,0.00498753117206983
"6287","Tanger-Tetouan-Al Hoceima","Tanger-Tetouan-Al Hoceima","Souk L'Qolla","Issaguen",1,0.00498753117206983
"6288","Tanger-Tetouan-Al Hoceima","Tanger-Tetouan-Al Hoceima","Souk L'Qolla","Lamjaara",1,0.0399002493765586
"6289","Tanger-Tetouan-Al Hoceima","Tanger-Tetouan-Al Hoceima","Souk L'Qolla","Souk L'Qolla",2.8,0.0125935162094763
"6290","Tanger-Tetouan-Al Hoceima","Tanger-Tetouan-Al Hoceima","Souk L'Qolla","Tetouan",1,0.00665004156275977
"6291","Tanger-Tetouan-Al Hoceima","Tanger-Tetouan-Al Hoceima","Souk L'Qolla","Zouada",1,0.00623441396508728
"6292","Tanger-Tetouan-Al Hoceima","Tanger-Tetouan-Al Hoceima","Tetouan","Beni Boufrah",1,0.0149625935162095
"6293","Tanger-Tetouan-Al Hoceima","Tanger-Tetouan-Al Hoceima","Tetouan","Bni Faghloum",1,0.0124688279301746
"6294","Tanger-Tetouan-Al Hoceima","Tanger-Tetouan-Al Hoceima","Tetouan","Chefchaouen",1,0.00997506234413965
"6295","Tanger-Tetouan-Al Hoceima","Tanger-Tetouan-Al Hoceima","Tetouan","Souk L'Qolla",4,0.0162094763092269
"6296","Tanger-Tetouan-Al Hoceima","Tanger-Tetouan-Al Hoceima","Zouada","Issaguen",4,0.0305486284289277
"6297","Tanger-Tetouan-Al Hoceima","Tanger-Tetouan-Al Hoceima","Zouada","Lamjaara",1,0.00249376558603491
"6298","Tanger-Tetouan-Al Hoceima","Tanger-Tetouan-Al Hoceima","Zouada","Souk L'Qolla",1,0.0124688279301746
